{"type": "FeatureCollection", "features": [{"type": "Feature", "geometry": {"type": "Point", "coordinates": [126.38, -4.47]}, "properties": {"magnitude": 6.0, "mag_category": "Major", "depth": 10.0, "depth_category": "Shallow", "date": "2008-11-28 00:00:00", "time": "03:33:16.553000", "region": "Banda Sea", "year": 2008, "month": 11}}, {"type": "Feature", "geometry": {"type": "Point", "coordinates": [103.96, -5.97]}, "properties": {"magnitude": 3.8, "mag_category": "Light", "depth": 12.0, "depth_category": "Shallow", "date": "2008-11-03 00:00:00", "time": "19:37:18.020000", "region": "Southern Sumatra - Indonesia", "year": 2008, "month": 11}}, {"type": "Feature", "geometry": {"type": "Point", "coordinates": [123.41, -0.26]}, "properties": {"magnitude": 4.7, "mag_category": "Moderate", "depth": 78.0, "depth_category": "Intermediate", "date": "2008-11-27 00:00:00", "time": "09:28:38.356000", "region": "Minahassa Peninsula - Sulawesi", "year": 2008, "month": 11}}, {"type": "Feature", "geometry": {"type": "Point", "coordinates": [121.28, -5.0]}, "properties": {"magnitude": 2.6, "mag_category": "Minor", "depth": 26.0, "depth_category": "Shallow", "date": "2008-11-07 00:00:00", "time": "01:14:15.212000", "region": "Sulawesi - Indonesia", "year": 2008, "month": 11}}, {"type": "Feature", "geometry": {"type": "Point", "coordinates": [116.38, -2.86]}, "properties": {"magnitude": 5.8, "mag_category": "Strong", "depth": 159.0, "depth_category": "Intermediate", "date": "2008-11-10 00:00:00", "time": "22:04:33.782000", "region": "Borneo", "year": 2008, "month": 11}}, {"type": "Feature", "geometry": {"type": "Point", "coordinates": [124.36, -4.32]}, "properties": {"magnitude": 4.3, "mag_category": "Moderate", "depth": 10.0, "depth_category": "Shallow", "date": "2008-12-20 00:00:00", "time": "17:25:14.687000", "region": "Banda Sea", "year": 2008, "month": 12}}, {"type": "Feature", "geometry": {"type": "Point", "coordinates": [123.58, 1.6]}, "properties": {"magnitude": 4.1, "mag_category": "Moderate", "depth": 111.0, "depth_category": "Intermediate", "date": "2008-11-02 00:00:00", "time": "06:06:45.283000", "region": "Minahassa Peninsula - Sulawesi", "year": 2008, "month": 11}}, {"type": "Feature", "geometry": {"type": "Point", "coordinates": [127.45, -4.43]}, "properties": {"magnitude": 3.2, "mag_category": "Light", "depth": 10.0, "depth_category": "Shallow", "date": "2008-11-01 00:00:00", "time": "06:50:52.220000", "region": "Banda Sea", "year": 2008, "month": 11}}, {"type": "Feature", "geometry": {"type": "Point", "coordinates": [119.89, -2.54]}, "properties": {"magnitude": 2.9, "mag_category": "Minor", "depth": 20.0, "depth_category": "Shallow", "date": "2008-11-06 00:00:00", "time": "03:05:24.867000", "region": "Sulawesi - Indonesia", "year": 2008, "month": 11}}, {"type": "Feature", "geometry": {"type": "Point", "coordinates": [129.0, -3.61]}, "properties": {"magnitude": 3.3, "mag_category": "Light", "depth": 76.0, "depth_category": "Intermediate", "date": "2008-11-08 00:00:00", "time": "17:24:00.021000", "region": "Seram - Indonesia", "year": 2008, "month": 11}}, {"type": "Feature", "geometry": {"type": "Point", "coordinates": [110.41, -9.2]}, "properties": {"magnitude": 4.1, "mag_category": "Moderate", "depth": 10.0, "depth_category": "Shallow", "date": "2008-12-06 00:00:00", "time": "04:22:30.528000", "region": "South of Java - Indonesia", "year": 2008, "month": 12}}, {"type": "Feature", "geometry": {"type": "Point", "coordinates": [128.35, -2.98]}, "properties": {"magnitude": 4.4, "mag_category": "Moderate", "depth": 5.0, "depth_category": "Shallow", "date": "2008-12-05 00:00:00", "time": "10:24:20.753000", "region": "Ceram Sea", "year": 2008, "month": 12}}, {"type": "Feature", "geometry": {"type": "Point", "coordinates": [98.96, 1.8]}, "properties": {"magnitude": 4.0, "mag_category": "Moderate", "depth": 5.0, "depth_category": "Shallow", "date": "2008-11-29 00:00:00", "time": "00:41:34.749000", "region": "Northern Sumatra - Indonesia", "year": 2008, "month": 11}}, {"type": "Feature", "geometry": {"type": "Point", "coordinates": [121.11, 1.11]}, "properties": {"magnitude": 3.9, "mag_category": "Light", "depth": 20.0, "depth_category": "Shallow", "date": "2008-11-06 00:00:00", "time": "16:14:34.453000", "region": "Minahassa Peninsula - Sulawesi", "year": 2008, "month": 11}}, {"type": "Feature", "geometry": {"type": "Point", "coordinates": [124.73, 2.29]}, "properties": {"magnitude": 5.1, "mag_category": "Strong", "depth": 650.0, "depth_category": "Deep", "date": "2008-11-23 00:00:00", "time": "08:01:24.185000", "region": "Celebes Sea", "year": 2008, "month": 11}}, {"type": "Feature", "geometry": {"type": "Point", "coordinates": [128.31, -3.91]}, "properties": {"magnitude": 3.0, "mag_category": "Light", "depth": 44.0, "depth_category": "Shallow", "date": "2008-12-09 00:00:00", "time": "18:54:36.479000", "region": "Seram - Indonesia", "year": 2008, "month": 12}}, {"type": "Feature", "geometry": {"type": "Point", "coordinates": [126.65, -7.25]}, "properties": {"magnitude": 4.9, "mag_category": "Moderate", "depth": 441.0, "depth_category": "Deep", "date": "2008-11-27 00:00:00", "time": "20:43:46.686000", "region": "Banda Sea", "year": 2008, "month": 11}}, {"type": "Feature", "geometry": {"type": "Point", "coordinates": [122.49, 0.46]}, "properties": {"magnitude": 4.1, "mag_category": "Moderate", "depth": 67.0, "depth_category": "Shallow", "date": "2008-11-27 00:00:00", "time": "01:48:06.931000", "region": "Minahassa Peninsula - Sulawesi", "year": 2008, "month": 11}}, {"type": "Feature", "geometry": {"type": "Point", "coordinates": [98.73, 1.84]}, "properties": {"magnitude": 4.7, "mag_category": "Moderate", "depth": 10.0, "depth_category": "Shallow", "date": "2008-11-30 00:00:00", "time": "21:19:13.677000", "region": "Northern Sumatra - Indonesia", "year": 2008, "month": 11}}, {"type": "Feature", "geometry": {"type": "Point", "coordinates": [127.78, -2.63]}, "properties": {"magnitude": 2.9, "mag_category": "Minor", "depth": 21.0, "depth_category": "Shallow", "date": "2008-11-03 00:00:00", "time": "03:18:12.920000", "region": "Ceram Sea", "year": 2008, "month": 11}}, {"type": "Feature", "geometry": {"type": "Point", "coordinates": [105.31, -7.37]}, "properties": {"magnitude": 3.3, "mag_category": "Light", "depth": 18.0, "depth_category": "Shallow", "date": "2008-11-01 00:00:00", "time": "14:47:00.029000", "region": "Java - Indonesia", "year": 2008, "month": 11}}, {"type": "Feature", "geometry": {"type": "Point", "coordinates": [121.98, 1.35]}, "properties": {"magnitude": 4.6, "mag_category": "Moderate", "depth": 10.0, "depth_category": "Shallow", "date": "2008-11-25 00:00:00", "time": "03:31:03.883000", "region": "Minahassa Peninsula - Sulawesi", "year": 2008, "month": 11}}, {"type": "Feature", "geometry": {"type": "Point", "coordinates": [109.79, -1.59]}, "properties": {"magnitude": 5.2, "mag_category": "Strong", "depth": 10.0, "depth_category": "Shallow", "date": "2008-11-21 00:00:00", "time": "04:27:30.170000", "region": "Borneo", "year": 2008, "month": 11}}, {"type": "Feature", "geometry": {"type": "Point", "coordinates": [128.69, -8.54]}, "properties": {"magnitude": 4.9, "mag_category": "Moderate", "depth": 10.0, "depth_category": "Shallow", "date": "2008-12-24 00:00:00", "time": "14:22:07.634000", "region": "Timor Sea", "year": 2008, "month": 12}}, {"type": "Feature", "geometry": {"type": "Point", "coordinates": [123.6, -7.21]}, "properties": {"magnitude": 4.7, "mag_category": "Moderate", "depth": 650.0, "depth_category": "Deep", "date": "2008-12-26 00:00:00", "time": "20:44:37.766000", "region": "Banda Sea", "year": 2008, "month": 12}}, {"type": "Feature", "geometry": {"type": "Point", "coordinates": [114.16, -2.95]}, "properties": {"magnitude": 4.6, "mag_category": "Moderate", "depth": 374.0, "depth_category": "Deep", "date": "2008-12-20 00:00:00", "time": "12:29:50.560000", "region": "Borneo", "year": 2008, "month": 12}}, {"type": "Feature", "geometry": {"type": "Point", "coordinates": [126.46, 3.56]}, "properties": {"magnitude": 4.6, "mag_category": "Moderate", "depth": 10.0, "depth_category": "Shallow", "date": "2008-11-15 00:00:00", "time": "13:28:07.953000", "region": "Talaud Islands - Indonesia", "year": 2008, "month": 11}}, {"type": "Feature", "geometry": {"type": "Point", "coordinates": [131.86, -6.44]}, "properties": {"magnitude": 5.0, "mag_category": "Strong", "depth": 47.0, "depth_category": "Shallow", "date": "2008-12-16 00:00:00", "time": "06:02:54.739000", "region": "Tanimbar Islands Reg. - Indonesia", "year": 2008, "month": 12}}, {"type": "Feature", "geometry": {"type": "Point", "coordinates": [126.08, 4.61]}, "properties": {"magnitude": 4.9, "mag_category": "Moderate", "depth": 146.0, "depth_category": "Intermediate", "date": "2008-11-07 00:00:00", "time": "07:39:38.593000", "region": "Talaud Islands - Indonesia", "year": 2008, "month": 11}}, {"type": "Feature", "geometry": {"type": "Point", "coordinates": [114.14, -6.48]}, "properties": {"magnitude": 3.9, "mag_category": "Light", "depth": 563.0, "depth_category": "Deep", "date": "2008-12-28 00:00:00", "time": "16:52:52.829000", "region": "Bali Sea", "year": 2008, "month": 12}}, {"type": "Feature", "geometry": {"type": "Point", "coordinates": [108.36, -6.42]}, "properties": {"magnitude": 4.0, "mag_category": "Moderate", "depth": 306.0, "depth_category": "Deep", "date": "2008-12-30 00:00:00", "time": "09:42:17.705000", "region": "Java - Indonesia", "year": 2008, "month": 12}}, {"type": "Feature", "geometry": {"type": "Point", "coordinates": [128.87, 2.62]}, "properties": {"magnitude": 4.5, "mag_category": "Moderate", "depth": 195.0, "depth_category": "Intermediate", "date": "2008-11-21 00:00:00", "time": "05:14:36.965000", "region": "Halmahera - Indonesia", "year": 2008, "month": 11}}, {"type": "Feature", "geometry": {"type": "Point", "coordinates": [130.76, -2.72]}, "properties": {"magnitude": 3.9, "mag_category": "Light", "depth": 20.0, "depth_category": "Shallow", "date": "2008-11-05 00:00:00", "time": "06:25:37.505000", "region": "Seram - Indonesia", "year": 2008, "month": 11}}, {"type": "Feature", "geometry": {"type": "Point", "coordinates": [127.82, 3.59]}, "properties": {"magnitude": 4.4, "mag_category": "Moderate", "depth": 100.0, "depth_category": "Intermediate", "date": "2008-12-16 00:00:00", "time": "04:09:42.188000", "region": "Talaud Islands - Indonesia", "year": 2008, "month": 12}}, {"type": "Feature", "geometry": {"type": "Point", "coordinates": [116.16, -4.83]}, "properties": {"magnitude": 4.7, "mag_category": "Moderate", "depth": 10.0, "depth_category": "Shallow", "date": "2008-12-24 00:00:00", "time": "09:21:55.240000", "region": "Java Sea", "year": 2008, "month": 12}}, {"type": "Feature", "geometry": {"type": "Point", "coordinates": [128.09, -6.86]}, "properties": {"magnitude": 5.2, "mag_category": "Strong", "depth": 294.0, "depth_category": "Intermediate", "date": "2008-12-23 00:00:00", "time": "13:28:42.669000", "region": "Banda Sea", "year": 2008, "month": 12}}, {"type": "Feature", "geometry": {"type": "Point", "coordinates": [129.97, -7.33]}, "properties": {"magnitude": 4.5, "mag_category": "Moderate", "depth": 10.0, "depth_category": "Shallow", "date": "2008-11-14 00:00:00", "time": "17:40:10.515000", "region": "Banda Sea", "year": 2008, "month": 11}}, {"type": "Feature", "geometry": {"type": "Point", "coordinates": [127.85, -3.3]}, "properties": {"magnitude": 3.2, "mag_category": "Light", "depth": 10.0, "depth_category": "Shallow", "date": "2008-11-01 00:00:00", "time": "16:24:14.755000", "region": "Seram - Indonesia", "year": 2008, "month": 11}}, {"type": "Feature", "geometry": {"type": "Point", "coordinates": [135.56, -2.72]}, "properties": {"magnitude": 4.7, "mag_category": "Moderate", "depth": 10.0, "depth_category": "Shallow", "date": "2008-12-21 00:00:00", "time": "05:16:18.861000", "region": "Irian Jaya Region - Indonesia", "year": 2008, "month": 12}}, {"type": "Feature", "geometry": {"type": "Point", "coordinates": [96.24, 2.38]}, "properties": {"magnitude": 5.0, "mag_category": "Strong", "depth": 10.0, "depth_category": "Shallow", "date": "2008-11-14 00:00:00", "time": "22:56:34.955000", "region": "Northern Sumatra - Indonesia", "year": 2008, "month": 11}}, {"type": "Feature", "geometry": {"type": "Point", "coordinates": [127.2, -3.32]}, "properties": {"magnitude": 5.0, "mag_category": "Strong", "depth": 72.0, "depth_category": "Intermediate", "date": "2008-12-09 00:00:00", "time": "16:07:00.955000", "region": "Seram - Indonesia", "year": 2008, "month": 12}}, {"type": "Feature", "geometry": {"type": "Point", "coordinates": [121.0, -7.25]}, "properties": {"magnitude": 4.5, "mag_category": "Moderate", "depth": 650.0, "depth_category": "Deep", "date": "2008-11-10 00:00:00", "time": "07:59:48.643000", "region": "Flores Sea", "year": 2008, "month": 11}}, {"type": "Feature", "geometry": {"type": "Point", "coordinates": [118.78, -8.16]}, "properties": {"magnitude": 3.9, "mag_category": "Light", "depth": 8.0, "depth_category": "Shallow", "date": "2008-11-08 00:00:00", "time": "11:24:33.197000", "region": "Sumbawa Region - Indonesia", "year": 2008, "month": 11}}, {"type": "Feature", "geometry": {"type": "Point", "coordinates": [128.64, -4.04]}, "properties": {"magnitude": 3.8, "mag_category": "Light", "depth": 14.0, "depth_category": "Shallow", "date": "2008-11-07 00:00:00", "time": "06:17:05.822000", "region": "Banda Sea", "year": 2008, "month": 11}}, {"type": "Feature", "geometry": {"type": "Point", "coordinates": [128.56, -2.22]}, "properties": {"magnitude": 3.2, "mag_category": "Light", "depth": 111.0, "depth_category": "Intermediate", "date": "2008-11-04 00:00:00", "time": "16:28:41.405000", "region": "Ceram Sea", "year": 2008, "month": 11}}, {"type": "Feature", "geometry": {"type": "Point", "coordinates": [103.64, -5.85]}, "properties": {"magnitude": 4.6, "mag_category": "Moderate", "depth": 30.0, "depth_category": "Shallow", "date": "2008-11-04 00:00:00", "time": "20:48:54.011000", "region": "Southern Sumatra - Indonesia", "year": 2008, "month": 11}}, {"type": "Feature", "geometry": {"type": "Point", "coordinates": [128.1, -4.2]}, "properties": {"magnitude": 2.4, "mag_category": "Minor", "depth": 5.0, "depth_category": "Shallow", "date": "2008-11-01 00:00:00", "time": "02:20:05.909000", "region": "Banda Sea", "year": 2008, "month": 11}}, {"type": "Feature", "geometry": {"type": "Point", "coordinates": [128.85, 2.9]}, "properties": {"magnitude": 4.4, "mag_category": "Moderate", "depth": 206.0, "depth_category": "Intermediate", "date": "2008-11-30 00:00:00", "time": "00:21:26.793000", "region": "Halmahera - Indonesia", "year": 2008, "month": 11}}, {"type": "Feature", "geometry": {"type": "Point", "coordinates": [101.01, -4.38]}, "properties": {"magnitude": 5.1, "mag_category": "Strong", "depth": 10.0, "depth_category": "Shallow", "date": "2008-12-30 00:00:00", "time": "20:32:42.166000", "region": "Southern Sumatra - Indonesia", "year": 2008, "month": 12}}, {"type": "Feature", "geometry": {"type": "Point", "coordinates": [112.08, 3.9]}, "properties": {"magnitude": 5.9, "mag_category": "Strong", "depth": 93.0, "depth_category": "Intermediate", "date": "2008-12-01 00:00:00", "time": "00:45:53.562000", "region": "South China Sea", "year": 2008, "month": 12}}, {"type": "Feature", "geometry": {"type": "Point", "coordinates": [103.53, -4.95]}, "properties": {"magnitude": 2.8, "mag_category": "Minor", "depth": 18.0, "depth_category": "Shallow", "date": "2008-11-02 00:00:00", "time": "06:14:15.323000", "region": "Southern Sumatra - Indonesia", "year": 2008, "month": 11}}, {"type": "Feature", "geometry": {"type": "Point", "coordinates": [128.73, -5.15]}, "properties": {"magnitude": 3.4, "mag_category": "Light", "depth": 270.0, "depth_category": "Intermediate", "date": "2008-11-07 00:00:00", "time": "11:32:44.802000", "region": "Banda Sea", "year": 2008, "month": 11}}, {"type": "Feature", "geometry": {"type": "Point", "coordinates": [98.4, 3.35]}, "properties": {"magnitude": 4.5, "mag_category": "Moderate", "depth": 319.0, "depth_category": "Deep", "date": "2008-12-07 00:00:00", "time": "23:51:17.765000", "region": "Northern Sumatra - Indonesia", "year": 2008, "month": 12}}, {"type": "Feature", "geometry": {"type": "Point", "coordinates": [107.98, -5.67]}, "properties": {"magnitude": 4.6, "mag_category": "Moderate", "depth": 403.0, "depth_category": "Deep", "date": "2008-11-11 00:00:00", "time": "04:17:54.755000", "region": "Java - Indonesia", "year": 2008, "month": 11}}, {"type": "Feature", "geometry": {"type": "Point", "coordinates": [129.61, -7.45]}, "properties": {"magnitude": 5.4, "mag_category": "Strong", "depth": 96.0, "depth_category": "Intermediate", "date": "2008-11-09 00:00:00", "time": "10:38:53.054000", "region": "Banda Sea", "year": 2008, "month": 11}}, {"type": "Feature", "geometry": {"type": "Point", "coordinates": [128.57, 1.8]}, "properties": {"magnitude": 4.9, "mag_category": "Moderate", "depth": 10.0, "depth_category": "Shallow", "date": "2008-11-14 00:00:00", "time": "03:08:14.483000", "region": "Halmahera - Indonesia", "year": 2008, "month": 11}}, {"type": "Feature", "geometry": {"type": "Point", "coordinates": [101.27, -4.11]}, "properties": {"magnitude": 5.8, "mag_category": "Strong", "depth": 41.0, "depth_category": "Shallow", "date": "2008-12-30 00:00:00", "time": "19:49:58.659000", "region": "Southern Sumatra - Indonesia", "year": 2008, "month": 12}}, {"type": "Feature", "geometry": {"type": "Point", "coordinates": [129.67, -7.07]}, "properties": {"magnitude": 4.8, "mag_category": "Moderate", "depth": 135.0, "depth_category": "Intermediate", "date": "2008-11-01 00:00:00", "time": "10:23:51.646000", "region": "Banda Sea", "year": 2008, "month": 11}}, {"type": "Feature", "geometry": {"type": "Point", "coordinates": [122.8, -0.08]}, "properties": {"magnitude": 4.5, "mag_category": "Moderate", "depth": 139.0, "depth_category": "Intermediate", "date": "2008-12-27 00:00:00", "time": "09:35:06.359000", "region": "Minahassa Peninsula - Sulawesi", "year": 2008, "month": 12}}, {"type": "Feature", "geometry": {"type": "Point", "coordinates": [99.61, -0.94]}, "properties": {"magnitude": 5.1, "mag_category": "Strong", "depth": 208.0, "depth_category": "Intermediate", "date": "2008-11-20 00:00:00", "time": "00:42:31.880000", "region": "Southern Sumatra - Indonesia", "year": 2008, "month": 11}}, {"type": "Feature", "geometry": {"type": "Point", "coordinates": [122.53, -0.01]}, "properties": {"magnitude": 4.7, "mag_category": "Moderate", "depth": 109.0, "depth_category": "Intermediate", "date": "2008-12-19 00:00:00", "time": "13:09:17.990000", "region": "Minahassa Peninsula - Sulawesi", "year": 2008, "month": 12}}, {"type": "Feature", "geometry": {"type": "Point", "coordinates": [127.6, 0.65]}, "properties": {"magnitude": 4.1, "mag_category": "Moderate", "depth": 10.0, "depth_category": "Shallow", "date": "2008-11-29 00:00:00", "time": "23:01:13.951000", "region": "Halmahera - Indonesia", "year": 2008, "month": 11}}, {"type": "Feature", "geometry": {"type": "Point", "coordinates": [109.75, 2.9]}, "properties": {"magnitude": 5.0, "mag_category": "Strong", "depth": 330.0, "depth_category": "Deep", "date": "2008-12-09 00:00:00", "time": "07:00:43.519000", "region": "South China Sea", "year": 2008, "month": 12}}, {"type": "Feature", "geometry": {"type": "Point", "coordinates": [129.84, -6.59]}, "properties": {"magnitude": 4.2, "mag_category": "Moderate", "depth": 10.0, "depth_category": "Shallow", "date": "2008-12-09 00:00:00", "time": "15:20:02.429000", "region": "Banda Sea", "year": 2008, "month": 12}}, {"type": "Feature", "geometry": {"type": "Point", "coordinates": [121.59, -0.34]}, "properties": {"magnitude": 4.2, "mag_category": "Moderate", "depth": 589.0, "depth_category": "Deep", "date": "2008-12-07 00:00:00", "time": "13:46:15.570000", "region": "Minahassa Peninsula - Sulawesi", "year": 2008, "month": 12}}, {"type": "Feature", "geometry": {"type": "Point", "coordinates": [108.16, -7.85]}, "properties": {"magnitude": 3.8, "mag_category": "Light", "depth": 156.0, "depth_category": "Intermediate", "date": "2008-11-25 00:00:00", "time": "07:01:11.300000", "region": "Java - Indonesia", "year": 2008, "month": 11}}, {"type": "Feature", "geometry": {"type": "Point", "coordinates": [130.13, -6.42]}, "properties": {"magnitude": 4.6, "mag_category": "Moderate", "depth": 104.0, "depth_category": "Intermediate", "date": "2008-11-10 00:00:00", "time": "18:58:34.996000", "region": "Banda Sea", "year": 2008, "month": 11}}, {"type": "Feature", "geometry": {"type": "Point", "coordinates": [113.26, -3.77]}, "properties": {"magnitude": 6.4, "mag_category": "Major", "depth": 10.0, "depth_category": "Shallow", "date": "2008-11-25 00:00:00", "time": "14:12:08.517000", "region": "Borneo", "year": 2008, "month": 11}}, {"type": "Feature", "geometry": {"type": "Point", "coordinates": [127.97, -7.24]}, "properties": {"magnitude": 5.0, "mag_category": "Strong", "depth": 30.0, "depth_category": "Shallow", "date": "2008-11-07 00:00:00", "time": "09:18:10.776000", "region": "Banda Sea", "year": 2008, "month": 11}}, {"type": "Feature", "geometry": {"type": "Point", "coordinates": [125.58, 1.1]}, "properties": {"magnitude": 5.6, "mag_category": "Strong", "depth": 650.0, "depth_category": "Deep", "date": "2008-11-24 00:00:00", "time": "09:10:49.164000", "region": "Northern Molucca Sea", "year": 2008, "month": 11}}, {"type": "Feature", "geometry": {"type": "Point", "coordinates": [125.66, 5.74]}, "properties": {"magnitude": 6.4, "mag_category": "Major", "depth": 211.0, "depth_category": "Intermediate", "date": "2008-12-25 00:00:00", "time": "03:20:30.505000", "region": "Mindanao - Philippines", "year": 2008, "month": 12}}, {"type": "Feature", "geometry": {"type": "Point", "coordinates": [130.83, -4.56]}, "properties": {"magnitude": 3.7, "mag_category": "Light", "depth": 10.0, "depth_category": "Shallow", "date": "2008-12-25 00:00:00", "time": "07:05:57.725000", "region": "Banda Sea", "year": 2008, "month": 12}}, {"type": "Feature", "geometry": {"type": "Point", "coordinates": [139.76, -2.83]}, "properties": {"magnitude": 4.5, "mag_category": "Moderate", "depth": 87.0, "depth_category": "Intermediate", "date": "2008-12-07 00:00:00", "time": "05:41:53.554000", "region": "Near North Coast of Irian Jaya", "year": 2008, "month": 12}}, {"type": "Feature", "geometry": {"type": "Point", "coordinates": [127.0, -6.94]}, "properties": {"magnitude": 5.1, "mag_category": "Strong", "depth": 378.0, "depth_category": "Deep", "date": "2008-11-14 00:00:00", "time": "10:26:32.980000", "region": "Banda Sea", "year": 2008, "month": 11}}, {"type": "Feature", "geometry": {"type": "Point", "coordinates": [101.13, -4.46]}, "properties": {"magnitude": 6.4, "mag_category": "Major", "depth": 5.0, "depth_category": "Shallow", "date": "2008-11-22 00:00:00", "time": "16:01:00.895000", "region": "Southern Sumatra - Indonesia", "year": 2008, "month": 11}}, {"type": "Feature", "geometry": {"type": "Point", "coordinates": [128.96, -8.84]}, "properties": {"magnitude": 4.8, "mag_category": "Moderate", "depth": 10.0, "depth_category": "Shallow", "date": "2008-12-08 00:00:00", "time": "10:20:35.738000", "region": "Timor Sea", "year": 2008, "month": 12}}, {"type": "Feature", "geometry": {"type": "Point", "coordinates": [103.64, -6.06]}, "properties": {"magnitude": 4.9, "mag_category": "Moderate", "depth": 207.0, "depth_category": "Intermediate", "date": "2008-12-15 00:00:00", "time": "10:29:28.030000", "region": "Southwest of Sumatra - Indonesia", "year": 2008, "month": 12}}, {"type": "Feature", "geometry": {"type": "Point", "coordinates": [115.62, -5.91]}, "properties": {"magnitude": 4.4, "mag_category": "Moderate", "depth": 10.0, "depth_category": "Shallow", "date": "2008-12-09 00:00:00", "time": "05:43:20.299000", "region": "Java Sea", "year": 2008, "month": 12}}, {"type": "Feature", "geometry": {"type": "Point", "coordinates": [99.82, -2.37]}, "properties": {"magnitude": 5.0, "mag_category": "Strong", "depth": 58.0, "depth_category": "Shallow", "date": "2008-11-06 00:00:00", "time": "18:37:12.230000", "region": "Southern Sumatra - Indonesia", "year": 2008, "month": 11}}, {"type": "Feature", "geometry": {"type": "Point", "coordinates": [102.06, -4.24]}, "properties": {"magnitude": 5.2, "mag_category": "Strong", "depth": 48.0, "depth_category": "Shallow", "date": "2008-11-11 00:00:00", "time": "01:46:13.969000", "region": "Southern Sumatra - Indonesia", "year": 2008, "month": 11}}, {"type": "Feature", "geometry": {"type": "Point", "coordinates": [98.55, 0.1]}, "properties": {"magnitude": 4.7, "mag_category": "Moderate", "depth": 12.0, "depth_category": "Shallow", "date": "2008-11-01 00:00:00", "time": "13:04:38.742000", "region": "Northern Sumatra - Indonesia", "year": 2008, "month": 11}}, {"type": "Feature", "geometry": {"type": "Point", "coordinates": [115.12, -1.64]}, "properties": {"magnitude": 4.8, "mag_category": "Moderate", "depth": 10.0, "depth_category": "Shallow", "date": "2008-12-04 00:00:00", "time": "17:05:07.909000", "region": "Borneo", "year": 2008, "month": 12}}, {"type": "Feature", "geometry": {"type": "Point", "coordinates": [97.05, 1.3]}, "properties": {"magnitude": 4.3, "mag_category": "Moderate", "depth": 53.0, "depth_category": "Shallow", "date": "2008-11-03 00:00:00", "time": "20:35:50.855000", "region": "Northern Sumatra - Indonesia", "year": 2008, "month": 11}}, {"type": "Feature", "geometry": {"type": "Point", "coordinates": [112.1, -9.11]}, "properties": {"magnitude": 3.1, "mag_category": "Light", "depth": 39.0, "depth_category": "Shallow", "date": "2008-11-02 00:00:00", "time": "10:25:11.712000", "region": "South of Java - Indonesia", "year": 2008, "month": 11}}, {"type": "Feature", "geometry": {"type": "Point", "coordinates": [122.25, 1.43]}, "properties": {"magnitude": 4.2, "mag_category": "Moderate", "depth": 15.0, "depth_category": "Shallow", "date": "2008-12-21 00:00:00", "time": "19:27:57.578000", "region": "Minahassa Peninsula - Sulawesi", "year": 2008, "month": 12}}, {"type": "Feature", "geometry": {"type": "Point", "coordinates": [107.92, -8.46]}, "properties": {"magnitude": 4.1, "mag_category": "Moderate", "depth": 26.0, "depth_category": "Shallow", "date": "2008-11-05 00:00:00", "time": "11:31:48.460000", "region": "Java - Indonesia", "year": 2008, "month": 11}}, {"type": "Feature", "geometry": {"type": "Point", "coordinates": [110.49, -7.92]}, "properties": {"magnitude": 5.8, "mag_category": "Strong", "depth": 10.0, "depth_category": "Shallow", "date": "2008-12-18 00:00:00", "time": "21:18:32.908000", "region": "Java - Indonesia", "year": 2008, "month": 12}}, {"type": "Feature", "geometry": {"type": "Point", "coordinates": [139.52, -2.72]}, "properties": {"magnitude": 5.0, "mag_category": "Strong", "depth": 46.0, "depth_category": "Shallow", "date": "2008-12-22 00:00:00", "time": "02:23:00.459000", "region": "Near North Coast of Irian Jaya", "year": 2008, "month": 12}}, {"type": "Feature", "geometry": {"type": "Point", "coordinates": [130.22, -5.76]}, "properties": {"magnitude": 4.4, "mag_category": "Moderate", "depth": 50.0, "depth_category": "Shallow", "date": "2008-12-27 00:00:00", "time": "04:34:48.989000", "region": "Banda Sea", "year": 2008, "month": 12}}, {"type": "Feature", "geometry": {"type": "Point", "coordinates": [101.43, -4.17]}, "properties": {"magnitude": 6.2, "mag_category": "Major", "depth": 10.0, "depth_category": "Shallow", "date": "2008-11-22 00:00:00", "time": "16:11:54.420000", "region": "Southern Sumatra - Indonesia", "year": 2008, "month": 11}}, {"type": "Feature", "geometry": {"type": "Point", "coordinates": [121.21, -1.44]}, "properties": {"magnitude": 3.6, "mag_category": "Light", "depth": 10.0, "depth_category": "Shallow", "date": "2008-12-19 00:00:00", "time": "05:57:41.594000", "region": "Sulawesi - Indonesia", "year": 2008, "month": 12}}, {"type": "Feature", "geometry": {"type": "Point", "coordinates": [126.6, 4.82]}, "properties": {"magnitude": 6.5, "mag_category": "Major", "depth": 382.0, "depth_category": "Deep", "date": "2008-12-20 00:00:00", "time": "21:32:20.729000", "region": "Talaud Islands - Indonesia", "year": 2008, "month": 12}}, {"type": "Feature", "geometry": {"type": "Point", "coordinates": [100.81, -2.47]}, "properties": {"magnitude": 4.2, "mag_category": "Moderate", "depth": 10.0, "depth_category": "Shallow", "date": "2008-11-22 00:00:00", "time": "13:39:08.645000", "region": "Southern Sumatra - Indonesia", "year": 2008, "month": 11}}, {"type": "Feature", "geometry": {"type": "Point", "coordinates": [126.26, 0.65]}, "properties": {"magnitude": 4.9, "mag_category": "Moderate", "depth": 10.0, "depth_category": "Shallow", "date": "2008-12-27 00:00:00", "time": "09:58:10.485000", "region": "Northern Molucca Sea", "year": 2008, "month": 12}}, {"type": "Feature", "geometry": {"type": "Point", "coordinates": [123.3, -0.72]}, "properties": {"magnitude": 4.0, "mag_category": "Moderate", "depth": 20.0, "depth_category": "Shallow", "date": "2008-11-10 00:00:00", "time": "10:48:08.327000", "region": "Minahassa Peninsula - Sulawesi", "year": 2008, "month": 11}}, {"type": "Feature", "geometry": {"type": "Point", "coordinates": [119.73, -2.92]}, "properties": {"magnitude": 3.5, "mag_category": "Light", "depth": 5.0, "depth_category": "Shallow", "date": "2008-12-07 00:00:00", "time": "08:05:07.658000", "region": "Sulawesi - Indonesia", "year": 2008, "month": 12}}, {"type": "Feature", "geometry": {"type": "Point", "coordinates": [103.3, -6.67]}, "properties": {"magnitude": 3.6, "mag_category": "Light", "depth": 30.0, "depth_category": "Shallow", "date": "2008-11-07 00:00:00", "time": "20:57:21.143000", "region": "Southwest of Sumatra - Indonesia", "year": 2008, "month": 11}}, {"type": "Feature", "geometry": {"type": "Point", "coordinates": [126.29, 5.24]}, "properties": {"magnitude": 4.9, "mag_category": "Moderate", "depth": 94.0, "depth_category": "Intermediate", "date": "2008-11-18 00:00:00", "time": "08:37:44.482000", "region": "Mindanao - Philippines", "year": 2008, "month": 11}}, {"type": "Feature", "geometry": {"type": "Point", "coordinates": [127.99, -3.65]}, "properties": {"magnitude": 3.5, "mag_category": "Light", "depth": 5.0, "depth_category": "Shallow", "date": "2008-11-01 00:00:00", "time": "01:38:14.802000", "region": "Seram - Indonesia", "year": 2008, "month": 11}}, {"type": "Feature", "geometry": {"type": "Point", "coordinates": [122.97, 4.04]}, "properties": {"magnitude": 4.6, "mag_category": "Moderate", "depth": 612.0, "depth_category": "Deep", "date": "2008-11-30 00:00:00", "time": "00:43:40.733000", "region": "Celebes Sea", "year": 2008, "month": 11}}, {"type": "Feature", "geometry": {"type": "Point", "coordinates": [119.97, -1.34]}, "properties": {"magnitude": 3.8, "mag_category": "Light", "depth": 10.0, "depth_category": "Shallow", "date": "2008-12-30 00:00:00", "time": "01:54:36.887000", "region": "Sulawesi - Indonesia", "year": 2008, "month": 12}}, {"type": "Feature", "geometry": {"type": "Point", "coordinates": [129.39, -6.61]}, "properties": {"magnitude": 5.5, "mag_category": "Strong", "depth": 30.0, "depth_category": "Shallow", "date": "2008-11-01 00:00:00", "time": "01:34:29.660000", "region": "Banda Sea", "year": 2008, "month": 11}}, {"type": "Feature", "geometry": {"type": "Point", "coordinates": [95.62, 0.21]}, "properties": {"magnitude": 4.7, "mag_category": "Moderate", "depth": 10.0, "depth_category": "Shallow", "date": "2008-12-27 00:00:00", "time": "15:07:22.274000", "region": "Off West Coast of Northern Sumatra", "year": 2008, "month": 12}}, {"type": "Feature", "geometry": {"type": "Point", "coordinates": [129.25, 0.53]}, "properties": {"magnitude": 3.6, "mag_category": "Light", "depth": 22.0, "depth_category": "Shallow", "date": "2008-11-09 00:00:00", "time": "06:51:58.740000", "region": "Halmahera - Indonesia", "year": 2008, "month": 11}}, {"type": "Feature", "geometry": {"type": "Point", "coordinates": [106.15, -6.02]}, "properties": {"magnitude": 3.6, "mag_category": "Light", "depth": 94.0, "depth_category": "Intermediate", "date": "2008-11-08 00:00:00", "time": "23:57:30.450000", "region": "Java - Indonesia", "year": 2008, "month": 11}}, {"type": "Feature", "geometry": {"type": "Point", "coordinates": [120.11, -7.63]}, "properties": {"magnitude": 4.9, "mag_category": "Moderate", "depth": 10.0, "depth_category": "Shallow", "date": "2008-12-17 00:00:00", "time": "00:55:25.211000", "region": "Flores Sea", "year": 2008, "month": 12}}, {"type": "Feature", "geometry": {"type": "Point", "coordinates": [102.89, -2.9]}, "properties": {"magnitude": 4.2, "mag_category": "Moderate", "depth": 10.0, "depth_category": "Shallow", "date": "2008-12-01 00:00:00", "time": "03:39:38.682000", "region": "Southern Sumatra - Indonesia", "year": 2008, "month": 12}}, {"type": "Feature", "geometry": {"type": "Point", "coordinates": [128.27, -3.53]}, "properties": {"magnitude": 2.1, "mag_category": "Minor", "depth": 10.0, "depth_category": "Shallow", "date": "2008-11-07 00:00:00", "time": "11:36:16.892000", "region": "Seram - Indonesia", "year": 2008, "month": 11}}, {"type": "Feature", "geometry": {"type": "Point", "coordinates": [130.51, -6.65]}, "properties": {"magnitude": 5.0, "mag_category": "Strong", "depth": 82.0, "depth_category": "Intermediate", "date": "2008-11-10 00:00:00", "time": "17:15:14.326000", "region": "Banda Sea", "year": 2008, "month": 11}}, {"type": "Feature", "geometry": {"type": "Point", "coordinates": [127.38, -3.76]}, "properties": {"magnitude": 2.9, "mag_category": "Minor", "depth": 10.0, "depth_category": "Shallow", "date": "2008-11-01 00:00:00", "time": "03:24:09.020000", "region": "Seram - Indonesia", "year": 2008, "month": 11}}, {"type": "Feature", "geometry": {"type": "Point", "coordinates": [127.45, -3.94]}, "properties": {"magnitude": 2.6, "mag_category": "Minor", "depth": 9.0, "depth_category": "Shallow", "date": "2008-11-01 00:00:00", "time": "06:42:18.915000", "region": "Seram - Indonesia", "year": 2008, "month": 11}}, {"type": "Feature", "geometry": {"type": "Point", "coordinates": [124.27, 3.25]}, "properties": {"magnitude": 5.4, "mag_category": "Strong", "depth": 450.0, "depth_category": "Deep", "date": "2008-11-29 00:00:00", "time": "06:06:12.347000", "region": "Celebes Sea", "year": 2008, "month": 11}}, {"type": "Feature", "geometry": {"type": "Point", "coordinates": [126.99, 3.9]}, "properties": {"magnitude": 4.8, "mag_category": "Moderate", "depth": 69.0, "depth_category": "Shallow", "date": "2008-11-18 00:00:00", "time": "17:55:11.082000", "region": "Talaud Islands - Indonesia", "year": 2008, "month": 11}}, {"type": "Feature", "geometry": {"type": "Point", "coordinates": [127.72, -3.46]}, "properties": {"magnitude": 2.3, "mag_category": "Minor", "depth": 10.0, "depth_category": "Shallow", "date": "2008-11-10 00:00:00", "time": "15:56:14.063000", "region": "Seram - Indonesia", "year": 2008, "month": 11}}, {"type": "Feature", "geometry": {"type": "Point", "coordinates": [129.88, -6.82]}, "properties": {"magnitude": 4.5, "mag_category": "Moderate", "depth": 127.0, "depth_category": "Intermediate", "date": "2008-11-07 00:00:00", "time": "17:45:55.636000", "region": "Banda Sea", "year": 2008, "month": 11}}, {"type": "Feature", "geometry": {"type": "Point", "coordinates": [119.98, -7.32]}, "properties": {"magnitude": 4.8, "mag_category": "Moderate", "depth": 567.0, "depth_category": "Deep", "date": "2008-12-17 00:00:00", "time": "00:53:48.338000", "region": "Flores Sea", "year": 2008, "month": 12}}, {"type": "Feature", "geometry": {"type": "Point", "coordinates": [117.73, -7.96]}, "properties": {"magnitude": 4.1, "mag_category": "Moderate", "depth": 5.0, "depth_category": "Shallow", "date": "2008-11-03 00:00:00", "time": "10:38:02.800000", "region": "Bali Sea", "year": 2008, "month": 11}}, {"type": "Feature", "geometry": {"type": "Point", "coordinates": [128.2, -4.09]}, "properties": {"magnitude": 2.4, "mag_category": "Minor", "depth": 10.0, "depth_category": "Shallow", "date": "2008-11-01 00:00:00", "time": "02:32:18.756000", "region": "Banda Sea", "year": 2008, "month": 11}}, {"type": "Feature", "geometry": {"type": "Point", "coordinates": [127.89, -2.08]}, "properties": {"magnitude": 3.2, "mag_category": "Light", "depth": 45.0, "depth_category": "Shallow", "date": "2008-11-05 00:00:00", "time": "16:49:53.797000", "region": "Ceram Sea", "year": 2008, "month": 11}}, {"type": "Feature", "geometry": {"type": "Point", "coordinates": [108.12, -9.37]}, "properties": {"magnitude": 3.9, "mag_category": "Light", "depth": 354.0, "depth_category": "Deep", "date": "2008-11-27 00:00:00", "time": "17:40:36.831000", "region": "South of Java - Indonesia", "year": 2008, "month": 11}}, {"type": "Feature", "geometry": {"type": "Point", "coordinates": [120.62, 0.17]}, "properties": {"magnitude": 4.5, "mag_category": "Moderate", "depth": 650.0, "depth_category": "Deep", "date": "2008-12-25 00:00:00", "time": "22:49:14.908000", "region": "Minahassa Peninsula - Sulawesi", "year": 2008, "month": 12}}, {"type": "Feature", "geometry": {"type": "Point", "coordinates": [107.01, -8.37]}, "properties": {"magnitude": 4.3, "mag_category": "Moderate", "depth": 15.0, "depth_category": "Shallow", "date": "2008-11-07 00:00:00", "time": "18:19:51.100000", "region": "Java - Indonesia", "year": 2008, "month": 11}}, {"type": "Feature", "geometry": {"type": "Point", "coordinates": [105.4, -6.11]}, "properties": {"magnitude": 5.2, "mag_category": "Strong", "depth": 143.0, "depth_category": "Intermediate", "date": "2008-11-14 00:00:00", "time": "00:27:31.931000", "region": "Sunda Strait - Indonesia", "year": 2008, "month": 11}}, {"type": "Feature", "geometry": {"type": "Point", "coordinates": [124.74, -7.56]}, "properties": {"magnitude": 6.3, "mag_category": "Major", "depth": 404.0, "depth_category": "Deep", "date": "2008-12-06 00:00:00", "time": "10:55:26.662000", "region": "Banda Sea", "year": 2008, "month": 12}}, {"type": "Feature", "geometry": {"type": "Point", "coordinates": [129.78, -6.62]}, "properties": {"magnitude": 4.7, "mag_category": "Moderate", "depth": 103.0, "depth_category": "Intermediate", "date": "2008-11-07 00:00:00", "time": "16:47:04.360000", "region": "Banda Sea", "year": 2008, "month": 11}}, {"type": "Feature", "geometry": {"type": "Point", "coordinates": [97.61, 1.62]}, "properties": {"magnitude": 4.1, "mag_category": "Moderate", "depth": 27.0, "depth_category": "Shallow", "date": "2008-11-03 00:00:00", "time": "20:20:28.118000", "region": "Northern Sumatra - Indonesia", "year": 2008, "month": 11}}, {"type": "Feature", "geometry": {"type": "Point", "coordinates": [95.59, 2.85]}, "properties": {"magnitude": 4.3, "mag_category": "Moderate", "depth": 10.0, "depth_category": "Shallow", "date": "2008-12-05 00:00:00", "time": "13:51:48.072000", "region": "Off West Coast of Northern Sumatra", "year": 2008, "month": 12}}, {"type": "Feature", "geometry": {"type": "Point", "coordinates": [106.9, -7.8]}, "properties": {"magnitude": 4.3, "mag_category": "Moderate", "depth": 21.0, "depth_category": "Shallow", "date": "2008-11-27 00:00:00", "time": "03:58:45.564000", "region": "Java - Indonesia", "year": 2008, "month": 11}}, {"type": "Feature", "geometry": {"type": "Point", "coordinates": [111.24, 5.48]}, "properties": {"magnitude": 4.8, "mag_category": "Moderate", "depth": 510.0, "depth_category": "Deep", "date": "2008-12-18 00:00:00", "time": "22:07:26.236000", "region": "South China Sea", "year": 2008, "month": 12}}, {"type": "Feature", "geometry": {"type": "Point", "coordinates": [130.14, -5.84]}, "properties": {"magnitude": 5.0, "mag_category": "Strong", "depth": 119.0, "depth_category": "Intermediate", "date": "2008-12-09 00:00:00", "time": "17:34:59.546000", "region": "Banda Sea", "year": 2008, "month": 12}}, {"type": "Feature", "geometry": {"type": "Point", "coordinates": [109.06, -7.12]}, "properties": {"magnitude": 4.6, "mag_category": "Moderate", "depth": 224.0, "depth_category": "Intermediate", "date": "2008-11-18 00:00:00", "time": "11:06:56.689000", "region": "Java - Indonesia", "year": 2008, "month": 11}}, {"type": "Feature", "geometry": {"type": "Point", "coordinates": [107.73, 3.94]}, "properties": {"magnitude": 6.3, "mag_category": "Major", "depth": 10.0, "depth_category": "Shallow", "date": "2008-12-09 00:00:00", "time": "04:46:02.385000", "region": "South China Sea", "year": 2008, "month": 12}}, {"type": "Feature", "geometry": {"type": "Point", "coordinates": [102.7, -5.55]}, "properties": {"magnitude": 3.5, "mag_category": "Light", "depth": 29.0, "depth_category": "Shallow", "date": "2008-11-08 00:00:00", "time": "05:11:10.158000", "region": "Southern Sumatra - Indonesia", "year": 2008, "month": 11}}, {"type": "Feature", "geometry": {"type": "Point", "coordinates": [102.25, -4.44]}, "properties": {"magnitude": 4.8, "mag_category": "Moderate", "depth": 10.0, "depth_category": "Shallow", "date": "2008-12-20 00:00:00", "time": "00:02:53.275000", "region": "Southern Sumatra - Indonesia", "year": 2008, "month": 12}}, {"type": "Feature", "geometry": {"type": "Point", "coordinates": [107.85, -8.49]}, "properties": {"magnitude": 4.3, "mag_category": "Moderate", "depth": 10.0, "depth_category": "Shallow", "date": "2008-12-01 00:00:00", "time": "14:20:23.066000", "region": "Java - Indonesia", "year": 2008, "month": 12}}, {"type": "Feature", "geometry": {"type": "Point", "coordinates": [120.22, -8.02]}, "properties": {"magnitude": 4.3, "mag_category": "Moderate", "depth": 23.0, "depth_category": "Shallow", "date": "2008-12-21 00:00:00", "time": "20:45:27.378000", "region": "Flores Region - Indonesia", "year": 2008, "month": 12}}, {"type": "Feature", "geometry": {"type": "Point", "coordinates": [126.98, 1.25]}, "properties": {"magnitude": 5.1, "mag_category": "Strong", "depth": 64.0, "depth_category": "Shallow", "date": "2008-12-09 00:00:00", "time": "05:33:16.822000", "region": "Northern Molucca Sea", "year": 2008, "month": 12}}, {"type": "Feature", "geometry": {"type": "Point", "coordinates": [126.75, 1.24]}, "properties": {"magnitude": 4.8, "mag_category": "Moderate", "depth": 10.0, "depth_category": "Shallow", "date": "2008-12-09 00:00:00", "time": "05:40:25.461000", "region": "Northern Molucca Sea", "year": 2008, "month": 12}}, {"type": "Feature", "geometry": {"type": "Point", "coordinates": [101.1, -4.73]}, "properties": {"magnitude": 4.9, "mag_category": "Moderate", "depth": 10.0, "depth_category": "Shallow", "date": "2008-11-22 00:00:00", "time": "22:05:56.978000", "region": "Southern Sumatra - Indonesia", "year": 2008, "month": 11}}, {"type": "Feature", "geometry": {"type": "Point", "coordinates": [115.21, -0.13]}, "properties": {"magnitude": 5.5, "mag_category": "Strong", "depth": 10.0, "depth_category": "Shallow", "date": "2008-12-06 00:00:00", "time": "04:18:31.622000", "region": "Borneo", "year": 2008, "month": 12}}, {"type": "Feature", "geometry": {"type": "Point", "coordinates": [115.99, -5.0]}, "properties": {"magnitude": 4.9, "mag_category": "Moderate", "depth": 551.0, "depth_category": "Deep", "date": "2008-11-24 00:00:00", "time": "09:39:16.510000", "region": "Java Sea", "year": 2008, "month": 11}}, {"type": "Feature", "geometry": {"type": "Point", "coordinates": [110.46, -9.13]}, "properties": {"magnitude": 4.0, "mag_category": "Moderate", "depth": 10.0, "depth_category": "Shallow", "date": "2008-12-06 00:00:00", "time": "04:35:02.847000", "region": "South of Java - Indonesia", "year": 2008, "month": 12}}, {"type": "Feature", "geometry": {"type": "Point", "coordinates": [125.19, -0.16]}, "properties": {"magnitude": 4.2, "mag_category": "Moderate", "depth": 10.0, "depth_category": "Shallow", "date": "2008-11-19 00:00:00", "time": "15:10:51.393000", "region": "Southern Molucca Sea", "year": 2008, "month": 11}}, {"type": "Feature", "geometry": {"type": "Point", "coordinates": [126.29, -3.26]}, "properties": {"magnitude": 3.6, "mag_category": "Light", "depth": 43.0, "depth_category": "Shallow", "date": "2008-11-03 00:00:00", "time": "10:21:52.727000", "region": "Buru - Indonesia", "year": 2008, "month": 11}}, {"type": "Feature", "geometry": {"type": "Point", "coordinates": [125.55, -10.1]}, "properties": {"magnitude": 4.2, "mag_category": "Moderate", "depth": 100.0, "depth_category": "Intermediate", "date": "2008-12-17 00:00:00", "time": "02:53:14.341000", "region": "Timor Sea", "year": 2008, "month": 12}}, {"type": "Feature", "geometry": {"type": "Point", "coordinates": [123.09, -0.06]}, "properties": {"magnitude": 3.7, "mag_category": "Light", "depth": 132.0, "depth_category": "Intermediate", "date": "2008-12-30 00:00:00", "time": "04:36:58.829000", "region": "Minahassa Peninsula - Sulawesi", "year": 2008, "month": 12}}, {"type": "Feature", "geometry": {"type": "Point", "coordinates": [100.18, 1.26]}, "properties": {"magnitude": 4.0, "mag_category": "Moderate", "depth": 10.0, "depth_category": "Shallow", "date": "2008-11-24 00:00:00", "time": "04:19:14.600000", "region": "Northern Sumatra - Indonesia", "year": 2008, "month": 11}}, {"type": "Feature", "geometry": {"type": "Point", "coordinates": [100.29, -3.39]}, "properties": {"magnitude": 4.5, "mag_category": "Moderate", "depth": 10.0, "depth_category": "Shallow", "date": "2008-11-14 00:00:00", "time": "22:07:59.358000", "region": "Southern Sumatra - Indonesia", "year": 2008, "month": 11}}, {"type": "Feature", "geometry": {"type": "Point", "coordinates": [136.64, -1.06]}, "properties": {"magnitude": 4.2, "mag_category": "Moderate", "depth": 10.0, "depth_category": "Shallow", "date": "2008-12-17 00:00:00", "time": "03:43:32.211000", "region": "Irian Jaya Region - Indonesia", "year": 2008, "month": 12}}, {"type": "Feature", "geometry": {"type": "Point", "coordinates": [110.73, -8.43]}, "properties": {"magnitude": 3.3, "mag_category": "Light", "depth": 10.0, "depth_category": "Shallow", "date": "2008-11-14 00:00:00", "time": "00:58:43.688000", "region": "Java - Indonesia", "year": 2008, "month": 11}}, {"type": "Feature", "geometry": {"type": "Point", "coordinates": [98.87, 1.49]}, "properties": {"magnitude": 3.5, "mag_category": "Light", "depth": 67.0, "depth_category": "Shallow", "date": "2009-02-20 00:00:00", "time": "11:41:14.452000", "region": "Northern Sumatra - Indonesia", "year": 2009, "month": 2}}, {"type": "Feature", "geometry": {"type": "Point", "coordinates": [109.05, -8.42]}, "properties": {"magnitude": 3.6, "mag_category": "Light", "depth": 58.0, "depth_category": "Shallow", "date": "2009-07-10 00:00:00", "time": "06:12:41.832000", "region": "Java - Indonesia", "year": 2009, "month": 7}}, {"type": "Feature", "geometry": {"type": "Point", "coordinates": [128.7, -7.48]}, "properties": {"magnitude": 4.5, "mag_category": "Moderate", "depth": 197.0, "depth_category": "Intermediate", "date": "2009-10-10 00:00:00", "time": "10:45:14.073000", "region": "Banda Sea", "year": 2009, "month": 10}}, {"type": "Feature", "geometry": {"type": "Point", "coordinates": [126.37, 1.53]}, "properties": {"magnitude": 4.5, "mag_category": "Moderate", "depth": 10.0, "depth_category": "Shallow", "date": "2009-06-18 00:00:00", "time": "12:05:53.431000", "region": "Northern Molucca Sea", "year": 2009, "month": 6}}, {"type": "Feature", "geometry": {"type": "Point", "coordinates": [101.68, -1.35]}, "properties": {"magnitude": 4.3, "mag_category": "Moderate", "depth": 97.0, "depth_category": "Intermediate", "date": "2009-11-14 00:00:00", "time": "04:10:13.679000", "region": "Southern Sumatra - Indonesia", "year": 2009, "month": 11}}, {"type": "Feature", "geometry": {"type": "Point", "coordinates": [122.03, -0.67]}, "properties": {"magnitude": 3.8, "mag_category": "Light", "depth": 12.0, "depth_category": "Shallow", "date": "2009-03-28 00:00:00", "time": "07:53:43.846000", "region": "Minahassa Peninsula - Sulawesi", "year": 2009, "month": 3}}, {"type": "Feature", "geometry": {"type": "Point", "coordinates": [132.71, -0.43]}, "properties": {"magnitude": 4.7, "mag_category": "Moderate", "depth": 54.0, "depth_category": "Shallow", "date": "2009-03-30 00:00:00", "time": "17:00:04.294000", "region": "Irian Jaya Region - Indonesia", "year": 2009, "month": 3}}, {"type": "Feature", "geometry": {"type": "Point", "coordinates": [131.41, -5.36]}, "properties": {"magnitude": 6.3, "mag_category": "Major", "depth": 100.0, "depth_category": "Intermediate", "date": "2009-12-26 00:00:00", "time": "08:57:27.934000", "region": "Banda Sea", "year": 2009, "month": 12}}, {"type": "Feature", "geometry": {"type": "Point", "coordinates": [112.75, -9.59]}, "properties": {"magnitude": 3.4, "mag_category": "Light", "depth": 25.0, "depth_category": "Shallow", "date": "2009-10-29 00:00:00", "time": "05:45:19.607000", "region": "South of Java - Indonesia", "year": 2009, "month": 10}}, {"type": "Feature", "geometry": {"type": "Point", "coordinates": [100.3, -0.96]}, "properties": {"magnitude": 4.1, "mag_category": "Moderate", "depth": 38.0, "depth_category": "Shallow", "date": "2009-10-02 00:00:00", "time": "15:08:50.437000", "region": "Southern Sumatra - Indonesia", "year": 2009, "month": 10}}, {"type": "Feature", "geometry": {"type": "Point", "coordinates": [99.29, -1.64]}, "properties": {"magnitude": 5.4, "mag_category": "Strong", "depth": 10.0, "depth_category": "Shallow", "date": "2009-08-16 00:00:00", "time": "08:23:52.325000", "region": "Southern Sumatra - Indonesia", "year": 2009, "month": 8}}, {"type": "Feature", "geometry": {"type": "Point", "coordinates": [133.63, -0.94]}, "properties": {"magnitude": 5.4, "mag_category": "Strong", "depth": 10.0, "depth_category": "Shallow", "date": "2009-01-04 00:00:00", "time": "00:40:31.892000", "region": "Irian Jaya Region - Indonesia", "year": 2009, "month": 1}}, {"type": "Feature", "geometry": {"type": "Point", "coordinates": [104.89, -6.15]}, "properties": {"magnitude": 3.3, "mag_category": "Light", "depth": 12.0, "depth_category": "Shallow", "date": "2009-12-27 00:00:00", "time": "10:36:26.164000", "region": "Sunda Strait - Indonesia", "year": 2009, "month": 12}}, {"type": "Feature", "geometry": {"type": "Point", "coordinates": [128.03, 2.31]}, "properties": {"magnitude": 4.7, "mag_category": "Moderate", "depth": 125.0, "depth_category": "Intermediate", "date": "2009-04-25 00:00:00", "time": "18:41:12.782000", "region": "Halmahera - Indonesia", "year": 2009, "month": 4}}, {"type": "Feature", "geometry": {"type": "Point", "coordinates": [115.34, -8.61]}, "properties": {"magnitude": 2.2, "mag_category": "Minor", "depth": 10.0, "depth_category": "Shallow", "date": "2009-12-22 00:00:00", "time": "21:46:09.485000", "region": "Bali Region - Indonesia", "year": 2009, "month": 12}}, {"type": "Feature", "geometry": {"type": "Point", "coordinates": [125.85, -6.67]}, "properties": {"magnitude": 4.8, "mag_category": "Moderate", "depth": 10.0, "depth_category": "Shallow", "date": "2009-03-21 00:00:00", "time": "00:56:04.032000", "region": "Banda Sea", "year": 2009, "month": 3}}, {"type": "Feature", "geometry": {"type": "Point", "coordinates": [140.85, -2.77]}, "properties": {"magnitude": 4.8, "mag_category": "Moderate", "depth": 5.0, "depth_category": "Shallow", "date": "2009-01-24 00:00:00", "time": "17:01:27.536000", "region": "Near North Coast of Irian Jaya", "year": 2009, "month": 1}}, {"type": "Feature", "geometry": {"type": "Point", "coordinates": [110.39, -8.17]}, "properties": {"magnitude": 3.3, "mag_category": "Light", "depth": 11.0, "depth_category": "Shallow", "date": "2009-02-15 00:00:00", "time": "06:06:59.079000", "region": "Java - Indonesia", "year": 2009, "month": 2}}, {"type": "Feature", "geometry": {"type": "Point", "coordinates": [104.44, -2.09]}, "properties": {"magnitude": 4.4, "mag_category": "Moderate", "depth": 38.0, "depth_category": "Shallow", "date": "2009-03-29 00:00:00", "time": "20:22:20.110000", "region": "Southern Sumatra - Indonesia", "year": 2009, "month": 3}}, {"type": "Feature", "geometry": {"type": "Point", "coordinates": [119.69, -2.81]}, "properties": {"magnitude": 3.3, "mag_category": "Light", "depth": 10.0, "depth_category": "Shallow", "date": "2009-11-07 00:00:00", "time": "08:52:23.489000", "region": "Sulawesi - Indonesia", "year": 2009, "month": 11}}, {"type": "Feature", "geometry": {"type": "Point", "coordinates": [126.62, 0.03]}, "properties": {"magnitude": 3.9, "mag_category": "Light", "depth": 22.0, "depth_category": "Shallow", "date": "2009-02-24 00:00:00", "time": "12:40:51.158000", "region": "Northern Molucca Sea", "year": 2009, "month": 2}}, {"type": "Feature", "geometry": {"type": "Point", "coordinates": [126.25, -0.1]}, "properties": {"magnitude": 3.6, "mag_category": "Light", "depth": 139.0, "depth_category": "Intermediate", "date": "2009-03-17 00:00:00", "time": "20:43:36.493000", "region": "Southern Molucca Sea", "year": 2009, "month": 3}}, {"type": "Feature", "geometry": {"type": "Point", "coordinates": [129.47, -3.28]}, "properties": {"magnitude": 3.3, "mag_category": "Light", "depth": 29.0, "depth_category": "Shallow", "date": "2009-10-13 00:00:00", "time": "23:17:21.579000", "region": "Seram - Indonesia", "year": 2009, "month": 10}}, {"type": "Feature", "geometry": {"type": "Point", "coordinates": [125.51, 3.17]}, "properties": {"magnitude": 4.1, "mag_category": "Moderate", "depth": 30.0, "depth_category": "Shallow", "date": "2009-09-29 00:00:00", "time": "16:12:50.188000", "region": "Talaud Islands - Indonesia", "year": 2009, "month": 9}}, {"type": "Feature", "geometry": {"type": "Point", "coordinates": [126.67, -2.83]}, "properties": {"magnitude": 5.1, "mag_category": "Strong", "depth": 14.0, "depth_category": "Shallow", "date": "2009-04-04 00:00:00", "time": "09:29:45.777000", "region": "Ceram Sea", "year": 2009, "month": 4}}, {"type": "Feature", "geometry": {"type": "Point", "coordinates": [126.63, -0.01]}, "properties": {"magnitude": 3.6, "mag_category": "Light", "depth": 23.0, "depth_category": "Shallow", "date": "2009-04-30 00:00:00", "time": "15:33:10.684000", "region": "Southern Molucca Sea", "year": 2009, "month": 4}}, {"type": "Feature", "geometry": {"type": "Point", "coordinates": [119.31, -9.46]}, "properties": {"magnitude": 4.2, "mag_category": "Moderate", "depth": 61.0, "depth_category": "Shallow", "date": "2009-07-13 00:00:00", "time": "11:37:41.419000", "region": "Sumba Region - Indonesia", "year": 2009, "month": 7}}, {"type": "Feature", "geometry": {"type": "Point", "coordinates": [96.37, 2.68]}, "properties": {"magnitude": 2.4, "mag_category": "Minor", "depth": 10.0, "depth_category": "Shallow", "date": "2009-12-26 00:00:00", "time": "02:18:40.784000", "region": "Northern Sumatra - Indonesia", "year": 2009, "month": 12}}, {"type": "Feature", "geometry": {"type": "Point", "coordinates": [121.12, 0.17]}, "properties": {"magnitude": 4.1, "mag_category": "Moderate", "depth": 10.0, "depth_category": "Shallow", "date": "2009-01-12 00:00:00", "time": "06:49:17.636000", "region": "Minahassa Peninsula - Sulawesi", "year": 2009, "month": 1}}, {"type": "Feature", "geometry": {"type": "Point", "coordinates": [126.28, 2.91]}, "properties": {"magnitude": 4.6, "mag_category": "Moderate", "depth": 125.0, "depth_category": "Intermediate", "date": "2009-02-12 00:00:00", "time": "14:44:32.564000", "region": "Northern Molucca Sea", "year": 2009, "month": 2}}, {"type": "Feature", "geometry": {"type": "Point", "coordinates": [127.0, 3.59]}, "properties": {"magnitude": 4.5, "mag_category": "Moderate", "depth": 54.0, "depth_category": "Shallow", "date": "2009-03-10 00:00:00", "time": "12:13:53.714000", "region": "Talaud Islands - Indonesia", "year": 2009, "month": 3}}, {"type": "Feature", "geometry": {"type": "Point", "coordinates": [95.75, 2.21]}, "properties": {"magnitude": 4.5, "mag_category": "Moderate", "depth": 23.0, "depth_category": "Shallow", "date": "2009-12-13 00:00:00", "time": "08:10:12.667000", "region": "Off West Coast of Northern Sumatra", "year": 2009, "month": 12}}, {"type": "Feature", "geometry": {"type": "Point", "coordinates": [121.56, -2.45]}, "properties": {"magnitude": 3.6, "mag_category": "Light", "depth": 70.0, "depth_category": "Intermediate", "date": "2009-06-22 00:00:00", "time": "03:08:27.795000", "region": "Sulawesi - Indonesia", "year": 2009, "month": 6}}, {"type": "Feature", "geometry": {"type": "Point", "coordinates": [129.8, -2.03]}, "properties": {"magnitude": 3.4, "mag_category": "Light", "depth": 10.0, "depth_category": "Shallow", "date": "2009-12-19 00:00:00", "time": "05:29:20.565000", "region": "Seram - Indonesia", "year": 2009, "month": 12}}, {"type": "Feature", "geometry": {"type": "Point", "coordinates": [98.4, 0.33]}, "properties": {"magnitude": 4.9, "mag_category": "Moderate", "depth": 13.0, "depth_category": "Shallow", "date": "2009-11-12 00:00:00", "time": "04:06:54.079000", "region": "Northern Sumatra - Indonesia", "year": 2009, "month": 11}}, {"type": "Feature", "geometry": {"type": "Point", "coordinates": [101.67, -4.15]}, "properties": {"magnitude": 4.8, "mag_category": "Moderate", "depth": 10.0, "depth_category": "Shallow", "date": "2009-01-23 00:00:00", "time": "13:21:03.492000", "region": "Southern Sumatra - Indonesia", "year": 2009, "month": 1}}, {"type": "Feature", "geometry": {"type": "Point", "coordinates": [126.84, 3.49]}, "properties": {"magnitude": 4.9, "mag_category": "Moderate", "depth": 10.0, "depth_category": "Shallow", "date": "2009-02-11 00:00:00", "time": "21:10:46.289000", "region": "Talaud Islands - Indonesia", "year": 2009, "month": 2}}, {"type": "Feature", "geometry": {"type": "Point", "coordinates": [121.9, -0.1]}, "properties": {"magnitude": 3.6, "mag_category": "Light", "depth": 248.0, "depth_category": "Intermediate", "date": "2009-07-22 00:00:00", "time": "02:15:07.300000", "region": "Minahassa Peninsula - Sulawesi", "year": 2009, "month": 7}}, {"type": "Feature", "geometry": {"type": "Point", "coordinates": [105.43, -6.9]}, "properties": {"magnitude": 3.3, "mag_category": "Light", "depth": 10.0, "depth_category": "Shallow", "date": "2009-10-06 00:00:00", "time": "23:45:54.943000", "region": "Sunda Strait - Indonesia", "year": 2009, "month": 10}}, {"type": "Feature", "geometry": {"type": "Point", "coordinates": [105.43, -6.21]}, "properties": {"magnitude": 3.1, "mag_category": "Light", "depth": 24.0, "depth_category": "Shallow", "date": "2009-11-01 00:00:00", "time": "04:43:02.905000", "region": "Sunda Strait - Indonesia", "year": 2009, "month": 11}}, {"type": "Feature", "geometry": {"type": "Point", "coordinates": [119.72, -2.78]}, "properties": {"magnitude": 3.8, "mag_category": "Light", "depth": 10.0, "depth_category": "Shallow", "date": "2009-11-07 00:00:00", "time": "09:58:19.544000", "region": "Sulawesi - Indonesia", "year": 2009, "month": 11}}, {"type": "Feature", "geometry": {"type": "Point", "coordinates": [133.01, -0.18]}, "properties": {"magnitude": 4.8, "mag_category": "Moderate", "depth": 47.0, "depth_category": "Shallow", "date": "2009-01-20 00:00:00", "time": "05:32:14.416000", "region": "Irian Jaya Region - Indonesia", "year": 2009, "month": 1}}, {"type": "Feature", "geometry": {"type": "Point", "coordinates": [100.26, -3.27]}, "properties": {"magnitude": 4.7, "mag_category": "Moderate", "depth": 23.0, "depth_category": "Shallow", "date": "2009-04-15 00:00:00", "time": "20:14:38.045000", "region": "Southern Sumatra - Indonesia", "year": 2009, "month": 4}}, {"type": "Feature", "geometry": {"type": "Point", "coordinates": [126.71, 5.43]}, "properties": {"magnitude": 5.0, "mag_category": "Strong", "depth": 31.0, "depth_category": "Shallow", "date": "2009-06-14 00:00:00", "time": "08:15:56.299000", "region": "Mindanao - Philippines", "year": 2009, "month": 6}}, {"type": "Feature", "geometry": {"type": "Point", "coordinates": [133.56, -0.13]}, "properties": {"magnitude": 5.0, "mag_category": "Strong", "depth": 10.0, "depth_category": "Shallow", "date": "2009-01-11 00:00:00", "time": "14:01:57.509000", "region": "Irian Jaya Region - Indonesia", "year": 2009, "month": 1}}, {"type": "Feature", "geometry": {"type": "Point", "coordinates": [122.1, 0.26]}, "properties": {"magnitude": 2.6, "mag_category": "Minor", "depth": 160.0, "depth_category": "Intermediate", "date": "2009-09-29 00:00:00", "time": "16:51:08.687000", "region": "Minahassa Peninsula - Sulawesi", "year": 2009, "month": 9}}, {"type": "Feature", "geometry": {"type": "Point", "coordinates": [126.17, 4.94]}, "properties": {"magnitude": 4.7, "mag_category": "Moderate", "depth": 10.0, "depth_category": "Shallow", "date": "2009-12-12 00:00:00", "time": "01:50:58.627000", "region": "Talaud Islands - Indonesia", "year": 2009, "month": 12}}, {"type": "Feature", "geometry": {"type": "Point", "coordinates": [96.86, 2.01]}, "properties": {"magnitude": 3.8, "mag_category": "Light", "depth": 10.0, "depth_category": "Shallow", "date": "2009-12-03 00:00:00", "time": "02:20:47.585000", "region": "Northern Sumatra - Indonesia", "year": 2009, "month": 12}}, {"type": "Feature", "geometry": {"type": "Point", "coordinates": [119.89, -1.06]}, "properties": {"magnitude": 5.6, "mag_category": "Strong", "depth": 23.0, "depth_category": "Shallow", "date": "2009-03-02 00:00:00", "time": "00:03:44.623000", "region": "Sulawesi - Indonesia", "year": 2009, "month": 3}}, {"type": "Feature", "geometry": {"type": "Point", "coordinates": [133.77, -0.25]}, "properties": {"magnitude": 6.1, "mag_category": "Major", "depth": 178.0, "depth_category": "Intermediate", "date": "2009-01-03 00:00:00", "time": "20:07:23.649000", "region": "Irian Jaya Region - Indonesia", "year": 2009, "month": 1}}, {"type": "Feature", "geometry": {"type": "Point", "coordinates": [104.98, -5.74]}, "properties": {"magnitude": 3.4, "mag_category": "Light", "depth": 111.0, "depth_category": "Intermediate", "date": "2009-10-13 00:00:00", "time": "16:17:52.685000", "region": "Southern Sumatra - Indonesia", "year": 2009, "month": 10}}, {"type": "Feature", "geometry": {"type": "Point", "coordinates": [96.53, 4.39]}, "properties": {"magnitude": 5.2, "mag_category": "Strong", "depth": 16.0, "depth_category": "Shallow", "date": "2009-08-15 00:00:00", "time": "04:04:29.746000", "region": "Northern Sumatra - Indonesia", "year": 2009, "month": 8}}, {"type": "Feature", "geometry": {"type": "Point", "coordinates": [126.49, 1.4]}, "properties": {"magnitude": 4.8, "mag_category": "Moderate", "depth": 10.0, "depth_category": "Shallow", "date": "2009-08-18 00:00:00", "time": "17:09:33.658000", "region": "Northern Molucca Sea", "year": 2009, "month": 8}}, {"type": "Feature", "geometry": {"type": "Point", "coordinates": [125.64, 3.8]}, "properties": {"magnitude": 4.8, "mag_category": "Moderate", "depth": 196.0, "depth_category": "Intermediate", "date": "2009-01-03 00:00:00", "time": "12:13:57.052000", "region": "Talaud Islands - Indonesia", "year": 2009, "month": 1}}, {"type": "Feature", "geometry": {"type": "Point", "coordinates": [117.38, -9.38]}, "properties": {"magnitude": 3.7, "mag_category": "Light", "depth": 156.0, "depth_category": "Intermediate", "date": "2009-03-15 00:00:00", "time": "15:27:22.350000", "region": "Sumbawa Region - Indonesia", "year": 2009, "month": 3}}, {"type": "Feature", "geometry": {"type": "Point", "coordinates": [123.19, -8.01]}, "properties": {"magnitude": 4.6, "mag_category": "Moderate", "depth": 61.0, "depth_category": "Shallow", "date": "2009-09-24 00:00:00", "time": "03:19:44.736000", "region": "Flores Region - Indonesia", "year": 2009, "month": 9}}, {"type": "Feature", "geometry": {"type": "Point", "coordinates": [112.94, -9.77]}, "properties": {"magnitude": 3.3, "mag_category": "Light", "depth": 30.0, "depth_category": "Shallow", "date": "2009-11-27 00:00:00", "time": "08:52:26.489000", "region": "South of Java - Indonesia", "year": 2009, "month": 11}}, {"type": "Feature", "geometry": {"type": "Point", "coordinates": [100.43, -3.92]}, "properties": {"magnitude": 5.0, "mag_category": "Strong", "depth": 10.0, "depth_category": "Shallow", "date": "2009-09-22 00:00:00", "time": "15:57:22.906000", "region": "Southern Sumatra - Indonesia", "year": 2009, "month": 9}}, {"type": "Feature", "geometry": {"type": "Point", "coordinates": [112.22, -9.03]}, "properties": {"magnitude": 3.4, "mag_category": "Light", "depth": 45.0, "depth_category": "Shallow", "date": "2009-01-20 00:00:00", "time": "10:39:10.346000", "region": "South of Java - Indonesia", "year": 2009, "month": 1}}, {"type": "Feature", "geometry": {"type": "Point", "coordinates": [128.61, 2.14]}, "properties": {"magnitude": 4.5, "mag_category": "Moderate", "depth": 10.0, "depth_category": "Shallow", "date": "2009-12-29 00:00:00", "time": "21:17:13.996000", "region": "Halmahera - Indonesia", "year": 2009, "month": 12}}, {"type": "Feature", "geometry": {"type": "Point", "coordinates": [108.54, -7.93]}, "properties": {"magnitude": 5.8, "mag_category": "Strong", "depth": 258.0, "depth_category": "Intermediate", "date": "2009-01-04 00:00:00", "time": "07:30:15.623000", "region": "Java - Indonesia", "year": 2009, "month": 1}}, {"type": "Feature", "geometry": {"type": "Point", "coordinates": [117.68, -8.97]}, "properties": {"magnitude": 5.4, "mag_category": "Strong", "depth": 10.0, "depth_category": "Shallow", "date": "2009-07-20 00:00:00", "time": "03:37:33.909000", "region": "Sumbawa Region - Indonesia", "year": 2009, "month": 7}}, {"type": "Feature", "geometry": {"type": "Point", "coordinates": [97.15, 2.14]}, "properties": {"magnitude": 3.2, "mag_category": "Light", "depth": 91.0, "depth_category": "Intermediate", "date": "2009-04-16 00:00:00", "time": "01:08:50.569000", "region": "Northern Sumatra - Indonesia", "year": 2009, "month": 4}}, {"type": "Feature", "geometry": {"type": "Point", "coordinates": [110.42, -8.0]}, "properties": {"magnitude": 3.5, "mag_category": "Light", "depth": 10.0, "depth_category": "Shallow", "date": "2009-04-04 00:00:00", "time": "17:26:40.056000", "region": "Java - Indonesia", "year": 2009, "month": 4}}, {"type": "Feature", "geometry": {"type": "Point", "coordinates": [98.91, 1.9]}, "properties": {"magnitude": 4.3, "mag_category": "Moderate", "depth": 120.0, "depth_category": "Intermediate", "date": "2009-11-14 00:00:00", "time": "09:30:40.887000", "region": "Northern Sumatra - Indonesia", "year": 2009, "month": 11}}, {"type": "Feature", "geometry": {"type": "Point", "coordinates": [121.97, -8.8]}, "properties": {"magnitude": 3.8, "mag_category": "Light", "depth": 13.0, "depth_category": "Shallow", "date": "2009-05-17 00:00:00", "time": "06:00:18.958000", "region": "Flores Region - Indonesia", "year": 2009, "month": 5}}, {"type": "Feature", "geometry": {"type": "Point", "coordinates": [98.52, 0.04]}, "properties": {"magnitude": 3.2, "mag_category": "Light", "depth": 10.0, "depth_category": "Shallow", "date": "2009-12-16 00:00:00", "time": "12:59:50.799000", "region": "Northern Sumatra - Indonesia", "year": 2009, "month": 12}}, {"type": "Feature", "geometry": {"type": "Point", "coordinates": [121.88, 0.87]}, "properties": {"magnitude": 2.7, "mag_category": "Minor", "depth": 44.0, "depth_category": "Shallow", "date": "2009-12-08 00:00:00", "time": "14:31:37.268000", "region": "Minahassa Peninsula - Sulawesi", "year": 2009, "month": 12}}, {"type": "Feature", "geometry": {"type": "Point", "coordinates": [126.73, 3.68]}, "properties": {"magnitude": 4.8, "mag_category": "Moderate", "depth": 58.0, "depth_category": "Shallow", "date": "2009-02-12 00:00:00", "time": "18:09:41.415000", "region": "Talaud Islands - Indonesia", "year": 2009, "month": 2}}, {"type": "Feature", "geometry": {"type": "Point", "coordinates": [95.89, 3.16]}, "properties": {"magnitude": 3.5, "mag_category": "Light", "depth": 14.0, "depth_category": "Shallow", "date": "2009-11-21 00:00:00", "time": "19:40:50.458000", "region": "Off West Coast of Northern Sumatra", "year": 2009, "month": 11}}, {"type": "Feature", "geometry": {"type": "Point", "coordinates": [132.08, -0.62]}, "properties": {"magnitude": 4.3, "mag_category": "Moderate", "depth": 5.0, "depth_category": "Shallow", "date": "2009-03-22 00:00:00", "time": "05:27:47.167000", "region": "Irian Jaya Region - Indonesia", "year": 2009, "month": 3}}, {"type": "Feature", "geometry": {"type": "Point", "coordinates": [129.97, -6.34]}, "properties": {"magnitude": 4.7, "mag_category": "Moderate", "depth": 144.0, "depth_category": "Intermediate", "date": "2009-10-11 00:00:00", "time": "20:58:05.939000", "region": "Banda Sea", "year": 2009, "month": 10}}, {"type": "Feature", "geometry": {"type": "Point", "coordinates": [132.84, -0.64]}, "properties": {"magnitude": 4.2, "mag_category": "Moderate", "depth": 10.0, "depth_category": "Shallow", "date": "2009-10-03 00:00:00", "time": "16:53:38.457000", "region": "Irian Jaya Region - Indonesia", "year": 2009, "month": 10}}, {"type": "Feature", "geometry": {"type": "Point", "coordinates": [103.59, -5.38]}, "properties": {"magnitude": 3.5, "mag_category": "Light", "depth": 31.0, "depth_category": "Shallow", "date": "2009-11-16 00:00:00", "time": "14:59:22.129000", "region": "Southern Sumatra - Indonesia", "year": 2009, "month": 11}}, {"type": "Feature", "geometry": {"type": "Point", "coordinates": [116.1, -8.11]}, "properties": {"magnitude": 3.2, "mag_category": "Light", "depth": 13.0, "depth_category": "Shallow", "date": "2009-01-13 00:00:00", "time": "04:00:10.788000", "region": "Sumbawa Region - Indonesia", "year": 2009, "month": 1}}, {"type": "Feature", "geometry": {"type": "Point", "coordinates": [114.23, -9.02]}, "properties": {"magnitude": 3.2, "mag_category": "Light", "depth": 40.0, "depth_category": "Shallow", "date": "2009-05-09 00:00:00", "time": "13:11:54.278000", "region": "South of Bali - Indonesia", "year": 2009, "month": 5}}, {"type": "Feature", "geometry": {"type": "Point", "coordinates": [96.91, 1.78]}, "properties": {"magnitude": 4.9, "mag_category": "Moderate", "depth": 35.0, "depth_category": "Shallow", "date": "2009-06-11 00:00:00", "time": "14:49:03.844000", "region": "Off West Coast of Northern Sumatra", "year": 2009, "month": 6}}, {"type": "Feature", "geometry": {"type": "Point", "coordinates": [126.52, 5.87]}, "properties": {"magnitude": 5.1, "mag_category": "Strong", "depth": 94.0, "depth_category": "Intermediate", "date": "2009-05-26 00:00:00", "time": "08:08:35.620000", "region": "Mindanao - Philippines", "year": 2009, "month": 5}}, {"type": "Feature", "geometry": {"type": "Point", "coordinates": [127.94, -3.74]}, "properties": {"magnitude": 3.2, "mag_category": "Light", "depth": 20.0, "depth_category": "Shallow", "date": "2009-09-27 00:00:00", "time": "16:09:40.922000", "region": "Seram - Indonesia", "year": 2009, "month": 9}}, {"type": "Feature", "geometry": {"type": "Point", "coordinates": [121.9, 0.21]}, "properties": {"magnitude": 3.3, "mag_category": "Light", "depth": 128.0, "depth_category": "Intermediate", "date": "2009-07-09 00:00:00", "time": "08:14:41.862000", "region": "Minahassa Peninsula - Sulawesi", "year": 2009, "month": 7}}, {"type": "Feature", "geometry": {"type": "Point", "coordinates": [106.01, -8.9]}, "properties": {"magnitude": 4.4, "mag_category": "Moderate", "depth": 22.0, "depth_category": "Shallow", "date": "2009-05-04 00:00:00", "time": "03:40:43.417000", "region": "South of Java - Indonesia", "year": 2009, "month": 5}}, {"type": "Feature", "geometry": {"type": "Point", "coordinates": [99.05, -0.51]}, "properties": {"magnitude": 4.9, "mag_category": "Moderate", "depth": 10.0, "depth_category": "Shallow", "date": "2009-09-23 00:00:00", "time": "20:29:22.658000", "region": "Southern Sumatra - Indonesia", "year": 2009, "month": 9}}, {"type": "Feature", "geometry": {"type": "Point", "coordinates": [99.99, -0.71]}, "properties": {"magnitude": 3.8, "mag_category": "Light", "depth": 48.0, "depth_category": "Shallow", "date": "2009-10-06 00:00:00", "time": "22:09:24.603000", "region": "Southern Sumatra - Indonesia", "year": 2009, "month": 10}}, {"type": "Feature", "geometry": {"type": "Point", "coordinates": [120.46, -7.8]}, "properties": {"magnitude": 3.6, "mag_category": "Light", "depth": 7.0, "depth_category": "Shallow", "date": "2009-11-10 00:00:00", "time": "05:46:48.898000", "region": "Flores Sea", "year": 2009, "month": 11}}, {"type": "Feature", "geometry": {"type": "Point", "coordinates": [116.07, -10.66]}, "properties": {"magnitude": 4.3, "mag_category": "Moderate", "depth": 76.0, "depth_category": "Intermediate", "date": "2009-12-02 00:00:00", "time": "01:59:38.722000", "region": "South of Sumbawa - Indonesia", "year": 2009, "month": 12}}, {"type": "Feature", "geometry": {"type": "Point", "coordinates": [119.82, -3.03]}, "properties": {"magnitude": 4.3, "mag_category": "Moderate", "depth": 20.0, "depth_category": "Shallow", "date": "2009-06-28 00:00:00", "time": "07:01:12.387000", "region": "Sulawesi - Indonesia", "year": 2009, "month": 6}}, {"type": "Feature", "geometry": {"type": "Point", "coordinates": [131.58, -3.87]}, "properties": {"magnitude": 3.8, "mag_category": "Light", "depth": 59.0, "depth_category": "Shallow", "date": "2009-08-17 00:00:00", "time": "03:24:20.795000", "region": "Irian Jaya Region - Indonesia", "year": 2009, "month": 8}}, {"type": "Feature", "geometry": {"type": "Point", "coordinates": [126.84, 3.5]}, "properties": {"magnitude": 4.9, "mag_category": "Moderate", "depth": 67.0, "depth_category": "Shallow", "date": "2009-06-24 00:00:00", "time": "18:06:19.177000", "region": "Talaud Islands - Indonesia", "year": 2009, "month": 6}}, {"type": "Feature", "geometry": {"type": "Point", "coordinates": [140.14, -3.62]}, "properties": {"magnitude": 3.8, "mag_category": "Light", "depth": 10.0, "depth_category": "Shallow", "date": "2009-12-17 00:00:00", "time": "08:52:59.055000", "region": "Irian Jaya - Indonesia", "year": 2009, "month": 12}}, {"type": "Feature", "geometry": {"type": "Point", "coordinates": [126.87, 3.72]}, "properties": {"magnitude": 5.2, "mag_category": "Strong", "depth": 63.0, "depth_category": "Shallow", "date": "2009-02-12 00:00:00", "time": "00:03:07.177000", "region": "Talaud Islands - Indonesia", "year": 2009, "month": 2}}, {"type": "Feature", "geometry": {"type": "Point", "coordinates": [121.65, -0.81]}, "properties": {"magnitude": 3.7, "mag_category": "Light", "depth": 10.0, "depth_category": "Shallow", "date": "2009-10-19 00:00:00", "time": "03:08:58.637000", "region": "Minahassa Peninsula - Sulawesi", "year": 2009, "month": 10}}, {"type": "Feature", "geometry": {"type": "Point", "coordinates": [96.79, 0.39]}, "properties": {"magnitude": 5.1, "mag_category": "Strong", "depth": 18.0, "depth_category": "Shallow", "date": "2009-07-01 00:00:00", "time": "18:58:00.913000", "region": "Off West Coast of Northern Sumatra", "year": 2009, "month": 7}}, {"type": "Feature", "geometry": {"type": "Point", "coordinates": [127.02, 3.33]}, "properties": {"magnitude": 4.9, "mag_category": "Moderate", "depth": 55.0, "depth_category": "Shallow", "date": "2009-02-16 00:00:00", "time": "14:14:00.604000", "region": "Talaud Islands - Indonesia", "year": 2009, "month": 2}}, {"type": "Feature", "geometry": {"type": "Point", "coordinates": [140.7, -4.15]}, "properties": {"magnitude": 4.9, "mag_category": "Moderate", "depth": 46.0, "depth_category": "Shallow", "date": "2009-03-31 00:00:00", "time": "17:22:39.390000", "region": "Irian Jaya - Indonesia", "year": 2009, "month": 3}}, {"type": "Feature", "geometry": {"type": "Point", "coordinates": [119.83, -1.43]}, "properties": {"magnitude": 3.7, "mag_category": "Light", "depth": 26.0, "depth_category": "Shallow", "date": "2009-02-26 00:00:00", "time": "02:09:01.666000", "region": "Sulawesi - Indonesia", "year": 2009, "month": 2}}, {"type": "Feature", "geometry": {"type": "Point", "coordinates": [123.15, -8.33]}, "properties": {"magnitude": 4.0, "mag_category": "Moderate", "depth": 29.0, "depth_category": "Shallow", "date": "2009-09-29 00:00:00", "time": "11:20:12.135000", "region": "Flores Region - Indonesia", "year": 2009, "month": 9}}, {"type": "Feature", "geometry": {"type": "Point", "coordinates": [128.61, -7.5]}, "properties": {"magnitude": 4.7, "mag_category": "Moderate", "depth": 155.0, "depth_category": "Intermediate", "date": "2009-03-01 00:00:00", "time": "15:26:16.208000", "region": "Banda Sea", "year": 2009, "month": 3}}, {"type": "Feature", "geometry": {"type": "Point", "coordinates": [121.61, 0.5]}, "properties": {"magnitude": 4.6, "mag_category": "Moderate", "depth": 96.0, "depth_category": "Intermediate", "date": "2009-12-23 00:00:00", "time": "18:13:19.095000", "region": "Minahassa Peninsula - Sulawesi", "year": 2009, "month": 12}}, {"type": "Feature", "geometry": {"type": "Point", "coordinates": [101.51, -2.39]}, "properties": {"magnitude": 3.7, "mag_category": "Light", "depth": 10.0, "depth_category": "Shallow", "date": "2009-10-21 00:00:00", "time": "01:34:13.803000", "region": "Southern Sumatra - Indonesia", "year": 2009, "month": 10}}, {"type": "Feature", "geometry": {"type": "Point", "coordinates": [117.19, -7.28]}, "properties": {"magnitude": 4.4, "mag_category": "Moderate", "depth": 599.0, "depth_category": "Deep", "date": "2009-08-03 00:00:00", "time": "18:18:55.443000", "region": "Bali Sea", "year": 2009, "month": 8}}, {"type": "Feature", "geometry": {"type": "Point", "coordinates": [126.8, 4.01]}, "properties": {"magnitude": 5.3, "mag_category": "Strong", "depth": 83.0, "depth_category": "Intermediate", "date": "2009-02-11 00:00:00", "time": "20:09:38.340000", "region": "Talaud Islands - Indonesia", "year": 2009, "month": 2}}, {"type": "Feature", "geometry": {"type": "Point", "coordinates": [103.75, -5.82]}, "properties": {"magnitude": 3.1, "mag_category": "Light", "depth": 28.0, "depth_category": "Shallow", "date": "2009-12-31 00:00:00", "time": "13:30:15.411000", "region": "Southern Sumatra - Indonesia", "year": 2009, "month": 12}}, {"type": "Feature", "geometry": {"type": "Point", "coordinates": [131.1, -5.37]}, "properties": {"magnitude": 4.9, "mag_category": "Moderate", "depth": 81.0, "depth_category": "Intermediate", "date": "2009-08-07 00:00:00", "time": "18:32:47.950000", "region": "Banda Sea", "year": 2009, "month": 8}}, {"type": "Feature", "geometry": {"type": "Point", "coordinates": [120.71, -9.15]}, "properties": {"magnitude": 3.4, "mag_category": "Light", "depth": 56.0, "depth_category": "Shallow", "date": "2009-09-30 00:00:00", "time": "19:30:31.428000", "region": "Sumba Region - Indonesia", "year": 2009, "month": 9}}, {"type": "Feature", "geometry": {"type": "Point", "coordinates": [118.99, -9.56]}, "properties": {"magnitude": 5.1, "mag_category": "Strong", "depth": 49.0, "depth_category": "Shallow", "date": "2009-07-20 00:00:00", "time": "11:08:39.989000", "region": "Sumbawa Region - Indonesia", "year": 2009, "month": 7}}, {"type": "Feature", "geometry": {"type": "Point", "coordinates": [106.68, -7.48]}, "properties": {"magnitude": 3.7, "mag_category": "Light", "depth": 23.0, "depth_category": "Shallow", "date": "2009-05-27 00:00:00", "time": "12:46:09.681000", "region": "Java - Indonesia", "year": 2009, "month": 5}}, {"type": "Feature", "geometry": {"type": "Point", "coordinates": [130.04, -5.52]}, "properties": {"magnitude": 4.4, "mag_category": "Moderate", "depth": 141.0, "depth_category": "Intermediate", "date": "2009-12-15 00:00:00", "time": "15:23:11.502000", "region": "Banda Sea", "year": 2009, "month": 12}}, {"type": "Feature", "geometry": {"type": "Point", "coordinates": [125.85, 0.13]}, "properties": {"magnitude": 4.1, "mag_category": "Moderate", "depth": 23.0, "depth_category": "Shallow", "date": "2009-05-07 00:00:00", "time": "12:21:11.204000", "region": "Northern Molucca Sea", "year": 2009, "month": 5}}, {"type": "Feature", "geometry": {"type": "Point", "coordinates": [105.59, -5.51]}, "properties": {"magnitude": 4.5, "mag_category": "Moderate", "depth": 177.0, "depth_category": "Intermediate", "date": "2009-06-20 00:00:00", "time": "04:00:30.727000", "region": "Sunda Strait - Indonesia", "year": 2009, "month": 6}}, {"type": "Feature", "geometry": {"type": "Point", "coordinates": [121.71, -8.55]}, "properties": {"magnitude": 3.9, "mag_category": "Light", "depth": 20.0, "depth_category": "Shallow", "date": "2009-11-27 00:00:00", "time": "02:47:21.359000", "region": "Flores Region - Indonesia", "year": 2009, "month": 11}}, {"type": "Feature", "geometry": {"type": "Point", "coordinates": [99.3, -1.49]}, "properties": {"magnitude": 5.0, "mag_category": "Strong", "depth": 20.0, "depth_category": "Shallow", "date": "2009-08-16 00:00:00", "time": "19:53:26.836000", "region": "Southern Sumatra - Indonesia", "year": 2009, "month": 8}}, {"type": "Feature", "geometry": {"type": "Point", "coordinates": [116.75, -8.0]}, "properties": {"magnitude": 4.1, "mag_category": "Moderate", "depth": 18.0, "depth_category": "Shallow", "date": "2009-05-04 00:00:00", "time": "10:51:54.576000", "region": "Sumbawa Region - Indonesia", "year": 2009, "month": 5}}, {"type": "Feature", "geometry": {"type": "Point", "coordinates": [134.25, -4.26]}, "properties": {"magnitude": 4.1, "mag_category": "Moderate", "depth": 24.0, "depth_category": "Shallow", "date": "2009-11-02 00:00:00", "time": "22:50:50.273000", "region": "Irian Jaya Region - Indonesia", "year": 2009, "month": 11}}, {"type": "Feature", "geometry": {"type": "Point", "coordinates": [123.9, -9.0]}, "properties": {"magnitude": 4.0, "mag_category": "Moderate", "depth": 13.0, "depth_category": "Shallow", "date": "2009-10-08 00:00:00", "time": "16:19:21.054000", "region": "Timor Region", "year": 2009, "month": 10}}, {"type": "Feature", "geometry": {"type": "Point", "coordinates": [121.62, -8.33]}, "properties": {"magnitude": 4.1, "mag_category": "Moderate", "depth": 21.0, "depth_category": "Shallow", "date": "2009-03-16 00:00:00", "time": "00:52:58.623000", "region": "Flores Region - Indonesia", "year": 2009, "month": 3}}, {"type": "Feature", "geometry": {"type": "Point", "coordinates": [133.01, -0.64]}, "properties": {"magnitude": 5.8, "mag_category": "Strong", "depth": 10.0, "depth_category": "Shallow", "date": "2009-01-04 00:00:00", "time": "07:14:03.070000", "region": "Irian Jaya Region - Indonesia", "year": 2009, "month": 1}}, {"type": "Feature", "geometry": {"type": "Point", "coordinates": [106.75, -6.56]}, "properties": {"magnitude": 2.3, "mag_category": "Minor", "depth": 10.0, "depth_category": "Shallow", "date": "2009-07-17 00:00:00", "time": "00:43:54.297000", "region": "Java - Indonesia", "year": 2009, "month": 7}}, {"type": "Feature", "geometry": {"type": "Point", "coordinates": [97.18, 0.88]}, "properties": {"magnitude": 3.6, "mag_category": "Light", "depth": 18.0, "depth_category": "Shallow", "date": "2009-02-26 00:00:00", "time": "06:58:34.639000", "region": "Northern Sumatra - Indonesia", "year": 2009, "month": 2}}, {"type": "Feature", "geometry": {"type": "Point", "coordinates": [123.01, -0.22]}, "properties": {"magnitude": 3.7, "mag_category": "Light", "depth": 67.0, "depth_category": "Shallow", "date": "2009-02-14 00:00:00", "time": "20:21:31.968000", "region": "Minahassa Peninsula - Sulawesi", "year": 2009, "month": 2}}, {"type": "Feature", "geometry": {"type": "Point", "coordinates": [107.3, -8.17]}, "properties": {"magnitude": 3.9, "mag_category": "Light", "depth": 24.0, "depth_category": "Shallow", "date": "2009-12-31 00:00:00", "time": "03:09:27.951000", "region": "Java - Indonesia", "year": 2009, "month": 12}}, {"type": "Feature", "geometry": {"type": "Point", "coordinates": [127.07, 5.21]}, "properties": {"magnitude": 4.5, "mag_category": "Moderate", "depth": 10.0, "depth_category": "Shallow", "date": "2009-04-04 00:00:00", "time": "15:39:41.386000", "region": "Philippine Islands Region", "year": 2009, "month": 4}}, {"type": "Feature", "geometry": {"type": "Point", "coordinates": [109.36, -0.6]}, "properties": {"magnitude": 5.2, "mag_category": "Strong", "depth": 59.0, "depth_category": "Shallow", "date": "2009-04-16 00:00:00", "time": "19:21:09.976000", "region": "Borneo", "year": 2009, "month": 4}}, {"type": "Feature", "geometry": {"type": "Point", "coordinates": [132.91, 1.25]}, "properties": {"magnitude": 5.4, "mag_category": "Strong", "depth": 10.0, "depth_category": "Shallow", "date": "2009-02-12 00:00:00", "time": "13:43:00.611000", "region": "Irian Jaya Region - Indonesia", "year": 2009, "month": 2}}, {"type": "Feature", "geometry": {"type": "Point", "coordinates": [113.35, -9.07]}, "properties": {"magnitude": 3.2, "mag_category": "Light", "depth": 62.0, "depth_category": "Shallow", "date": "2009-10-25 00:00:00", "time": "14:24:57.973000", "region": "South of Java - Indonesia", "year": 2009, "month": 10}}, {"type": "Feature", "geometry": {"type": "Point", "coordinates": [132.24, -1.31]}, "properties": {"magnitude": 3.9, "mag_category": "Light", "depth": 12.0, "depth_category": "Shallow", "date": "2009-07-25 00:00:00", "time": "11:29:38.698000", "region": "Irian Jaya Region - Indonesia", "year": 2009, "month": 7}}, {"type": "Feature", "geometry": {"type": "Point", "coordinates": [133.23, -0.61]}, "properties": {"magnitude": 4.9, "mag_category": "Moderate", "depth": 10.0, "depth_category": "Shallow", "date": "2009-03-21 00:00:00", "time": "03:40:43.597000", "region": "Irian Jaya Region - Indonesia", "year": 2009, "month": 3}}, {"type": "Feature", "geometry": {"type": "Point", "coordinates": [131.42, -4.91]}, "properties": {"magnitude": 5.0, "mag_category": "Strong", "depth": 53.0, "depth_category": "Shallow", "date": "2009-12-11 00:00:00", "time": "21:00:17.119000", "region": "Banda Sea", "year": 2009, "month": 12}}, {"type": "Feature", "geometry": {"type": "Point", "coordinates": [100.0, -1.66]}, "properties": {"magnitude": 3.8, "mag_category": "Light", "depth": 142.0, "depth_category": "Intermediate", "date": "2009-12-23 00:00:00", "time": "04:29:12.489000", "region": "Southern Sumatra - Indonesia", "year": 2009, "month": 12}}, {"type": "Feature", "geometry": {"type": "Point", "coordinates": [109.32, -3.32]}, "properties": {"magnitude": 5.8, "mag_category": "Strong", "depth": 10.0, "depth_category": "Shallow", "date": "2009-01-22 00:00:00", "time": "20:45:58.627000", "region": "Java Sea", "year": 2009, "month": 1}}, {"type": "Feature", "geometry": {"type": "Point", "coordinates": [119.39, -3.47]}, "properties": {"magnitude": 2.0, "mag_category": "Minor", "depth": 10.0, "depth_category": "Shallow", "date": "2009-11-25 00:00:00", "time": "15:53:13.930000", "region": "Sulawesi - Indonesia", "year": 2009, "month": 11}}, {"type": "Feature", "geometry": {"type": "Point", "coordinates": [102.22, -1.68]}, "properties": {"magnitude": 3.9, "mag_category": "Light", "depth": 16.0, "depth_category": "Shallow", "date": "2009-09-21 00:00:00", "time": "21:18:08.779000", "region": "Southern Sumatra - Indonesia", "year": 2009, "month": 9}}, {"type": "Feature", "geometry": {"type": "Point", "coordinates": [133.31, -0.72]}, "properties": {"magnitude": 5.1, "mag_category": "Strong", "depth": 10.0, "depth_category": "Shallow", "date": "2009-01-05 00:00:00", "time": "20:32:15.219000", "region": "Irian Jaya Region - Indonesia", "year": 2009, "month": 1}}, {"type": "Feature", "geometry": {"type": "Point", "coordinates": [107.27, -7.91]}, "properties": {"magnitude": 4.1, "mag_category": "Moderate", "depth": 21.0, "depth_category": "Shallow", "date": "2009-11-05 00:00:00", "time": "02:22:24.596000", "region": "Java - Indonesia", "year": 2009, "month": 11}}, {"type": "Feature", "geometry": {"type": "Point", "coordinates": [126.71, 3.66]}, "properties": {"magnitude": 5.3, "mag_category": "Strong", "depth": 82.0, "depth_category": "Intermediate", "date": "2009-02-12 00:00:00", "time": "14:16:25.318000", "region": "Talaud Islands - Indonesia", "year": 2009, "month": 2}}, {"type": "Feature", "geometry": {"type": "Point", "coordinates": [133.1, -0.22]}, "properties": {"magnitude": 5.4, "mag_category": "Strong", "depth": 10.0, "depth_category": "Shallow", "date": "2009-01-03 00:00:00", "time": "22:07:45.575000", "region": "Irian Jaya Region - Indonesia", "year": 2009, "month": 1}}, {"type": "Feature", "geometry": {"type": "Point", "coordinates": [122.82, -0.11]}, "properties": {"magnitude": 3.3, "mag_category": "Light", "depth": 124.0, "depth_category": "Intermediate", "date": "2009-02-19 00:00:00", "time": "13:33:36.501000", "region": "Minahassa Peninsula - Sulawesi", "year": 2009, "month": 2}}, {"type": "Feature", "geometry": {"type": "Point", "coordinates": [125.01, -0.27]}, "properties": {"magnitude": 3.5, "mag_category": "Light", "depth": 19.0, "depth_category": "Shallow", "date": "2009-07-20 00:00:00", "time": "14:26:50.048000", "region": "Southern Molucca Sea", "year": 2009, "month": 7}}, {"type": "Feature", "geometry": {"type": "Point", "coordinates": [98.09, 1.38]}, "properties": {"magnitude": 3.1, "mag_category": "Light", "depth": 15.0, "depth_category": "Shallow", "date": "2009-12-27 00:00:00", "time": "07:35:43.635000", "region": "Northern Sumatra - Indonesia", "year": 2009, "month": 12}}, {"type": "Feature", "geometry": {"type": "Point", "coordinates": [107.27, -8.22]}, "properties": {"magnitude": 4.0, "mag_category": "Moderate", "depth": 11.0, "depth_category": "Shallow", "date": "2009-10-16 00:00:00", "time": "16:37:29.241000", "region": "Java - Indonesia", "year": 2009, "month": 10}}, {"type": "Feature", "geometry": {"type": "Point", "coordinates": [132.81, -0.8]}, "properties": {"magnitude": 4.4, "mag_category": "Moderate", "depth": 10.0, "depth_category": "Shallow", "date": "2009-01-21 00:00:00", "time": "13:09:24.479000", "region": "Irian Jaya Region - Indonesia", "year": 2009, "month": 1}}, {"type": "Feature", "geometry": {"type": "Point", "coordinates": [133.0, -0.64]}, "properties": {"magnitude": 3.6, "mag_category": "Light", "depth": 14.0, "depth_category": "Shallow", "date": "2009-12-23 00:00:00", "time": "21:11:30.760000", "region": "Irian Jaya Region - Indonesia", "year": 2009, "month": 12}}, {"type": "Feature", "geometry": {"type": "Point", "coordinates": [127.28, 3.47]}, "properties": {"magnitude": 4.9, "mag_category": "Moderate", "depth": 10.0, "depth_category": "Shallow", "date": "2009-02-10 00:00:00", "time": "12:37:04.594000", "region": "Talaud Islands - Indonesia", "year": 2009, "month": 2}}, {"type": "Feature", "geometry": {"type": "Point", "coordinates": [113.88, -9.73]}, "properties": {"magnitude": 3.3, "mag_category": "Light", "depth": 10.0, "depth_category": "Shallow", "date": "2009-12-19 00:00:00", "time": "19:38:05.365000", "region": "South of Java - Indonesia", "year": 2009, "month": 12}}, {"type": "Feature", "geometry": {"type": "Point", "coordinates": [119.63, -2.7]}, "properties": {"magnitude": 3.4, "mag_category": "Light", "depth": 10.0, "depth_category": "Shallow", "date": "2009-05-23 00:00:00", "time": "16:43:02.720000", "region": "Sulawesi - Indonesia", "year": 2009, "month": 5}}, {"type": "Feature", "geometry": {"type": "Point", "coordinates": [126.62, 4.04]}, "properties": {"magnitude": 4.8, "mag_category": "Moderate", "depth": 93.0, "depth_category": "Intermediate", "date": "2009-02-11 00:00:00", "time": "21:39:19.997000", "region": "Talaud Islands - Indonesia", "year": 2009, "month": 2}}, {"type": "Feature", "geometry": {"type": "Point", "coordinates": [133.19, -0.87]}, "properties": {"magnitude": 5.1, "mag_category": "Strong", "depth": 54.0, "depth_category": "Shallow", "date": "2009-03-19 00:00:00", "time": "02:17:34.481000", "region": "Irian Jaya Region - Indonesia", "year": 2009, "month": 3}}, {"type": "Feature", "geometry": {"type": "Point", "coordinates": [120.44, -1.24]}, "properties": {"magnitude": 3.3, "mag_category": "Light", "depth": 29.0, "depth_category": "Shallow", "date": "2009-12-08 00:00:00", "time": "19:12:56.899000", "region": "Sulawesi - Indonesia", "year": 2009, "month": 12}}, {"type": "Feature", "geometry": {"type": "Point", "coordinates": [107.76, -8.44]}, "properties": {"magnitude": 3.2, "mag_category": "Light", "depth": 10.0, "depth_category": "Shallow", "date": "2009-10-28 00:00:00", "time": "19:40:01.609000", "region": "Java - Indonesia", "year": 2009, "month": 10}}, {"type": "Feature", "geometry": {"type": "Point", "coordinates": [98.95, 0.8]}, "properties": {"magnitude": 4.7, "mag_category": "Moderate", "depth": 10.0, "depth_category": "Shallow", "date": "2009-08-16 00:00:00", "time": "20:43:51.627000", "region": "Northern Sumatra - Indonesia", "year": 2009, "month": 8}}, {"type": "Feature", "geometry": {"type": "Point", "coordinates": [120.0, -0.25]}, "properties": {"magnitude": 4.8, "mag_category": "Moderate", "depth": 45.0, "depth_category": "Shallow", "date": "2009-02-23 00:00:00", "time": "21:30:20.201000", "region": "Minahassa Peninsula - Sulawesi", "year": 2009, "month": 2}}, {"type": "Feature", "geometry": {"type": "Point", "coordinates": [99.96, -1.56]}, "properties": {"magnitude": 3.9, "mag_category": "Light", "depth": 10.0, "depth_category": "Shallow", "date": "2010-01-23 00:00:00", "time": "18:04:28.006000", "region": "Southern Sumatra - Indonesia", "year": 2010, "month": 1}}, {"type": "Feature", "geometry": {"type": "Point", "coordinates": [130.66, -6.31]}, "properties": {"magnitude": 4.4, "mag_category": "Moderate", "depth": 120.0, "depth_category": "Intermediate", "date": "2010-04-01 00:00:00", "time": "15:11:47.642000", "region": "Banda Sea", "year": 2010, "month": 4}}, {"type": "Feature", "geometry": {"type": "Point", "coordinates": [105.71, -6.83]}, "properties": {"magnitude": 3.3, "mag_category": "Light", "depth": 90.0, "depth_category": "Intermediate", "date": "2010-04-22 00:00:00", "time": "00:28:12.581000", "region": "Sunda Strait - Indonesia", "year": 2010, "month": 4}}, {"type": "Feature", "geometry": {"type": "Point", "coordinates": [119.72, -9.12]}, "properties": {"magnitude": 3.5, "mag_category": "Light", "depth": 59.0, "depth_category": "Shallow", "date": "2010-02-01 00:00:00", "time": "22:58:34.076000", "region": "Sumba Region - Indonesia", "year": 2010, "month": 2}}, {"type": "Feature", "geometry": {"type": "Point", "coordinates": [99.44, -1.38]}, "properties": {"magnitude": 4.6, "mag_category": "Moderate", "depth": 28.0, "depth_category": "Shallow", "date": "2010-02-05 00:00:00", "time": "06:32:14.533000", "region": "Southern Sumatra - Indonesia", "year": 2010, "month": 2}}, {"type": "Feature", "geometry": {"type": "Point", "coordinates": [125.27, -0.32]}, "properties": {"magnitude": 4.2, "mag_category": "Moderate", "depth": 10.0, "depth_category": "Shallow", "date": "2010-04-05 00:00:00", "time": "10:23:34.730000", "region": "Southern Molucca Sea", "year": 2010, "month": 4}}, {"type": "Feature", "geometry": {"type": "Point", "coordinates": [123.55, -0.49]}, "properties": {"magnitude": 3.2, "mag_category": "Light", "depth": 144.0, "depth_category": "Intermediate", "date": "2010-02-07 00:00:00", "time": "15:30:13.981000", "region": "Minahassa Peninsula - Sulawesi", "year": 2010, "month": 2}}, {"type": "Feature", "geometry": {"type": "Point", "coordinates": [138.49, -2.3]}, "properties": {"magnitude": 4.3, "mag_category": "Moderate", "depth": 15.0, "depth_category": "Shallow", "date": "2010-08-21 00:00:00", "time": "16:00:00.540000", "region": "Irian Jaya - Indonesia", "year": 2010, "month": 8}}, {"type": "Feature", "geometry": {"type": "Point", "coordinates": [133.04, 0.24]}, "properties": {"magnitude": 4.4, "mag_category": "Moderate", "depth": 118.0, "depth_category": "Intermediate", "date": "2010-08-28 00:00:00", "time": "21:30:32.563000", "region": "Irian Jaya Region - Indonesia", "year": 2010, "month": 8}}, {"type": "Feature", "geometry": {"type": "Point", "coordinates": [126.79, -4.03]}, "properties": {"magnitude": 4.3, "mag_category": "Moderate", "depth": 269.0, "depth_category": "Intermediate", "date": "2010-04-23 00:00:00", "time": "21:56:40.429000", "region": "Banda Sea", "year": 2010, "month": 4}}, {"type": "Feature", "geometry": {"type": "Point", "coordinates": [124.4, 2.7]}, "properties": {"magnitude": 4.3, "mag_category": "Moderate", "depth": 306.0, "depth_category": "Deep", "date": "2010-08-07 00:00:00", "time": "18:44:32.954000", "region": "Celebes Sea", "year": 2010, "month": 8}}, {"type": "Feature", "geometry": {"type": "Point", "coordinates": [96.97, 1.52]}, "properties": {"magnitude": 4.9, "mag_category": "Moderate", "depth": 24.0, "depth_category": "Shallow", "date": "2010-02-10 00:00:00", "time": "00:48:44.640000", "region": "Off West Coast of Northern Sumatra", "year": 2010, "month": 2}}, {"type": "Feature", "geometry": {"type": "Point", "coordinates": [97.1, 2.33]}, "properties": {"magnitude": 5.4, "mag_category": "Strong", "depth": 29.0, "depth_category": "Shallow", "date": "2010-04-06 00:00:00", "time": "22:54:07.114000", "region": "Northern Sumatra - Indonesia", "year": 2010, "month": 4}}, {"type": "Feature", "geometry": {"type": "Point", "coordinates": [114.02, -9.54]}, "properties": {"magnitude": 3.3, "mag_category": "Light", "depth": 10.0, "depth_category": "Shallow", "date": "2010-03-09 00:00:00", "time": "15:15:02.983000", "region": "South of Bali - Indonesia", "year": 2010, "month": 3}}, {"type": "Feature", "geometry": {"type": "Point", "coordinates": [127.92, -2.95]}, "properties": {"magnitude": 2.4, "mag_category": "Minor", "depth": 37.0, "depth_category": "Shallow", "date": "2010-02-25 00:00:00", "time": "19:47:35.605000", "region": "Ceram Sea", "year": 2010, "month": 2}}, {"type": "Feature", "geometry": {"type": "Point", "coordinates": [120.76, 2.13]}, "properties": {"magnitude": 4.4, "mag_category": "Moderate", "depth": 55.0, "depth_category": "Shallow", "date": "2010-04-03 00:00:00", "time": "16:44:28.362000", "region": "Celebes Sea", "year": 2010, "month": 4}}, {"type": "Feature", "geometry": {"type": "Point", "coordinates": [106.9, -9.5]}, "properties": {"magnitude": 5.1, "mag_category": "Strong", "depth": 31.0, "depth_category": "Shallow", "date": "2010-08-19 00:00:00", "time": "03:31:34.709000", "region": "South of Java - Indonesia", "year": 2010, "month": 8}}, {"type": "Feature", "geometry": {"type": "Point", "coordinates": [126.52, 1.62]}, "properties": {"magnitude": 4.5, "mag_category": "Moderate", "depth": 38.0, "depth_category": "Shallow", "date": "2010-04-27 00:00:00", "time": "07:21:38.813000", "region": "Northern Molucca Sea", "year": 2010, "month": 4}}, {"type": "Feature", "geometry": {"type": "Point", "coordinates": [119.09, -9.46]}, "properties": {"magnitude": 2.9, "mag_category": "Minor", "depth": 66.0, "depth_category": "Shallow", "date": "2010-04-10 00:00:00", "time": "07:07:16.766000", "region": "Sumba Region - Indonesia", "year": 2010, "month": 4}}, {"type": "Feature", "geometry": {"type": "Point", "coordinates": [108.11, -8.99]}, "properties": {"magnitude": 4.2, "mag_category": "Moderate", "depth": 68.0, "depth_category": "Shallow", "date": "2010-01-14 00:00:00", "time": "16:25:18.257000", "region": "Java - Indonesia", "year": 2010, "month": 1}}, {"type": "Feature", "geometry": {"type": "Point", "coordinates": [120.61, -6.08]}, "properties": {"magnitude": 4.1, "mag_category": "Moderate", "depth": 27.0, "depth_category": "Shallow", "date": "2010-03-17 00:00:00", "time": "05:27:23.020000", "region": "Flores Sea", "year": 2010, "month": 3}}, {"type": "Feature", "geometry": {"type": "Point", "coordinates": [107.29, -7.74]}, "properties": {"magnitude": 4.2, "mag_category": "Moderate", "depth": 14.0, "depth_category": "Shallow", "date": "2010-01-19 00:00:00", "time": "06:38:56.673000", "region": "Java - Indonesia", "year": 2010, "month": 1}}, {"type": "Feature", "geometry": {"type": "Point", "coordinates": [117.47, -9.12]}, "properties": {"magnitude": 3.8, "mag_category": "Light", "depth": 19.0, "depth_category": "Shallow", "date": "2010-04-15 00:00:00", "time": "16:12:22.843000", "region": "Sumbawa Region - Indonesia", "year": 2010, "month": 4}}, {"type": "Feature", "geometry": {"type": "Point", "coordinates": [127.44, -1.1]}, "properties": {"magnitude": 3.9, "mag_category": "Light", "depth": 15.0, "depth_category": "Shallow", "date": "2010-11-26 00:00:00", "time": "21:18:35.687000", "region": "Halmahera - Indonesia", "year": 2010, "month": 11}}, {"type": "Feature", "geometry": {"type": "Point", "coordinates": [131.07, -4.68]}, "properties": {"magnitude": 4.8, "mag_category": "Moderate", "depth": 51.0, "depth_category": "Shallow", "date": "2010-08-05 00:00:00", "time": "02:09:38.424000", "region": "Banda Sea", "year": 2010, "month": 8}}, {"type": "Feature", "geometry": {"type": "Point", "coordinates": [114.02, -9.41]}, "properties": {"magnitude": 3.3, "mag_category": "Light", "depth": 24.0, "depth_category": "Shallow", "date": "2010-02-22 00:00:00", "time": "08:56:39.937000", "region": "South of Bali - Indonesia", "year": 2010, "month": 2}}, {"type": "Feature", "geometry": {"type": "Point", "coordinates": [107.29, -7.9]}, "properties": {"magnitude": 4.0, "mag_category": "Moderate", "depth": 27.0, "depth_category": "Shallow", "date": "2010-01-23 00:00:00", "time": "14:30:34.235000", "region": "Java - Indonesia", "year": 2010, "month": 1}}, {"type": "Feature", "geometry": {"type": "Point", "coordinates": [96.41, 4.42]}, "properties": {"magnitude": 4.3, "mag_category": "Moderate", "depth": 10.0, "depth_category": "Shallow", "date": "2010-03-15 00:00:00", "time": "18:21:16.476000", "region": "Northern Sumatra - Indonesia", "year": 2010, "month": 3}}, {"type": "Feature", "geometry": {"type": "Point", "coordinates": [119.14, -2.42]}, "properties": {"magnitude": 2.3, "mag_category": "Minor", "depth": 11.0, "depth_category": "Shallow", "date": "2010-01-12 00:00:00", "time": "15:22:46.697000", "region": "Sulawesi - Indonesia", "year": 2010, "month": 1}}, {"type": "Feature", "geometry": {"type": "Point", "coordinates": [96.38, 2.03]}, "properties": {"magnitude": 4.4, "mag_category": "Moderate", "depth": 35.0, "depth_category": "Shallow", "date": "2010-04-06 00:00:00", "time": "22:45:58.041000", "region": "Northern Sumatra - Indonesia", "year": 2010, "month": 4}}, {"type": "Feature", "geometry": {"type": "Point", "coordinates": [99.87, -0.82]}, "properties": {"magnitude": 3.9, "mag_category": "Light", "depth": 54.0, "depth_category": "Shallow", "date": "2010-01-03 00:00:00", "time": "15:39:49.354000", "region": "Southern Sumatra - Indonesia", "year": 2010, "month": 1}}, {"type": "Feature", "geometry": {"type": "Point", "coordinates": [107.55, -7.2]}, "properties": {"magnitude": 2.5, "mag_category": "Minor", "depth": 32.0, "depth_category": "Shallow", "date": "2010-03-27 00:00:00", "time": "17:06:37.358000", "region": "Java - Indonesia", "year": 2010, "month": 3}}, {"type": "Feature", "geometry": {"type": "Point", "coordinates": [123.0, -10.74]}, "properties": {"magnitude": 4.0, "mag_category": "Moderate", "depth": 10.0, "depth_category": "Shallow", "date": "2010-11-29 00:00:00", "time": "03:00:47.471000", "region": "Timor Region", "year": 2010, "month": 11}}, {"type": "Feature", "geometry": {"type": "Point", "coordinates": [129.86, -2.81]}, "properties": {"magnitude": 3.6, "mag_category": "Light", "depth": 23.0, "depth_category": "Shallow", "date": "2010-01-04 00:00:00", "time": "14:11:46.857000", "region": "Seram - Indonesia", "year": 2010, "month": 1}}, {"type": "Feature", "geometry": {"type": "Point", "coordinates": [119.4, -10.03]}, "properties": {"magnitude": 3.3, "mag_category": "Light", "depth": 10.0, "depth_category": "Shallow", "date": "2010-12-18 00:00:00", "time": "18:33:05.888000", "region": "Sumba Region - Indonesia", "year": 2010, "month": 12}}, {"type": "Feature", "geometry": {"type": "Point", "coordinates": [122.01, -0.33]}, "properties": {"magnitude": 3.0, "mag_category": "Light", "depth": 135.0, "depth_category": "Intermediate", "date": "2010-08-23 00:00:00", "time": "14:24:15.696000", "region": "Minahassa Peninsula - Sulawesi", "year": 2010, "month": 8}}, {"type": "Feature", "geometry": {"type": "Point", "coordinates": [105.64, -8.02]}, "properties": {"magnitude": 4.1, "mag_category": "Moderate", "depth": 93.0, "depth_category": "Intermediate", "date": "2010-12-01 00:00:00", "time": "21:54:24.644000", "region": "South of Java - Indonesia", "year": 2010, "month": 12}}, {"type": "Feature", "geometry": {"type": "Point", "coordinates": [128.97, -2.89]}, "properties": {"magnitude": 4.8, "mag_category": "Moderate", "depth": 10.0, "depth_category": "Shallow", "date": "2010-08-11 00:00:00", "time": "03:41:13.944000", "region": "Ceram Sea", "year": 2010, "month": 8}}, {"type": "Feature", "geometry": {"type": "Point", "coordinates": [96.78, 1.97]}, "properties": {"magnitude": 2.9, "mag_category": "Minor", "depth": 10.0, "depth_category": "Shallow", "date": "2010-04-15 00:00:00", "time": "07:30:48.087000", "region": "Off West Coast of Northern Sumatra", "year": 2010, "month": 4}}, {"type": "Feature", "geometry": {"type": "Point", "coordinates": [96.5, 3.12]}, "properties": {"magnitude": 3.6, "mag_category": "Light", "depth": 46.0, "depth_category": "Shallow", "date": "2010-08-18 00:00:00", "time": "08:58:01.123000", "region": "Northern Sumatra - Indonesia", "year": 2010, "month": 8}}, {"type": "Feature", "geometry": {"type": "Point", "coordinates": [114.86, -8.05]}, "properties": {"magnitude": 2.9, "mag_category": "Minor", "depth": 10.0, "depth_category": "Shallow", "date": "2010-01-29 00:00:00", "time": "11:21:58.001000", "region": "Bali Region - Indonesia", "year": 2010, "month": 1}}, {"type": "Feature", "geometry": {"type": "Point", "coordinates": [126.16, 2.33]}, "properties": {"magnitude": 5.3, "mag_category": "Strong", "depth": 20.0, "depth_category": "Shallow", "date": "2010-01-15 00:00:00", "time": "02:47:15.989000", "region": "Northern Molucca Sea", "year": 2010, "month": 1}}, {"type": "Feature", "geometry": {"type": "Point", "coordinates": [100.11, -0.73]}, "properties": {"magnitude": 4.4, "mag_category": "Moderate", "depth": 65.0, "depth_category": "Shallow", "date": "2010-12-18 00:00:00", "time": "00:24:45.002000", "region": "Southern Sumatra - Indonesia", "year": 2010, "month": 12}}, {"type": "Feature", "geometry": {"type": "Point", "coordinates": [98.67, 0.85]}, "properties": {"magnitude": 3.6, "mag_category": "Light", "depth": 59.0, "depth_category": "Shallow", "date": "2010-12-16 00:00:00", "time": "11:46:55.648000", "region": "Northern Sumatra - Indonesia", "year": 2010, "month": 12}}, {"type": "Feature", "geometry": {"type": "Point", "coordinates": [107.31, -8.01]}, "properties": {"magnitude": 2.7, "mag_category": "Minor", "depth": 10.0, "depth_category": "Shallow", "date": "2010-03-17 00:00:00", "time": "16:08:12.382000", "region": "Java - Indonesia", "year": 2010, "month": 3}}, {"type": "Feature", "geometry": {"type": "Point", "coordinates": [127.93, -7.76]}, "properties": {"magnitude": 4.6, "mag_category": "Moderate", "depth": 173.0, "depth_category": "Intermediate", "date": "2010-12-26 00:00:00", "time": "05:10:14.068000", "region": "Banda Sea", "year": 2010, "month": 12}}, {"type": "Feature", "geometry": {"type": "Point", "coordinates": [127.41, -3.23]}, "properties": {"magnitude": 4.5, "mag_category": "Moderate", "depth": 10.0, "depth_category": "Shallow", "date": "2010-01-06 00:00:00", "time": "16:45:00.036000", "region": "Seram - Indonesia", "year": 2010, "month": 1}}, {"type": "Feature", "geometry": {"type": "Point", "coordinates": [126.65, 3.8]}, "properties": {"magnitude": 4.8, "mag_category": "Moderate", "depth": 10.0, "depth_category": "Shallow", "date": "2010-01-21 00:00:00", "time": "18:19:33.504000", "region": "Talaud Islands - Indonesia", "year": 2010, "month": 1}}, {"type": "Feature", "geometry": {"type": "Point", "coordinates": [98.38, 3.33]}, "properties": {"magnitude": 2.0, "mag_category": "Minor", "depth": 10.0, "depth_category": "Shallow", "date": "2010-01-20 00:00:00", "time": "17:51:28.590000", "region": "Northern Sumatra - Indonesia", "year": 2010, "month": 1}}, {"type": "Feature", "geometry": {"type": "Point", "coordinates": [98.76, 0.53]}, "properties": {"magnitude": 3.3, "mag_category": "Light", "depth": 10.0, "depth_category": "Shallow", "date": "2010-12-08 00:00:00", "time": "16:12:48.728000", "region": "Northern Sumatra - Indonesia", "year": 2010, "month": 12}}, {"type": "Feature", "geometry": {"type": "Point", "coordinates": [120.99, -2.09]}, "properties": {"magnitude": 2.9, "mag_category": "Minor", "depth": 72.0, "depth_category": "Intermediate", "date": "2010-04-04 00:00:00", "time": "16:05:51.477000", "region": "Sulawesi - Indonesia", "year": 2010, "month": 4}}, {"type": "Feature", "geometry": {"type": "Point", "coordinates": [133.71, -4.91]}, "properties": {"magnitude": 4.4, "mag_category": "Moderate", "depth": 53.0, "depth_category": "Shallow", "date": "2010-12-10 00:00:00", "time": "19:50:03.415000", "region": "Irian Jaya Region - Indonesia", "year": 2010, "month": 12}}, {"type": "Feature", "geometry": {"type": "Point", "coordinates": [100.04, 1.05]}, "properties": {"magnitude": 3.5, "mag_category": "Light", "depth": 196.0, "depth_category": "Intermediate", "date": "2010-03-12 00:00:00", "time": "21:38:30.898000", "region": "Northern Sumatra - Indonesia", "year": 2010, "month": 3}}, {"type": "Feature", "geometry": {"type": "Point", "coordinates": [125.15, 3.1]}, "properties": {"magnitude": 4.8, "mag_category": "Moderate", "depth": 498.0, "depth_category": "Deep", "date": "2010-12-06 00:00:00", "time": "02:57:15.928000", "region": "Talaud Islands - Indonesia", "year": 2010, "month": 12}}, {"type": "Feature", "geometry": {"type": "Point", "coordinates": [124.34, -0.28]}, "properties": {"magnitude": 4.0, "mag_category": "Moderate", "depth": 259.0, "depth_category": "Intermediate", "date": "2010-04-03 00:00:00", "time": "07:37:46.037000", "region": "Southern Molucca Sea", "year": 2010, "month": 4}}, {"type": "Feature", "geometry": {"type": "Point", "coordinates": [126.95, -3.7]}, "properties": {"magnitude": 2.7, "mag_category": "Minor", "depth": 34.0, "depth_category": "Shallow", "date": "2010-04-17 00:00:00", "time": "19:22:25.477000", "region": "Buru - Indonesia", "year": 2010, "month": 4}}, {"type": "Feature", "geometry": {"type": "Point", "coordinates": [118.24, -8.01]}, "properties": {"magnitude": 3.7, "mag_category": "Light", "depth": 10.0, "depth_category": "Shallow", "date": "2010-02-23 00:00:00", "time": "19:01:53.626000", "region": "Sumbawa Region - Indonesia", "year": 2010, "month": 2}}, {"type": "Feature", "geometry": {"type": "Point", "coordinates": [117.94, -9.39]}, "properties": {"magnitude": 3.4, "mag_category": "Light", "depth": 30.0, "depth_category": "Shallow", "date": "2010-03-12 00:00:00", "time": "10:16:58.233000", "region": "Sumbawa Region - Indonesia", "year": 2010, "month": 3}}, {"type": "Feature", "geometry": {"type": "Point", "coordinates": [107.42, -7.82]}, "properties": {"magnitude": 2.6, "mag_category": "Minor", "depth": 47.0, "depth_category": "Shallow", "date": "2010-02-13 00:00:00", "time": "14:34:56.461000", "region": "Java - Indonesia", "year": 2010, "month": 2}}, {"type": "Feature", "geometry": {"type": "Point", "coordinates": [122.45, -0.67]}, "properties": {"magnitude": 2.9, "mag_category": "Minor", "depth": 10.0, "depth_category": "Shallow", "date": "2010-11-26 00:00:00", "time": "10:29:36.765000", "region": "Minahassa Peninsula - Sulawesi", "year": 2010, "month": 11}}, {"type": "Feature", "geometry": {"type": "Point", "coordinates": [103.75, -6.49]}, "properties": {"magnitude": 3.1, "mag_category": "Light", "depth": 10.0, "depth_category": "Shallow", "date": "2010-02-16 00:00:00", "time": "18:11:17.696000", "region": "Southwest of Sumatra - Indonesia", "year": 2010, "month": 2}}, {"type": "Feature", "geometry": {"type": "Point", "coordinates": [122.6, 0.13]}, "properties": {"magnitude": 2.7, "mag_category": "Minor", "depth": 10.0, "depth_category": "Shallow", "date": "2010-01-23 00:00:00", "time": "13:49:12.519000", "region": "Minahassa Peninsula - Sulawesi", "year": 2010, "month": 1}}, {"type": "Feature", "geometry": {"type": "Point", "coordinates": [104.84, -6.66]}, "properties": {"magnitude": 4.8, "mag_category": "Moderate", "depth": 10.0, "depth_category": "Shallow", "date": "2010-02-13 00:00:00", "time": "19:30:55.028000", "region": "Sunda Strait - Indonesia", "year": 2010, "month": 2}}, {"type": "Feature", "geometry": {"type": "Point", "coordinates": [96.57, 2.52]}, "properties": {"magnitude": 2.6, "mag_category": "Minor", "depth": 27.0, "depth_category": "Shallow", "date": "2010-04-07 00:00:00", "time": "18:14:56.145000", "region": "Northern Sumatra - Indonesia", "year": 2010, "month": 4}}, {"type": "Feature", "geometry": {"type": "Point", "coordinates": [126.66, 2.54]}, "properties": {"magnitude": 4.9, "mag_category": "Moderate", "depth": 102.0, "depth_category": "Intermediate", "date": "2010-03-13 00:00:00", "time": "10:55:08.458000", "region": "Northern Molucca Sea", "year": 2010, "month": 3}}, {"type": "Feature", "geometry": {"type": "Point", "coordinates": [122.91, -3.4]}, "properties": {"magnitude": 3.5, "mag_category": "Light", "depth": 51.0, "depth_category": "Shallow", "date": "2010-02-20 00:00:00", "time": "03:01:40.697000", "region": "Sulawesi - Indonesia", "year": 2010, "month": 2}}, {"type": "Feature", "geometry": {"type": "Point", "coordinates": [138.93, -2.6]}, "properties": {"magnitude": 3.1, "mag_category": "Light", "depth": 23.0, "depth_category": "Shallow", "date": "2010-02-18 00:00:00", "time": "19:19:54.121000", "region": "Irian Jaya - Indonesia", "year": 2010, "month": 2}}, {"type": "Feature", "geometry": {"type": "Point", "coordinates": [122.35, 0.54]}, "properties": {"magnitude": 2.9, "mag_category": "Minor", "depth": 56.0, "depth_category": "Shallow", "date": "2010-01-16 00:00:00", "time": "21:47:49.222000", "region": "Minahassa Peninsula - Sulawesi", "year": 2010, "month": 1}}, {"type": "Feature", "geometry": {"type": "Point", "coordinates": [127.45, -0.14]}, "properties": {"magnitude": 3.3, "mag_category": "Light", "depth": 141.0, "depth_category": "Intermediate", "date": "2010-08-31 00:00:00", "time": "10:52:06.947000", "region": "Halmahera - Indonesia", "year": 2010, "month": 8}}, {"type": "Feature", "geometry": {"type": "Point", "coordinates": [100.01, 0.95]}, "properties": {"magnitude": 3.5, "mag_category": "Light", "depth": 187.0, "depth_category": "Intermediate", "date": "2010-01-04 00:00:00", "time": "11:06:52.052000", "region": "Northern Sumatra - Indonesia", "year": 2010, "month": 1}}, {"type": "Feature", "geometry": {"type": "Point", "coordinates": [105.32, -7.02]}, "properties": {"magnitude": 3.8, "mag_category": "Light", "depth": 18.0, "depth_category": "Shallow", "date": "2010-12-16 00:00:00", "time": "09:14:17.318000", "region": "Java - Indonesia", "year": 2010, "month": 12}}, {"type": "Feature", "geometry": {"type": "Point", "coordinates": [96.56, 2.18]}, "properties": {"magnitude": 4.7, "mag_category": "Moderate", "depth": 10.0, "depth_category": "Shallow", "date": "2010-04-06 00:00:00", "time": "23:07:24.498000", "region": "Northern Sumatra - Indonesia", "year": 2010, "month": 4}}, {"type": "Feature", "geometry": {"type": "Point", "coordinates": [110.64, -9.01]}, "properties": {"magnitude": 3.2, "mag_category": "Light", "depth": 10.0, "depth_category": "Shallow", "date": "2010-04-17 00:00:00", "time": "15:26:29.724000", "region": "South of Java - Indonesia", "year": 2010, "month": 4}}, {"type": "Feature", "geometry": {"type": "Point", "coordinates": [122.8, -0.32]}, "properties": {"magnitude": 3.3, "mag_category": "Light", "depth": 10.0, "depth_category": "Shallow", "date": "2010-08-06 00:00:00", "time": "03:41:06.994000", "region": "Minahassa Peninsula - Sulawesi", "year": 2010, "month": 8}}, {"type": "Feature", "geometry": {"type": "Point", "coordinates": [107.35, -8.47]}, "properties": {"magnitude": 4.1, "mag_category": "Moderate", "depth": 10.0, "depth_category": "Shallow", "date": "2010-12-02 00:00:00", "time": "18:58:07.947000", "region": "Java - Indonesia", "year": 2010, "month": 12}}, {"type": "Feature", "geometry": {"type": "Point", "coordinates": [117.94, -8.07]}, "properties": {"magnitude": 4.0, "mag_category": "Moderate", "depth": 10.0, "depth_category": "Shallow", "date": "2010-03-28 00:00:00", "time": "17:58:39.698000", "region": "Sumbawa Region - Indonesia", "year": 2010, "month": 3}}, {"type": "Feature", "geometry": {"type": "Point", "coordinates": [96.17, 2.4]}, "properties": {"magnitude": 3.0, "mag_category": "Light", "depth": 27.0, "depth_category": "Shallow", "date": "2010-04-14 00:00:00", "time": "17:39:12.634000", "region": "Northern Sumatra - Indonesia", "year": 2010, "month": 4}}, {"type": "Feature", "geometry": {"type": "Point", "coordinates": [96.76, 2.27]}, "properties": {"magnitude": 4.3, "mag_category": "Moderate", "depth": 17.0, "depth_category": "Shallow", "date": "2010-01-23 00:00:00", "time": "16:35:22.085000", "region": "Northern Sumatra - Indonesia", "year": 2010, "month": 1}}, {"type": "Feature", "geometry": {"type": "Point", "coordinates": [99.3, 1.98]}, "properties": {"magnitude": 3.1, "mag_category": "Light", "depth": 417.0, "depth_category": "Deep", "date": "2010-03-10 00:00:00", "time": "12:39:42.925000", "region": "Northern Sumatra - Indonesia", "year": 2010, "month": 3}}, {"type": "Feature", "geometry": {"type": "Point", "coordinates": [122.34, -2.83]}, "properties": {"magnitude": 3.7, "mag_category": "Light", "depth": 10.0, "depth_category": "Shallow", "date": "2010-03-22 00:00:00", "time": "22:16:33.047000", "region": "Sulawesi - Indonesia", "year": 2010, "month": 3}}, {"type": "Feature", "geometry": {"type": "Point", "coordinates": [133.88, -4.07]}, "properties": {"magnitude": 4.6, "mag_category": "Moderate", "depth": 55.0, "depth_category": "Shallow", "date": "2010-08-15 00:00:00", "time": "14:43:16.765000", "region": "Irian Jaya Region - Indonesia", "year": 2010, "month": 8}}, {"type": "Feature", "geometry": {"type": "Point", "coordinates": [121.13, -2.37]}, "properties": {"magnitude": 4.1, "mag_category": "Moderate", "depth": 10.0, "depth_category": "Shallow", "date": "2010-02-24 00:00:00", "time": "16:14:55.543000", "region": "Sulawesi - Indonesia", "year": 2010, "month": 2}}, {"type": "Feature", "geometry": {"type": "Point", "coordinates": [107.41, -8.06]}, "properties": {"magnitude": 2.7, "mag_category": "Minor", "depth": 15.0, "depth_category": "Shallow", "date": "2010-02-27 00:00:00", "time": "14:59:38.591000", "region": "Java - Indonesia", "year": 2010, "month": 2}}, {"type": "Feature", "geometry": {"type": "Point", "coordinates": [99.41, -1.38]}, "properties": {"magnitude": 3.9, "mag_category": "Light", "depth": 13.0, "depth_category": "Shallow", "date": "2010-01-01 00:00:00", "time": "04:41:19.213000", "region": "Southern Sumatra - Indonesia", "year": 2010, "month": 1}}, {"type": "Feature", "geometry": {"type": "Point", "coordinates": [128.37, -3.04]}, "properties": {"magnitude": 1.7, "mag_category": "Minor", "depth": 21.0, "depth_category": "Shallow", "date": "2010-12-27 00:00:00", "time": "18:12:01.917000", "region": "Seram - Indonesia", "year": 2010, "month": 12}}, {"type": "Feature", "geometry": {"type": "Point", "coordinates": [96.62, 1.95]}, "properties": {"magnitude": 3.4, "mag_category": "Light", "depth": 28.0, "depth_category": "Shallow", "date": "2010-04-13 00:00:00", "time": "04:14:30.796000", "region": "Off West Coast of Northern Sumatra", "year": 2010, "month": 4}}, {"type": "Feature", "geometry": {"type": "Point", "coordinates": [130.95, -3.14]}, "properties": {"magnitude": 3.8, "mag_category": "Light", "depth": 11.0, "depth_category": "Shallow", "date": "2010-11-27 00:00:00", "time": "17:19:31.593000", "region": "Seram - Indonesia", "year": 2010, "month": 11}}, {"type": "Feature", "geometry": {"type": "Point", "coordinates": [105.61, -7.0]}, "properties": {"magnitude": 4.2, "mag_category": "Moderate", "depth": 20.0, "depth_category": "Shallow", "date": "2010-01-24 00:00:00", "time": "15:14:18.256000", "region": "Java - Indonesia", "year": 2010, "month": 1}}, {"type": "Feature", "geometry": {"type": "Point", "coordinates": [96.92, 3.07]}, "properties": {"magnitude": 4.5, "mag_category": "Moderate", "depth": 51.0, "depth_category": "Shallow", "date": "2010-12-26 00:00:00", "time": "21:42:11.133000", "region": "Northern Sumatra - Indonesia", "year": 2010, "month": 12}}, {"type": "Feature", "geometry": {"type": "Point", "coordinates": [129.82, -6.88]}, "properties": {"magnitude": 4.7, "mag_category": "Moderate", "depth": 118.0, "depth_category": "Intermediate", "date": "2010-03-29 00:00:00", "time": "07:45:57.733000", "region": "Banda Sea", "year": 2010, "month": 3}}, {"type": "Feature", "geometry": {"type": "Point", "coordinates": [126.39, 1.28]}, "properties": {"magnitude": 6.2, "mag_category": "Major", "depth": 57.0, "depth_category": "Shallow", "date": "2010-08-03 00:00:00", "time": "12:08:28.920000", "region": "Northern Molucca Sea", "year": 2010, "month": 8}}, {"type": "Feature", "geometry": {"type": "Point", "coordinates": [120.37, -3.27]}, "properties": {"magnitude": 2.8, "mag_category": "Minor", "depth": 10.0, "depth_category": "Shallow", "date": "2010-02-12 00:00:00", "time": "21:48:26.730000", "region": "Sulawesi - Indonesia", "year": 2010, "month": 2}}, {"type": "Feature", "geometry": {"type": "Point", "coordinates": [103.2, -2.87]}, "properties": {"magnitude": 4.4, "mag_category": "Moderate", "depth": 10.0, "depth_category": "Shallow", "date": "2010-08-19 00:00:00", "time": "11:14:03.465000", "region": "Southern Sumatra - Indonesia", "year": 2010, "month": 8}}, {"type": "Feature", "geometry": {"type": "Point", "coordinates": [121.95, 1.88]}, "properties": {"magnitude": 3.8, "mag_category": "Light", "depth": 21.0, "depth_category": "Shallow", "date": "2010-04-13 00:00:00", "time": "12:10:42.739000", "region": "Minahassa Peninsula - Sulawesi", "year": 2010, "month": 4}}, {"type": "Feature", "geometry": {"type": "Point", "coordinates": [100.15, -4.56]}, "properties": {"magnitude": 4.3, "mag_category": "Moderate", "depth": 39.0, "depth_category": "Shallow", "date": "2010-08-06 00:00:00", "time": "06:45:51.596000", "region": "Southwest of Sumatra - Indonesia", "year": 2010, "month": 8}}, {"type": "Feature", "geometry": {"type": "Point", "coordinates": [113.35, -8.44]}, "properties": {"magnitude": 3.0, "mag_category": "Light", "depth": 101.0, "depth_category": "Intermediate", "date": "2010-04-12 00:00:00", "time": "05:10:38.449000", "region": "Java - Indonesia", "year": 2010, "month": 4}}, {"type": "Feature", "geometry": {"type": "Point", "coordinates": [120.71, -0.81]}, "properties": {"magnitude": 3.6, "mag_category": "Light", "depth": 56.0, "depth_category": "Shallow", "date": "2010-07-25 00:00:00", "time": "01:31:27.932000", "region": "Minahassa Peninsula - Sulawesi", "year": 2010, "month": 7}}, {"type": "Feature", "geometry": {"type": "Point", "coordinates": [120.86, -2.31]}, "properties": {"magnitude": 3.3, "mag_category": "Light", "depth": 10.0, "depth_category": "Shallow", "date": "2010-04-27 00:00:00", "time": "06:09:02.871000", "region": "Sulawesi - Indonesia", "year": 2010, "month": 4}}, {"type": "Feature", "geometry": {"type": "Point", "coordinates": [121.97, -0.06]}, "properties": {"magnitude": 2.9, "mag_category": "Minor", "depth": 227.0, "depth_category": "Intermediate", "date": "2010-03-09 00:00:00", "time": "07:01:15.042000", "region": "Minahassa Peninsula - Sulawesi", "year": 2010, "month": 3}}, {"type": "Feature", "geometry": {"type": "Point", "coordinates": [125.0, -0.05]}, "properties": {"magnitude": 4.6, "mag_category": "Moderate", "depth": 51.0, "depth_category": "Shallow", "date": "2010-08-29 00:00:00", "time": "01:30:34.417000", "region": "Southern Molucca Sea", "year": 2010, "month": 8}}, {"type": "Feature", "geometry": {"type": "Point", "coordinates": [122.95, -0.68]}, "properties": {"magnitude": 4.3, "mag_category": "Moderate", "depth": 10.0, "depth_category": "Shallow", "date": "2010-01-02 00:00:00", "time": "01:46:59.087000", "region": "Minahassa Peninsula - Sulawesi", "year": 2010, "month": 1}}, {"type": "Feature", "geometry": {"type": "Point", "coordinates": [107.81, -8.29]}, "properties": {"magnitude": 2.9, "mag_category": "Minor", "depth": 40.0, "depth_category": "Shallow", "date": "2010-04-09 00:00:00", "time": "13:37:52.891000", "region": "Java - Indonesia", "year": 2010, "month": 4}}, {"type": "Feature", "geometry": {"type": "Point", "coordinates": [100.03, 1.27]}, "properties": {"magnitude": 3.7, "mag_category": "Light", "depth": 203.0, "depth_category": "Intermediate", "date": "2010-04-04 00:00:00", "time": "19:35:25.345000", "region": "Northern Sumatra - Indonesia", "year": 2010, "month": 4}}, {"type": "Feature", "geometry": {"type": "Point", "coordinates": [122.18, 0.22]}, "properties": {"magnitude": 3.8, "mag_category": "Light", "depth": 166.0, "depth_category": "Intermediate", "date": "2010-01-20 00:00:00", "time": "18:38:10.859000", "region": "Minahassa Peninsula - Sulawesi", "year": 2010, "month": 1}}, {"type": "Feature", "geometry": {"type": "Point", "coordinates": [107.87, -8.09]}, "properties": {"magnitude": 4.7, "mag_category": "Moderate", "depth": 18.0, "depth_category": "Shallow", "date": "2010-01-24 00:00:00", "time": "02:46:48.832000", "region": "Java - Indonesia", "year": 2010, "month": 1}}, {"type": "Feature", "geometry": {"type": "Point", "coordinates": [106.07, -7.57]}, "properties": {"magnitude": 3.1, "mag_category": "Light", "depth": 27.0, "depth_category": "Shallow", "date": "2010-01-31 00:00:00", "time": "20:13:08.501000", "region": "Java - Indonesia", "year": 2010, "month": 1}}, {"type": "Feature", "geometry": {"type": "Point", "coordinates": [108.39, -9.17]}, "properties": {"magnitude": 3.4, "mag_category": "Light", "depth": 89.0, "depth_category": "Intermediate", "date": "2010-02-18 00:00:00", "time": "03:30:20.739000", "region": "South of Java - Indonesia", "year": 2010, "month": 2}}, {"type": "Feature", "geometry": {"type": "Point", "coordinates": [128.84, -5.68]}, "properties": {"magnitude": 5.0, "mag_category": "Strong", "depth": 315.0, "depth_category": "Deep", "date": "2010-08-18 00:00:00", "time": "10:52:58.370000", "region": "Banda Sea", "year": 2010, "month": 8}}, {"type": "Feature", "geometry": {"type": "Point", "coordinates": [98.51, 0.49]}, "properties": {"magnitude": 3.0, "mag_category": "Light", "depth": 17.0, "depth_category": "Shallow", "date": "2010-02-06 00:00:00", "time": "14:01:26.668000", "region": "Northern Sumatra - Indonesia", "year": 2010, "month": 2}}, {"type": "Feature", "geometry": {"type": "Point", "coordinates": [97.35, 0.85]}, "properties": {"magnitude": 3.6, "mag_category": "Light", "depth": 37.0, "depth_category": "Shallow", "date": "2010-12-13 00:00:00", "time": "11:23:48.641000", "region": "Northern Sumatra - Indonesia", "year": 2010, "month": 12}}, {"type": "Feature", "geometry": {"type": "Point", "coordinates": [110.61, -7.75]}, "properties": {"magnitude": 2.8, "mag_category": "Minor", "depth": 10.0, "depth_category": "Shallow", "date": "2010-01-24 00:00:00", "time": "01:11:12.864000", "region": "Java - Indonesia", "year": 2010, "month": 1}}, {"type": "Feature", "geometry": {"type": "Point", "coordinates": [127.04, 1.41]}, "properties": {"magnitude": 3.7, "mag_category": "Light", "depth": 22.0, "depth_category": "Shallow", "date": "2010-08-21 00:00:00", "time": "09:57:25.051000", "region": "Halmahera - Indonesia", "year": 2010, "month": 8}}, {"type": "Feature", "geometry": {"type": "Point", "coordinates": [96.15, 2.84]}, "properties": {"magnitude": 4.0, "mag_category": "Moderate", "depth": 23.0, "depth_category": "Shallow", "date": "2010-12-21 00:00:00", "time": "20:16:20.489000", "region": "Northern Sumatra - Indonesia", "year": 2010, "month": 12}}, {"type": "Feature", "geometry": {"type": "Point", "coordinates": [100.8, -2.04]}, "properties": {"magnitude": 4.2, "mag_category": "Moderate", "depth": 46.0, "depth_category": "Shallow", "date": "2010-01-03 00:00:00", "time": "18:20:49.115000", "region": "Southern Sumatra - Indonesia", "year": 2010, "month": 1}}, {"type": "Feature", "geometry": {"type": "Point", "coordinates": [133.02, -3.84]}, "properties": {"magnitude": 4.5, "mag_category": "Moderate", "depth": 47.0, "depth_category": "Shallow", "date": "2010-03-20 00:00:00", "time": "07:30:53.538000", "region": "Irian Jaya Region - Indonesia", "year": 2010, "month": 3}}, {"type": "Feature", "geometry": {"type": "Point", "coordinates": [104.09, -5.83]}, "properties": {"magnitude": 3.7, "mag_category": "Light", "depth": 10.0, "depth_category": "Shallow", "date": "2010-12-01 00:00:00", "time": "08:22:05.356000", "region": "Southern Sumatra - Indonesia", "year": 2010, "month": 12}}, {"type": "Feature", "geometry": {"type": "Point", "coordinates": [102.53, -5.11]}, "properties": {"magnitude": 3.4, "mag_category": "Light", "depth": 40.0, "depth_category": "Shallow", "date": "2010-01-18 00:00:00", "time": "16:52:04.900000", "region": "Southern Sumatra - Indonesia", "year": 2010, "month": 1}}, {"type": "Feature", "geometry": {"type": "Point", "coordinates": [127.74, -1.08]}, "properties": {"magnitude": 3.3, "mag_category": "Light", "depth": 10.0, "depth_category": "Shallow", "date": "2010-03-08 00:00:00", "time": "17:17:11.317000", "region": "Halmahera - Indonesia", "year": 2010, "month": 3}}, {"type": "Feature", "geometry": {"type": "Point", "coordinates": [107.39, -8.07]}, "properties": {"magnitude": 2.9, "mag_category": "Minor", "depth": 14.0, "depth_category": "Shallow", "date": "2010-03-16 00:00:00", "time": "18:26:19.509000", "region": "Java - Indonesia", "year": 2010, "month": 3}}, {"type": "Feature", "geometry": {"type": "Point", "coordinates": [133.54, -4.64]}, "properties": {"magnitude": 4.7, "mag_category": "Moderate", "depth": 69.0, "depth_category": "Shallow", "date": "2010-01-11 00:00:00", "time": "02:09:48.584000", "region": "Irian Jaya Region - Indonesia", "year": 2010, "month": 1}}, {"type": "Feature", "geometry": {"type": "Point", "coordinates": [120.83, -2.04]}, "properties": {"magnitude": 3.3, "mag_category": "Light", "depth": 63.0, "depth_category": "Shallow", "date": "2010-01-11 00:00:00", "time": "07:08:07.190000", "region": "Sulawesi - Indonesia", "year": 2010, "month": 1}}, {"type": "Feature", "geometry": {"type": "Point", "coordinates": [127.87, -1.98]}, "properties": {"magnitude": 3.4, "mag_category": "Light", "depth": 84.0, "depth_category": "Intermediate", "date": "2010-04-26 00:00:00", "time": "03:49:15.641000", "region": "Halmahera - Indonesia", "year": 2010, "month": 4}}, {"type": "Feature", "geometry": {"type": "Point", "coordinates": [98.06, -1.1]}, "properties": {"magnitude": 4.1, "mag_category": "Moderate", "depth": 10.0, "depth_category": "Shallow", "date": "2010-08-15 00:00:00", "time": "23:34:07.661000", "region": "Southern Sumatra - Indonesia", "year": 2010, "month": 8}}, {"type": "Feature", "geometry": {"type": "Point", "coordinates": [125.41, 0.1]}, "properties": {"magnitude": 4.3, "mag_category": "Moderate", "depth": 28.0, "depth_category": "Shallow", "date": "2010-04-07 00:00:00", "time": "02:59:02.081000", "region": "Northern Molucca Sea", "year": 2010, "month": 4}}, {"type": "Feature", "geometry": {"type": "Point", "coordinates": [123.74, -9.29]}, "properties": {"magnitude": 3.4, "mag_category": "Light", "depth": 43.0, "depth_category": "Shallow", "date": "2010-02-18 00:00:00", "time": "16:11:11.187000", "region": "Timor Region", "year": 2010, "month": 2}}, {"type": "Feature", "geometry": {"type": "Point", "coordinates": [127.59, 2.54]}, "properties": {"magnitude": 4.1, "mag_category": "Moderate", "depth": 159.0, "depth_category": "Intermediate", "date": "2010-11-29 00:00:00", "time": "20:20:04.919000", "region": "Northern Molucca Sea", "year": 2010, "month": 11}}, {"type": "Feature", "geometry": {"type": "Point", "coordinates": [120.04, -9.15]}, "properties": {"magnitude": 3.5, "mag_category": "Light", "depth": 30.0, "depth_category": "Shallow", "date": "2010-03-10 00:00:00", "time": "23:58:36.800000", "region": "Sumba Region - Indonesia", "year": 2010, "month": 3}}, {"type": "Feature", "geometry": {"type": "Point", "coordinates": [128.57, -3.46]}, "properties": {"magnitude": 2.0, "mag_category": "Minor", "depth": 10.0, "depth_category": "Shallow", "date": "2010-03-11 00:00:00", "time": "03:29:27.350000", "region": "Seram - Indonesia", "year": 2010, "month": 3}}, {"type": "Feature", "geometry": {"type": "Point", "coordinates": [113.11, -9.25]}, "properties": {"magnitude": 3.2, "mag_category": "Light", "depth": 36.0, "depth_category": "Shallow", "date": "2010-03-28 00:00:00", "time": "16:59:24.585000", "region": "South of Java - Indonesia", "year": 2010, "month": 3}}, {"type": "Feature", "geometry": {"type": "Point", "coordinates": [103.67, -6.5]}, "properties": {"magnitude": 4.6, "mag_category": "Moderate", "depth": 17.0, "depth_category": "Shallow", "date": "2010-12-03 00:00:00", "time": "16:05:04.084000", "region": "Southwest of Sumatra - Indonesia", "year": 2010, "month": 12}}, {"type": "Feature", "geometry": {"type": "Point", "coordinates": [111.26, -9.23]}, "properties": {"magnitude": 3.9, "mag_category": "Light", "depth": 54.0, "depth_category": "Shallow", "date": "2010-07-27 00:00:00", "time": "15:42:42.929000", "region": "South of Java - Indonesia", "year": 2010, "month": 7}}, {"type": "Feature", "geometry": {"type": "Point", "coordinates": [122.75, 1.48]}, "properties": {"magnitude": 3.8, "mag_category": "Light", "depth": 10.0, "depth_category": "Shallow", "date": "2010-04-01 00:00:00", "time": "12:26:34.709000", "region": "Minahassa Peninsula - Sulawesi", "year": 2010, "month": 4}}, {"type": "Feature", "geometry": {"type": "Point", "coordinates": [108.56, -9.49]}, "properties": {"magnitude": 4.2, "mag_category": "Moderate", "depth": 10.0, "depth_category": "Shallow", "date": "2010-08-10 00:00:00", "time": "01:22:20.682000", "region": "South of Java - Indonesia", "year": 2010, "month": 8}}, {"type": "Feature", "geometry": {"type": "Point", "coordinates": [122.14, 0.96]}, "properties": {"magnitude": 4.0, "mag_category": "Moderate", "depth": 10.0, "depth_category": "Shallow", "date": "2010-08-20 00:00:00", "time": "08:53:38.156000", "region": "Minahassa Peninsula - Sulawesi", "year": 2010, "month": 8}}, {"type": "Feature", "geometry": {"type": "Point", "coordinates": [117.96, -4.55]}, "properties": {"magnitude": 3.3, "mag_category": "Light", "depth": 117.0, "depth_category": "Intermediate", "date": "2010-02-02 00:00:00", "time": "14:45:30.759000", "region": "Java Sea", "year": 2010, "month": 2}}, {"type": "Feature", "geometry": {"type": "Point", "coordinates": [124.7, 5.29]}, "properties": {"magnitude": 4.8, "mag_category": "Moderate", "depth": 57.0, "depth_category": "Shallow", "date": "2010-02-25 00:00:00", "time": "19:23:22.401000", "region": "Mindanao - Philippines", "year": 2010, "month": 2}}, {"type": "Feature", "geometry": {"type": "Point", "coordinates": [100.28, -1.09]}, "properties": {"magnitude": 4.2, "mag_category": "Moderate", "depth": 60.0, "depth_category": "Shallow", "date": "2010-12-29 00:00:00", "time": "10:27:25.116000", "region": "Southern Sumatra - Indonesia", "year": 2010, "month": 12}}, {"type": "Feature", "geometry": {"type": "Point", "coordinates": [99.42, -1.41]}, "properties": {"magnitude": 4.4, "mag_category": "Moderate", "depth": 10.0, "depth_category": "Shallow", "date": "2010-03-27 00:00:00", "time": "14:16:07.062000", "region": "Southern Sumatra - Indonesia", "year": 2010, "month": 3}}, {"type": "Feature", "geometry": {"type": "Point", "coordinates": [97.29, 0.91]}, "properties": {"magnitude": 4.1, "mag_category": "Moderate", "depth": 29.0, "depth_category": "Shallow", "date": "2010-12-31 00:00:00", "time": "17:57:55.339000", "region": "Northern Sumatra - Indonesia", "year": 2010, "month": 12}}, {"type": "Feature", "geometry": {"type": "Point", "coordinates": [105.6, -6.8]}, "properties": {"magnitude": 3.4, "mag_category": "Light", "depth": 56.0, "depth_category": "Shallow", "date": "2010-08-11 00:00:00", "time": "13:18:36.038000", "region": "Sunda Strait - Indonesia", "year": 2010, "month": 8}}, {"type": "Feature", "geometry": {"type": "Point", "coordinates": [100.52, -2.41]}, "properties": {"magnitude": 3.8, "mag_category": "Light", "depth": 13.0, "depth_category": "Shallow", "date": "2010-01-16 00:00:00", "time": "08:36:10.933000", "region": "Southern Sumatra - Indonesia", "year": 2010, "month": 1}}, {"type": "Feature", "geometry": {"type": "Point", "coordinates": [119.73, -9.12]}, "properties": {"magnitude": 2.8, "mag_category": "Minor", "depth": 20.0, "depth_category": "Shallow", "date": "2010-03-28 00:00:00", "time": "01:28:31.821000", "region": "Sumba Region - Indonesia", "year": 2010, "month": 3}}, {"type": "Feature", "geometry": {"type": "Point", "coordinates": [123.0, -9.76]}, "properties": {"magnitude": 4.3, "mag_category": "Moderate", "depth": 10.0, "depth_category": "Shallow", "date": "2010-02-22 00:00:00", "time": "19:10:43.348000", "region": "Savu Sea", "year": 2010, "month": 2}}, {"type": "Feature", "geometry": {"type": "Point", "coordinates": [106.47, -6.86]}, "properties": {"magnitude": 3.0, "mag_category": "Light", "depth": 10.0, "depth_category": "Shallow", "date": "2010-04-11 00:00:00", "time": "17:45:52.141000", "region": "Java - Indonesia", "year": 2010, "month": 4}}, {"type": "Feature", "geometry": {"type": "Point", "coordinates": [102.09, -5.24]}, "properties": {"magnitude": 3.7, "mag_category": "Light", "depth": 24.0, "depth_category": "Shallow", "date": "2010-03-25 00:00:00", "time": "15:26:56.694000", "region": "Southern Sumatra - Indonesia", "year": 2010, "month": 3}}, {"type": "Feature", "geometry": {"type": "Point", "coordinates": [113.86, -10.03]}, "properties": {"magnitude": 3.5, "mag_category": "Light", "depth": 39.0, "depth_category": "Shallow", "date": "2010-02-11 00:00:00", "time": "19:37:23.211000", "region": "South of Java - Indonesia", "year": 2010, "month": 2}}, {"type": "Feature", "geometry": {"type": "Point", "coordinates": [108.7, -9.02]}, "properties": {"magnitude": 3.8, "mag_category": "Light", "depth": 10.0, "depth_category": "Shallow", "date": "2010-02-11 00:00:00", "time": "11:42:04.118000", "region": "South of Java - Indonesia", "year": 2010, "month": 2}}, {"type": "Feature", "geometry": {"type": "Point", "coordinates": [128.39, 2.5]}, "properties": {"magnitude": 4.5, "mag_category": "Moderate", "depth": 193.0, "depth_category": "Intermediate", "date": "2010-03-31 00:00:00", "time": "22:44:34.251000", "region": "Halmahera - Indonesia", "year": 2010, "month": 3}}, {"type": "Feature", "geometry": {"type": "Point", "coordinates": [130.86, -6.24]}, "properties": {"magnitude": 4.6, "mag_category": "Moderate", "depth": 113.0, "depth_category": "Intermediate", "date": "2010-08-14 00:00:00", "time": "13:41:17.844000", "region": "Banda Sea", "year": 2010, "month": 8}}, {"type": "Feature", "geometry": {"type": "Point", "coordinates": [99.63, -0.77]}, "properties": {"magnitude": 4.0, "mag_category": "Moderate", "depth": 25.0, "depth_category": "Shallow", "date": "2010-03-27 00:00:00", "time": "21:00:12.331000", "region": "Southern Sumatra - Indonesia", "year": 2010, "month": 3}}, {"type": "Feature", "geometry": {"type": "Point", "coordinates": [123.02, -0.35]}, "properties": {"magnitude": 3.2, "mag_category": "Light", "depth": 45.0, "depth_category": "Shallow", "date": "2011-12-03 00:00:00", "time": "07:59:58.690000", "region": "Minahassa Peninsula - Sulawesi", "year": 2011, "month": 12}}, {"type": "Feature", "geometry": {"type": "Point", "coordinates": [96.88, 0.21]}, "properties": {"magnitude": 2.9, "mag_category": "Minor", "depth": 51.0, "depth_category": "Shallow", "date": "2011-02-10 00:00:00", "time": "20:35:04.470000", "region": "Off West Coast of Northern Sumatra", "year": 2011, "month": 2}}, {"type": "Feature", "geometry": {"type": "Point", "coordinates": [127.48, -3.54]}, "properties": {"magnitude": 4.5, "mag_category": "Moderate", "depth": 15.0, "depth_category": "Shallow", "date": "2011-12-26 00:00:00", "time": "00:00:11.176000", "region": "Seram - Indonesia", "year": 2011, "month": 12}}, {"type": "Feature", "geometry": {"type": "Point", "coordinates": [124.28, 0.73]}, "properties": {"magnitude": 3.4, "mag_category": "Light", "depth": 189.0, "depth_category": "Intermediate", "date": "2011-11-16 00:00:00", "time": "13:04:42.969000", "region": "Minahassa Peninsula - Sulawesi", "year": 2011, "month": 11}}, {"type": "Feature", "geometry": {"type": "Point", "coordinates": [117.14, -9.35]}, "properties": {"magnitude": 3.0, "mag_category": "Light", "depth": 38.0, "depth_category": "Shallow", "date": "2011-09-09 00:00:00", "time": "10:38:47.977000", "region": "Sumbawa Region - Indonesia", "year": 2011, "month": 9}}, {"type": "Feature", "geometry": {"type": "Point", "coordinates": [97.73, 1.9]}, "properties": {"magnitude": 3.6, "mag_category": "Light", "depth": 53.0, "depth_category": "Shallow", "date": "2011-12-08 00:00:00", "time": "21:27:29.932000", "region": "Northern Sumatra - Indonesia", "year": 2011, "month": 12}}, {"type": "Feature", "geometry": {"type": "Point", "coordinates": [121.68, -2.8]}, "properties": {"magnitude": 3.3, "mag_category": "Light", "depth": 10.0, "depth_category": "Shallow", "date": "2011-02-19 00:00:00", "time": "12:19:54.704000", "region": "Sulawesi - Indonesia", "year": 2011, "month": 2}}, {"type": "Feature", "geometry": {"type": "Point", "coordinates": [127.8, -2.37]}, "properties": {"magnitude": 2.9, "mag_category": "Minor", "depth": 35.0, "depth_category": "Shallow", "date": "2011-03-07 00:00:00", "time": "11:13:27.919000", "region": "Ceram Sea", "year": 2011, "month": 3}}, {"type": "Feature", "geometry": {"type": "Point", "coordinates": [123.46, 0.03]}, "properties": {"magnitude": 3.6, "mag_category": "Light", "depth": 29.0, "depth_category": "Shallow", "date": "2011-11-25 00:00:00", "time": "18:38:41.082000", "region": "Minahassa Peninsula - Sulawesi", "year": 2011, "month": 11}}, {"type": "Feature", "geometry": {"type": "Point", "coordinates": [110.9, -8.86]}, "properties": {"magnitude": 3.4, "mag_category": "Light", "depth": 31.0, "depth_category": "Shallow", "date": "2011-12-18 00:00:00", "time": "15:40:36.543000", "region": "Java - Indonesia", "year": 2011, "month": 12}}, {"type": "Feature", "geometry": {"type": "Point", "coordinates": [110.58, -9.33]}, "properties": {"magnitude": 3.3, "mag_category": "Light", "depth": 10.0, "depth_category": "Shallow", "date": "2011-01-31 00:00:00", "time": "19:08:42.098000", "region": "South of Java - Indonesia", "year": 2011, "month": 1}}, {"type": "Feature", "geometry": {"type": "Point", "coordinates": [130.51, -7.58]}, "properties": {"magnitude": 4.6, "mag_category": "Moderate", "depth": 76.0, "depth_category": "Intermediate", "date": "2011-09-29 00:00:00", "time": "12:44:47.231000", "region": "Tanimbar Islands Reg. - Indonesia", "year": 2011, "month": 9}}, {"type": "Feature", "geometry": {"type": "Point", "coordinates": [120.21, -9.42]}, "properties": {"magnitude": 5.0, "mag_category": "Strong", "depth": 82.0, "depth_category": "Intermediate", "date": "2011-10-03 00:00:00", "time": "22:08:07.685000", "region": "Sumba Region - Indonesia", "year": 2011, "month": 10}}, {"type": "Feature", "geometry": {"type": "Point", "coordinates": [117.8, -9.69]}, "properties": {"magnitude": 2.5, "mag_category": "Minor", "depth": 23.0, "depth_category": "Shallow", "date": "2011-10-20 00:00:00", "time": "21:13:10.158000", "region": "Sumbawa Region - Indonesia", "year": 2011, "month": 10}}, {"type": "Feature", "geometry": {"type": "Point", "coordinates": [103.28, -3.93]}, "properties": {"magnitude": 3.2, "mag_category": "Light", "depth": 156.0, "depth_category": "Intermediate", "date": "2011-07-19 00:00:00", "time": "09:04:45.888000", "region": "Southern Sumatra - Indonesia", "year": 2011, "month": 7}}, {"type": "Feature", "geometry": {"type": "Point", "coordinates": [121.85, -4.27]}, "properties": {"magnitude": 2.8, "mag_category": "Minor", "depth": 10.0, "depth_category": "Shallow", "date": "2011-10-11 00:00:00", "time": "00:00:17.112000", "region": "Sulawesi - Indonesia", "year": 2011, "month": 10}}, {"type": "Feature", "geometry": {"type": "Point", "coordinates": [120.85, -7.41]}, "properties": {"magnitude": 3.8, "mag_category": "Light", "depth": 546.0, "depth_category": "Deep", "date": "2011-10-04 00:00:00", "time": "20:18:03.843000", "region": "Flores Sea", "year": 2011, "month": 10}}, {"type": "Feature", "geometry": {"type": "Point", "coordinates": [127.93, -2.26]}, "properties": {"magnitude": 3.3, "mag_category": "Light", "depth": 10.0, "depth_category": "Shallow", "date": "2011-04-18 00:00:00", "time": "23:55:26.042000", "region": "Ceram Sea", "year": 2011, "month": 4}}, {"type": "Feature", "geometry": {"type": "Point", "coordinates": [106.92, -10.29]}, "properties": {"magnitude": 4.3, "mag_category": "Moderate", "depth": 81.0, "depth_category": "Intermediate", "date": "2011-01-02 00:00:00", "time": "20:09:12.866000", "region": "South of Java - Indonesia", "year": 2011, "month": 1}}, {"type": "Feature", "geometry": {"type": "Point", "coordinates": [126.58, -1.74]}, "properties": {"magnitude": 3.4, "mag_category": "Light", "depth": 10.0, "depth_category": "Shallow", "date": "2011-11-10 00:00:00", "time": "01:44:16.477000", "region": "Southern Molucca Sea", "year": 2011, "month": 11}}, {"type": "Feature", "geometry": {"type": "Point", "coordinates": [107.21, -8.14]}, "properties": {"magnitude": 3.9, "mag_category": "Light", "depth": 10.0, "depth_category": "Shallow", "date": "2011-11-13 00:00:00", "time": "11:55:56.850000", "region": "Java - Indonesia", "year": 2011, "month": 11}}, {"type": "Feature", "geometry": {"type": "Point", "coordinates": [130.49, -4.81]}, "properties": {"magnitude": 5.3, "mag_category": "Strong", "depth": 10.0, "depth_category": "Shallow", "date": "2011-07-20 00:00:00", "time": "15:02:09.385000", "region": "Banda Sea", "year": 2011, "month": 7}}, {"type": "Feature", "geometry": {"type": "Point", "coordinates": [100.13, -3.65]}, "properties": {"magnitude": 4.9, "mag_category": "Moderate", "depth": 11.0, "depth_category": "Shallow", "date": "2011-08-03 00:00:00", "time": "14:35:05.046000", "region": "Southern Sumatra - Indonesia", "year": 2011, "month": 8}}, {"type": "Feature", "geometry": {"type": "Point", "coordinates": [113.75, -9.54]}, "properties": {"magnitude": 3.6, "mag_category": "Light", "depth": 10.0, "depth_category": "Shallow", "date": "2011-09-20 00:00:00", "time": "14:35:19.190000", "region": "South of Java - Indonesia", "year": 2011, "month": 9}}, {"type": "Feature", "geometry": {"type": "Point", "coordinates": [121.66, -4.3]}, "properties": {"magnitude": 3.1, "mag_category": "Light", "depth": 10.0, "depth_category": "Shallow", "date": "2011-02-15 00:00:00", "time": "18:42:57.880000", "region": "Sulawesi - Indonesia", "year": 2011, "month": 2}}, {"type": "Feature", "geometry": {"type": "Point", "coordinates": [119.05, -9.34]}, "properties": {"magnitude": 3.0, "mag_category": "Light", "depth": 19.0, "depth_category": "Shallow", "date": "2011-12-20 00:00:00", "time": "18:11:11.112000", "region": "Sumba Region - Indonesia", "year": 2011, "month": 12}}, {"type": "Feature", "geometry": {"type": "Point", "coordinates": [121.87, -0.81]}, "properties": {"magnitude": 3.3, "mag_category": "Light", "depth": 11.0, "depth_category": "Shallow", "date": "2011-12-13 00:00:00", "time": "18:59:47.777000", "region": "Minahassa Peninsula - Sulawesi", "year": 2011, "month": 12}}, {"type": "Feature", "geometry": {"type": "Point", "coordinates": [97.02, 1.41]}, "properties": {"magnitude": 3.9, "mag_category": "Light", "depth": 14.0, "depth_category": "Shallow", "date": "2011-12-05 00:00:00", "time": "14:24:14.063000", "region": "Northern Sumatra - Indonesia", "year": 2011, "month": 12}}, {"type": "Feature", "geometry": {"type": "Point", "coordinates": [110.28, -9.08]}, "properties": {"magnitude": 4.1, "mag_category": "Moderate", "depth": 10.0, "depth_category": "Shallow", "date": "2011-01-24 00:00:00", "time": "14:55:10.916000", "region": "South of Java - Indonesia", "year": 2011, "month": 1}}, {"type": "Feature", "geometry": {"type": "Point", "coordinates": [128.23, -7.67]}, "properties": {"magnitude": 4.8, "mag_category": "Moderate", "depth": 179.0, "depth_category": "Intermediate", "date": "2011-12-19 00:00:00", "time": "02:00:32.245000", "region": "Banda Sea", "year": 2011, "month": 12}}, {"type": "Feature", "geometry": {"type": "Point", "coordinates": [119.29, -10.0]}, "properties": {"magnitude": 3.5, "mag_category": "Light", "depth": 21.0, "depth_category": "Shallow", "date": "2011-02-23 00:00:00", "time": "13:35:37.407000", "region": "Sumba Region - Indonesia", "year": 2011, "month": 2}}, {"type": "Feature", "geometry": {"type": "Point", "coordinates": [121.28, 0.45]}, "properties": {"magnitude": 2.5, "mag_category": "Minor", "depth": 10.0, "depth_category": "Shallow", "date": "2011-12-04 00:00:00", "time": "15:40:02.723000", "region": "Minahassa Peninsula - Sulawesi", "year": 2011, "month": 12}}, {"type": "Feature", "geometry": {"type": "Point", "coordinates": [107.08, -8.0]}, "properties": {"magnitude": 4.0, "mag_category": "Moderate", "depth": 26.0, "depth_category": "Shallow", "date": "2011-10-25 00:00:00", "time": "10:11:23.287000", "region": "Java - Indonesia", "year": 2011, "month": 10}}, {"type": "Feature", "geometry": {"type": "Point", "coordinates": [121.72, 0.02]}, "properties": {"magnitude": 3.7, "mag_category": "Light", "depth": 13.0, "depth_category": "Shallow", "date": "2011-01-15 00:00:00", "time": "18:43:34.906000", "region": "Minahassa Peninsula - Sulawesi", "year": 2011, "month": 1}}, {"type": "Feature", "geometry": {"type": "Point", "coordinates": [106.16, -7.61]}, "properties": {"magnitude": 3.0, "mag_category": "Light", "depth": 23.0, "depth_category": "Shallow", "date": "2011-10-10 00:00:00", "time": "18:11:32.396000", "region": "Java - Indonesia", "year": 2011, "month": 10}}, {"type": "Feature", "geometry": {"type": "Point", "coordinates": [118.73, -7.85]}, "properties": {"magnitude": 3.1, "mag_category": "Light", "depth": 21.0, "depth_category": "Shallow", "date": "2011-11-09 00:00:00", "time": "18:12:41.144000", "region": "Flores Sea", "year": 2011, "month": 11}}, {"type": "Feature", "geometry": {"type": "Point", "coordinates": [128.41, -3.82]}, "properties": {"magnitude": 3.4, "mag_category": "Light", "depth": 26.0, "depth_category": "Shallow", "date": "2011-10-02 00:00:00", "time": "01:07:02.869000", "region": "Seram - Indonesia", "year": 2011, "month": 10}}, {"type": "Feature", "geometry": {"type": "Point", "coordinates": [96.23, 2.4]}, "properties": {"magnitude": 4.8, "mag_category": "Moderate", "depth": 10.0, "depth_category": "Shallow", "date": "2011-08-31 00:00:00", "time": "03:08:26.194000", "region": "Northern Sumatra - Indonesia", "year": 2011, "month": 8}}, {"type": "Feature", "geometry": {"type": "Point", "coordinates": [117.6, -9.43]}, "properties": {"magnitude": 3.3, "mag_category": "Light", "depth": 10.0, "depth_category": "Shallow", "date": "2011-07-28 00:00:00", "time": "13:18:17.797000", "region": "Sumbawa Region - Indonesia", "year": 2011, "month": 7}}, {"type": "Feature", "geometry": {"type": "Point", "coordinates": [102.53, -5.24]}, "properties": {"magnitude": 6.2, "mag_category": "Major", "depth": 32.0, "depth_category": "Shallow", "date": "2011-01-17 00:00:00", "time": "19:20:57.121000", "region": "Southern Sumatra - Indonesia", "year": 2011, "month": 1}}, {"type": "Feature", "geometry": {"type": "Point", "coordinates": [102.34, -2.01]}, "properties": {"magnitude": 4.0, "mag_category": "Moderate", "depth": 185.0, "depth_category": "Intermediate", "date": "2011-11-03 00:00:00", "time": "16:52:49.623000", "region": "Southern Sumatra - Indonesia", "year": 2011, "month": 11}}, {"type": "Feature", "geometry": {"type": "Point", "coordinates": [117.83, -8.08]}, "properties": {"magnitude": 4.3, "mag_category": "Moderate", "depth": 16.0, "depth_category": "Shallow", "date": "2011-07-24 00:00:00", "time": "10:34:52.274000", "region": "Sumbawa Region - Indonesia", "year": 2011, "month": 7}}, {"type": "Feature", "geometry": {"type": "Point", "coordinates": [119.39, 0.45]}, "properties": {"magnitude": 4.0, "mag_category": "Moderate", "depth": 10.0, "depth_category": "Shallow", "date": "2011-12-27 00:00:00", "time": "03:38:39.289000", "region": "Minahassa Peninsula - Sulawesi", "year": 2011, "month": 12}}, {"type": "Feature", "geometry": {"type": "Point", "coordinates": [100.57, -3.44]}, "properties": {"magnitude": 4.9, "mag_category": "Moderate", "depth": 34.0, "depth_category": "Shallow", "date": "2011-04-29 00:00:00", "time": "20:24:38.358000", "region": "Southern Sumatra - Indonesia", "year": 2011, "month": 4}}, {"type": "Feature", "geometry": {"type": "Point", "coordinates": [113.06, -8.91]}, "properties": {"magnitude": 4.2, "mag_category": "Moderate", "depth": 11.0, "depth_category": "Shallow", "date": "2011-07-18 00:00:00", "time": "06:30:09.953000", "region": "Java - Indonesia", "year": 2011, "month": 7}}, {"type": "Feature", "geometry": {"type": "Point", "coordinates": [126.85, 4.27]}, "properties": {"magnitude": 4.2, "mag_category": "Moderate", "depth": 166.0, "depth_category": "Intermediate", "date": "2011-10-16 00:00:00", "time": "17:53:52.784000", "region": "Talaud Islands - Indonesia", "year": 2011, "month": 10}}, {"type": "Feature", "geometry": {"type": "Point", "coordinates": [118.73, -9.28]}, "properties": {"magnitude": 2.9, "mag_category": "Minor", "depth": 21.0, "depth_category": "Shallow", "date": "2011-09-01 00:00:00", "time": "09:28:03.118000", "region": "Sumbawa Region - Indonesia", "year": 2011, "month": 9}}, {"type": "Feature", "geometry": {"type": "Point", "coordinates": [133.54, -4.36]}, "properties": {"magnitude": 4.4, "mag_category": "Moderate", "depth": 98.0, "depth_category": "Intermediate", "date": "2011-01-03 00:00:00", "time": "08:05:23.924000", "region": "Irian Jaya Region - Indonesia", "year": 2011, "month": 1}}, {"type": "Feature", "geometry": {"type": "Point", "coordinates": [117.21, -10.83]}, "properties": {"magnitude": 3.8, "mag_category": "Light", "depth": 88.0, "depth_category": "Intermediate", "date": "2011-01-06 00:00:00", "time": "14:52:36.724000", "region": "South of Sumbawa - Indonesia", "year": 2011, "month": 1}}, {"type": "Feature", "geometry": {"type": "Point", "coordinates": [121.64, -2.43]}, "properties": {"magnitude": 3.0, "mag_category": "Light", "depth": 10.0, "depth_category": "Shallow", "date": "2011-11-14 00:00:00", "time": "20:54:38.003000", "region": "Sulawesi - Indonesia", "year": 2011, "month": 11}}, {"type": "Feature", "geometry": {"type": "Point", "coordinates": [121.6, -2.61]}, "properties": {"magnitude": 2.9, "mag_category": "Minor", "depth": 10.0, "depth_category": "Shallow", "date": "2011-02-15 00:00:00", "time": "15:14:28.726000", "region": "Sulawesi - Indonesia", "year": 2011, "month": 2}}, {"type": "Feature", "geometry": {"type": "Point", "coordinates": [123.85, 0.2]}, "properties": {"magnitude": 3.5, "mag_category": "Light", "depth": 159.0, "depth_category": "Intermediate", "date": "2011-04-08 00:00:00", "time": "17:05:34.960000", "region": "Minahassa Peninsula - Sulawesi", "year": 2011, "month": 4}}, {"type": "Feature", "geometry": {"type": "Point", "coordinates": [131.49, -5.18]}, "properties": {"magnitude": 3.1, "mag_category": "Light", "depth": 79.0, "depth_category": "Intermediate", "date": "2011-10-30 00:00:00", "time": "13:35:50.015000", "region": "Banda Sea", "year": 2011, "month": 10}}, {"type": "Feature", "geometry": {"type": "Point", "coordinates": [131.83, -0.29]}, "properties": {"magnitude": 4.7, "mag_category": "Moderate", "depth": 10.0, "depth_category": "Shallow", "date": "2011-02-18 00:00:00", "time": "05:07:35.411000", "region": "Irian Jaya Region - Indonesia", "year": 2011, "month": 2}}, {"type": "Feature", "geometry": {"type": "Point", "coordinates": [99.31, -2.34]}, "properties": {"magnitude": 4.4, "mag_category": "Moderate", "depth": 51.0, "depth_category": "Shallow", "date": "2011-11-22 00:00:00", "time": "06:29:56.224000", "region": "Southern Sumatra - Indonesia", "year": 2011, "month": 11}}, {"type": "Feature", "geometry": {"type": "Point", "coordinates": [96.19, 4.5]}, "properties": {"magnitude": 3.7, "mag_category": "Light", "depth": 17.0, "depth_category": "Shallow", "date": "2011-10-16 00:00:00", "time": "15:07:19.342000", "region": "Northern Sumatra - Indonesia", "year": 2011, "month": 10}}, {"type": "Feature", "geometry": {"type": "Point", "coordinates": [117.56, -8.36]}, "properties": {"magnitude": 3.1, "mag_category": "Light", "depth": 213.0, "depth_category": "Intermediate", "date": "2011-12-24 00:00:00", "time": "07:10:37.956000", "region": "Sumbawa Region - Indonesia", "year": 2011, "month": 12}}, {"type": "Feature", "geometry": {"type": "Point", "coordinates": [115.32, -8.56]}, "properties": {"magnitude": 4.5, "mag_category": "Moderate", "depth": 176.0, "depth_category": "Intermediate", "date": "2011-03-11 00:00:00", "time": "15:33:03.903000", "region": "Bali Region - Indonesia", "year": 2011, "month": 3}}, {"type": "Feature", "geometry": {"type": "Point", "coordinates": [127.2, 1.26]}, "properties": {"magnitude": 3.5, "mag_category": "Light", "depth": 10.0, "depth_category": "Shallow", "date": "2011-04-30 00:00:00", "time": "16:13:34.986000", "region": "Halmahera - Indonesia", "year": 2011, "month": 4}}, {"type": "Feature", "geometry": {"type": "Point", "coordinates": [121.85, -0.74]}, "properties": {"magnitude": 3.5, "mag_category": "Light", "depth": 10.0, "depth_category": "Shallow", "date": "2011-12-19 00:00:00", "time": "03:42:06.556000", "region": "Minahassa Peninsula - Sulawesi", "year": 2011, "month": 12}}, {"type": "Feature", "geometry": {"type": "Point", "coordinates": [96.78, 1.7]}, "properties": {"magnitude": 3.8, "mag_category": "Light", "depth": 23.0, "depth_category": "Shallow", "date": "2011-12-28 00:00:00", "time": "08:50:16.607000", "region": "Off West Coast of Northern Sumatra", "year": 2011, "month": 12}}, {"type": "Feature", "geometry": {"type": "Point", "coordinates": [128.89, -2.87]}, "properties": {"magnitude": 3.4, "mag_category": "Light", "depth": 10.0, "depth_category": "Shallow", "date": "2011-10-16 00:00:00", "time": "23:08:08.477000", "region": "Ceram Sea", "year": 2011, "month": 10}}, {"type": "Feature", "geometry": {"type": "Point", "coordinates": [99.9, 0.99]}, "properties": {"magnitude": 3.1, "mag_category": "Light", "depth": 181.0, "depth_category": "Intermediate", "date": "2011-07-14 00:00:00", "time": "11:43:57.540000", "region": "Northern Sumatra - Indonesia", "year": 2011, "month": 7}}, {"type": "Feature", "geometry": {"type": "Point", "coordinates": [120.14, 0.13]}, "properties": {"magnitude": 4.0, "mag_category": "Moderate", "depth": 45.0, "depth_category": "Shallow", "date": "2011-12-21 00:00:00", "time": "16:26:46.343000", "region": "Minahassa Peninsula - Sulawesi", "year": 2011, "month": 12}}, {"type": "Feature", "geometry": {"type": "Point", "coordinates": [127.87, 0.04]}, "properties": {"magnitude": 4.4, "mag_category": "Moderate", "depth": 125.0, "depth_category": "Intermediate", "date": "2011-12-19 00:00:00", "time": "15:13:56.184000", "region": "Halmahera - Indonesia", "year": 2011, "month": 12}}, {"type": "Feature", "geometry": {"type": "Point", "coordinates": [109.65, -8.64]}, "properties": {"magnitude": 3.7, "mag_category": "Light", "depth": 10.0, "depth_category": "Shallow", "date": "2011-08-25 00:00:00", "time": "19:03:04.647000", "region": "Java - Indonesia", "year": 2011, "month": 8}}, {"type": "Feature", "geometry": {"type": "Point", "coordinates": [119.54, -8.52]}, "properties": {"magnitude": 4.3, "mag_category": "Moderate", "depth": 161.0, "depth_category": "Intermediate", "date": "2011-03-15 00:00:00", "time": "16:31:53.509000", "region": "Flores Region - Indonesia", "year": 2011, "month": 3}}, {"type": "Feature", "geometry": {"type": "Point", "coordinates": [109.75, -10.68]}, "properties": {"magnitude": 4.3, "mag_category": "Moderate", "depth": 15.0, "depth_category": "Shallow", "date": "2011-09-12 00:00:00", "time": "03:10:46.826000", "region": "South of Java - Indonesia", "year": 2011, "month": 9}}, {"type": "Feature", "geometry": {"type": "Point", "coordinates": [110.44, -9.25]}, "properties": {"magnitude": 4.3, "mag_category": "Moderate", "depth": 10.0, "depth_category": "Shallow", "date": "2011-04-22 00:00:00", "time": "03:34:20.185000", "region": "South of Java - Indonesia", "year": 2011, "month": 4}}, {"type": "Feature", "geometry": {"type": "Point", "coordinates": [128.38, 2.04]}, "properties": {"magnitude": 4.7, "mag_category": "Moderate", "depth": 83.0, "depth_category": "Intermediate", "date": "2011-12-27 00:00:00", "time": "20:30:13.104000", "region": "Halmahera - Indonesia", "year": 2011, "month": 12}}, {"type": "Feature", "geometry": {"type": "Point", "coordinates": [101.84, -1.5]}, "properties": {"magnitude": 3.9, "mag_category": "Light", "depth": 195.0, "depth_category": "Intermediate", "date": "2011-09-07 00:00:00", "time": "17:07:52.474000", "region": "Southern Sumatra - Indonesia", "year": 2011, "month": 9}}, {"type": "Feature", "geometry": {"type": "Point", "coordinates": [121.23, -2.53]}, "properties": {"magnitude": 3.4, "mag_category": "Light", "depth": 201.0, "depth_category": "Intermediate", "date": "2011-12-21 00:00:00", "time": "03:15:44.043000", "region": "Sulawesi - Indonesia", "year": 2011, "month": 12}}, {"type": "Feature", "geometry": {"type": "Point", "coordinates": [110.33, -9.01]}, "properties": {"magnitude": 3.3, "mag_category": "Light", "depth": 10.0, "depth_category": "Shallow", "date": "2011-04-18 00:00:00", "time": "12:12:54.839000", "region": "South of Java - Indonesia", "year": 2011, "month": 4}}, {"type": "Feature", "geometry": {"type": "Point", "coordinates": [101.02, -2.91]}, "properties": {"magnitude": 5.0, "mag_category": "Strong", "depth": 15.0, "depth_category": "Shallow", "date": "2011-10-07 00:00:00", "time": "06:19:47.881000", "region": "Southern Sumatra - Indonesia", "year": 2011, "month": 10}}, {"type": "Feature", "geometry": {"type": "Point", "coordinates": [98.55, 0.67]}, "properties": {"magnitude": 3.4, "mag_category": "Light", "depth": 30.0, "depth_category": "Shallow", "date": "2011-05-01 00:00:00", "time": "04:11:33.244000", "region": "Northern Sumatra - Indonesia", "year": 2011, "month": 5}}, {"type": "Feature", "geometry": {"type": "Point", "coordinates": [98.2, 2.01]}, "properties": {"magnitude": 3.4, "mag_category": "Light", "depth": 10.0, "depth_category": "Shallow", "date": "2011-04-06 00:00:00", "time": "14:30:59.974000", "region": "Northern Sumatra - Indonesia", "year": 2011, "month": 4}}, {"type": "Feature", "geometry": {"type": "Point", "coordinates": [127.02, -0.01]}, "properties": {"magnitude": 4.6, "mag_category": "Moderate", "depth": 84.0, "depth_category": "Intermediate", "date": "2011-01-13 00:00:00", "time": "17:35:14.740000", "region": "Halmahera - Indonesia", "year": 2011, "month": 1}}, {"type": "Feature", "geometry": {"type": "Point", "coordinates": [118.4, -8.85]}, "properties": {"magnitude": 2.6, "mag_category": "Minor", "depth": 98.0, "depth_category": "Intermediate", "date": "2011-10-04 00:00:00", "time": "03:40:56.420000", "region": "Sumbawa Region - Indonesia", "year": 2011, "month": 10}}, {"type": "Feature", "geometry": {"type": "Point", "coordinates": [125.1, 0.11]}, "properties": {"magnitude": 4.6, "mag_category": "Moderate", "depth": 23.0, "depth_category": "Shallow", "date": "2011-01-15 00:00:00", "time": "10:31:41.182000", "region": "Northern Molucca Sea", "year": 2011, "month": 1}}, {"type": "Feature", "geometry": {"type": "Point", "coordinates": [119.22, -9.67]}, "properties": {"magnitude": 3.1, "mag_category": "Light", "depth": 50.0, "depth_category": "Shallow", "date": "2011-09-28 00:00:00", "time": "13:59:44.930000", "region": "Sumba Region - Indonesia", "year": 2011, "month": 9}}, {"type": "Feature", "geometry": {"type": "Point", "coordinates": [119.97, -1.25]}, "properties": {"magnitude": 3.5, "mag_category": "Light", "depth": 30.0, "depth_category": "Shallow", "date": "2011-12-31 00:00:00", "time": "00:09:23.179000", "region": "Sulawesi - Indonesia", "year": 2011, "month": 12}}, {"type": "Feature", "geometry": {"type": "Point", "coordinates": [121.57, -2.57]}, "properties": {"magnitude": 3.9, "mag_category": "Light", "depth": 26.0, "depth_category": "Shallow", "date": "2011-02-15 00:00:00", "time": "15:45:36.489000", "region": "Sulawesi - Indonesia", "year": 2011, "month": 2}}, {"type": "Feature", "geometry": {"type": "Point", "coordinates": [128.11, -2.21]}, "properties": {"magnitude": 6.3, "mag_category": "Major", "depth": 45.0, "depth_category": "Shallow", "date": "2011-08-16 00:00:00", "time": "11:03:58.792000", "region": "Ceram Sea", "year": 2011, "month": 8}}, {"type": "Feature", "geometry": {"type": "Point", "coordinates": [100.37, -0.88]}, "properties": {"magnitude": 2.7, "mag_category": "Minor", "depth": 10.0, "depth_category": "Shallow", "date": "2011-09-16 00:00:00", "time": "15:26:08.886000", "region": "Southern Sumatra - Indonesia", "year": 2011, "month": 9}}, {"type": "Feature", "geometry": {"type": "Point", "coordinates": [126.1, 5.56]}, "properties": {"magnitude": 4.7, "mag_category": "Moderate", "depth": 10.0, "depth_category": "Shallow", "date": "2011-10-13 00:00:00", "time": "21:43:46.726000", "region": "Mindanao - Philippines", "year": 2011, "month": 10}}, {"type": "Feature", "geometry": {"type": "Point", "coordinates": [115.18, -8.5]}, "properties": {"magnitude": 4.4, "mag_category": "Moderate", "depth": 164.0, "depth_category": "Intermediate", "date": "2011-02-26 00:00:00", "time": "05:06:30.176000", "region": "Bali Region - Indonesia", "year": 2011, "month": 2}}, {"type": "Feature", "geometry": {"type": "Point", "coordinates": [126.97, -0.9]}, "properties": {"magnitude": 2.6, "mag_category": "Minor", "depth": 32.0, "depth_category": "Shallow", "date": "2011-11-14 00:00:00", "time": "18:56:08.664000", "region": "Southern Molucca Sea", "year": 2011, "month": 11}}, {"type": "Feature", "geometry": {"type": "Point", "coordinates": [110.45, -9.32]}, "properties": {"magnitude": 3.6, "mag_category": "Light", "depth": 10.0, "depth_category": "Shallow", "date": "2011-09-18 00:00:00", "time": "17:57:48.964000", "region": "South of Java - Indonesia", "year": 2011, "month": 9}}, {"type": "Feature", "geometry": {"type": "Point", "coordinates": [117.59, -8.2]}, "properties": {"magnitude": 3.2, "mag_category": "Light", "depth": 287.0, "depth_category": "Intermediate", "date": "2011-12-18 00:00:00", "time": "18:57:25.967000", "region": "Sumbawa Region - Indonesia", "year": 2011, "month": 12}}, {"type": "Feature", "geometry": {"type": "Point", "coordinates": [97.11, 1.38]}, "properties": {"magnitude": 3.7, "mag_category": "Light", "depth": 10.0, "depth_category": "Shallow", "date": "2011-02-09 00:00:00", "time": "05:37:26.585000", "region": "Northern Sumatra - Indonesia", "year": 2011, "month": 2}}, {"type": "Feature", "geometry": {"type": "Point", "coordinates": [120.4, -9.67]}, "properties": {"magnitude": 2.9, "mag_category": "Minor", "depth": 10.0, "depth_category": "Shallow", "date": "2011-08-30 00:00:00", "time": "16:13:22.769000", "region": "Sumba Region - Indonesia", "year": 2011, "month": 8}}, {"type": "Feature", "geometry": {"type": "Point", "coordinates": [114.98, -8.61]}, "properties": {"magnitude": 2.3, "mag_category": "Minor", "depth": 81.0, "depth_category": "Intermediate", "date": "2011-09-02 00:00:00", "time": "04:25:50.567000", "region": "Bali Region - Indonesia", "year": 2011, "month": 9}}, {"type": "Feature", "geometry": {"type": "Point", "coordinates": [107.1, -6.55]}, "properties": {"magnitude": 4.7, "mag_category": "Moderate", "depth": 364.0, "depth_category": "Deep", "date": "2011-08-30 00:00:00", "time": "09:55:58.245000", "region": "Java - Indonesia", "year": 2011, "month": 8}}, {"type": "Feature", "geometry": {"type": "Point", "coordinates": [129.79, -2.75]}, "properties": {"magnitude": 3.8, "mag_category": "Light", "depth": 19.0, "depth_category": "Shallow", "date": "2011-08-26 00:00:00", "time": "17:19:11.926000", "region": "Seram - Indonesia", "year": 2011, "month": 8}}, {"type": "Feature", "geometry": {"type": "Point", "coordinates": [128.88, -2.7]}, "properties": {"magnitude": 3.3, "mag_category": "Light", "depth": 57.0, "depth_category": "Shallow", "date": "2011-09-07 00:00:00", "time": "00:48:35.511000", "region": "Ceram Sea", "year": 2011, "month": 9}}, {"type": "Feature", "geometry": {"type": "Point", "coordinates": [132.29, -0.34]}, "properties": {"magnitude": 4.4, "mag_category": "Moderate", "depth": 30.0, "depth_category": "Shallow", "date": "2011-12-08 00:00:00", "time": "10:36:32.330000", "region": "Irian Jaya Region - Indonesia", "year": 2011, "month": 12}}, {"type": "Feature", "geometry": {"type": "Point", "coordinates": [110.67, -8.38]}, "properties": {"magnitude": 2.6, "mag_category": "Minor", "depth": 10.0, "depth_category": "Shallow", "date": "2011-01-21 00:00:00", "time": "12:12:06.483000", "region": "Java - Indonesia", "year": 2011, "month": 1}}, {"type": "Feature", "geometry": {"type": "Point", "coordinates": [118.35, -8.73]}, "properties": {"magnitude": 2.8, "mag_category": "Minor", "depth": 138.0, "depth_category": "Intermediate", "date": "2011-08-25 00:00:00", "time": "03:11:32.105000", "region": "Sumbawa Region - Indonesia", "year": 2011, "month": 8}}, {"type": "Feature", "geometry": {"type": "Point", "coordinates": [106.9, -8.24]}, "properties": {"magnitude": 4.9, "mag_category": "Moderate", "depth": 20.0, "depth_category": "Shallow", "date": "2011-10-31 00:00:00", "time": "04:48:45.047000", "region": "South of Java - Indonesia", "year": 2011, "month": 10}}, {"type": "Feature", "geometry": {"type": "Point", "coordinates": [110.76, -8.65]}, "properties": {"magnitude": 3.0, "mag_category": "Light", "depth": 10.0, "depth_category": "Shallow", "date": "2011-04-01 00:00:00", "time": "07:22:28.268000", "region": "Java - Indonesia", "year": 2011, "month": 4}}, {"type": "Feature", "geometry": {"type": "Point", "coordinates": [114.43, -9.53]}, "properties": {"magnitude": 2.7, "mag_category": "Minor", "depth": 10.0, "depth_category": "Shallow", "date": "2011-12-04 00:00:00", "time": "12:08:35.493000", "region": "South of Bali - Indonesia", "year": 2011, "month": 12}}, {"type": "Feature", "geometry": {"type": "Point", "coordinates": [118.4, -8.62]}, "properties": {"magnitude": 2.5, "mag_category": "Minor", "depth": 100.0, "depth_category": "Intermediate", "date": "2011-12-17 00:00:00", "time": "15:15:33.876000", "region": "Sumbawa Region - Indonesia", "year": 2011, "month": 12}}, {"type": "Feature", "geometry": {"type": "Point", "coordinates": [96.09, 4.69]}, "properties": {"magnitude": 3.3, "mag_category": "Light", "depth": 10.0, "depth_category": "Shallow", "date": "2011-11-04 00:00:00", "time": "21:53:00.877000", "region": "Northern Sumatra - Indonesia", "year": 2011, "month": 11}}, {"type": "Feature", "geometry": {"type": "Point", "coordinates": [127.94, -2.29]}, "properties": {"magnitude": 3.0, "mag_category": "Light", "depth": 36.0, "depth_category": "Shallow", "date": "2011-03-30 00:00:00", "time": "18:12:37.738000", "region": "Ceram Sea", "year": 2011, "month": 3}}, {"type": "Feature", "geometry": {"type": "Point", "coordinates": [127.45, 1.9]}, "properties": {"magnitude": 4.3, "mag_category": "Moderate", "depth": 104.0, "depth_category": "Intermediate", "date": "2011-11-12 00:00:00", "time": "20:30:49.711000", "region": "Halmahera - Indonesia", "year": 2011, "month": 11}}, {"type": "Feature", "geometry": {"type": "Point", "coordinates": [127.49, 2.12]}, "properties": {"magnitude": 4.1, "mag_category": "Moderate", "depth": 88.0, "depth_category": "Intermediate", "date": "2011-02-07 00:00:00", "time": "05:41:55.175000", "region": "Northern Molucca Sea", "year": 2011, "month": 2}}, {"type": "Feature", "geometry": {"type": "Point", "coordinates": [128.37, -9.13]}, "properties": {"magnitude": 4.9, "mag_category": "Moderate", "depth": 143.0, "depth_category": "Intermediate", "date": "2011-10-06 00:00:00", "time": "07:34:51.427000", "region": "Timor Sea", "year": 2011, "month": 10}}, {"type": "Feature", "geometry": {"type": "Point", "coordinates": [126.02, 0.44]}, "properties": {"magnitude": 3.7, "mag_category": "Light", "depth": 25.0, "depth_category": "Shallow", "date": "2011-10-03 00:00:00", "time": "14:58:22.844000", "region": "Northern Molucca Sea", "year": 2011, "month": 10}}, {"type": "Feature", "geometry": {"type": "Point", "coordinates": [126.95, -0.83]}, "properties": {"magnitude": 2.5, "mag_category": "Minor", "depth": 67.0, "depth_category": "Shallow", "date": "2011-11-14 00:00:00", "time": "16:46:22.972000", "region": "Southern Molucca Sea", "year": 2011, "month": 11}}, {"type": "Feature", "geometry": {"type": "Point", "coordinates": [117.75, -8.79]}, "properties": {"magnitude": 3.3, "mag_category": "Light", "depth": 10.0, "depth_category": "Shallow", "date": "2011-10-29 00:00:00", "time": "19:04:31.882000", "region": "Sumbawa Region - Indonesia", "year": 2011, "month": 10}}, {"type": "Feature", "geometry": {"type": "Point", "coordinates": [131.81, -0.69]}, "properties": {"magnitude": 4.6, "mag_category": "Moderate", "depth": 10.0, "depth_category": "Shallow", "date": "2011-12-04 00:00:00", "time": "06:30:43.899000", "region": "Irian Jaya Region - Indonesia", "year": 2011, "month": 12}}, {"type": "Feature", "geometry": {"type": "Point", "coordinates": [95.64, 4.45]}, "properties": {"magnitude": 4.2, "mag_category": "Moderate", "depth": 105.0, "depth_category": "Intermediate", "date": "2011-03-06 00:00:00", "time": "21:17:59.153000", "region": "Northern Sumatra - Indonesia", "year": 2011, "month": 3}}, {"type": "Feature", "geometry": {"type": "Point", "coordinates": [123.13, 0.14]}, "properties": {"magnitude": 3.0, "mag_category": "Light", "depth": 26.0, "depth_category": "Shallow", "date": "2011-12-10 00:00:00", "time": "12:50:26.718000", "region": "Minahassa Peninsula - Sulawesi", "year": 2011, "month": 12}}, {"type": "Feature", "geometry": {"type": "Point", "coordinates": [126.62, 6.0]}, "properties": {"magnitude": 4.8, "mag_category": "Moderate", "depth": 17.0, "depth_category": "Shallow", "date": "2011-11-18 00:00:00", "time": "14:36:03.626000", "region": "Mindanao - Philippines", "year": 2011, "month": 11}}, {"type": "Feature", "geometry": {"type": "Point", "coordinates": [130.34, -3.75]}, "properties": {"magnitude": 3.8, "mag_category": "Light", "depth": 693.0, "depth_category": "Deep", "date": "2011-01-18 00:00:00", "time": "21:49:02.154000", "region": "Seram - Indonesia", "year": 2011, "month": 1}}, {"type": "Feature", "geometry": {"type": "Point", "coordinates": [140.18, -2.22]}, "properties": {"magnitude": 3.5, "mag_category": "Light", "depth": 12.0, "depth_category": "Shallow", "date": "2011-10-11 00:00:00", "time": "16:35:40.743000", "region": "Near North Coast of Irian Jaya", "year": 2011, "month": 10}}, {"type": "Feature", "geometry": {"type": "Point", "coordinates": [127.47, 1.76]}, "properties": {"magnitude": 4.2, "mag_category": "Moderate", "depth": 100.0, "depth_category": "Intermediate", "date": "2011-04-14 00:00:00", "time": "03:28:54.820000", "region": "Halmahera - Indonesia", "year": 2011, "month": 4}}, {"type": "Feature", "geometry": {"type": "Point", "coordinates": [123.95, 0.57]}, "properties": {"magnitude": 4.0, "mag_category": "Moderate", "depth": 122.0, "depth_category": "Intermediate", "date": "2011-11-06 00:00:00", "time": "05:29:51.745000", "region": "Minahassa Peninsula - Sulawesi", "year": 2011, "month": 11}}, {"type": "Feature", "geometry": {"type": "Point", "coordinates": [128.37, -3.41]}, "properties": {"magnitude": 1.8, "mag_category": "Minor", "depth": 13.0, "depth_category": "Shallow", "date": "2011-10-14 00:00:00", "time": "14:58:32.754000", "region": "Seram - Indonesia", "year": 2011, "month": 10}}, {"type": "Feature", "geometry": {"type": "Point", "coordinates": [108.67, -8.51]}, "properties": {"magnitude": 3.9, "mag_category": "Light", "depth": 63.0, "depth_category": "Shallow", "date": "2011-02-26 00:00:00", "time": "22:52:00.840000", "region": "Java - Indonesia", "year": 2011, "month": 2}}, {"type": "Feature", "geometry": {"type": "Point", "coordinates": [103.03, -3.01]}, "properties": {"magnitude": 4.3, "mag_category": "Moderate", "depth": 222.0, "depth_category": "Intermediate", "date": "2011-07-23 00:00:00", "time": "04:25:20.967000", "region": "Southern Sumatra - Indonesia", "year": 2011, "month": 7}}, {"type": "Feature", "geometry": {"type": "Point", "coordinates": [140.57, -3.45]}, "properties": {"magnitude": 2.7, "mag_category": "Minor", "depth": 10.0, "depth_category": "Shallow", "date": "2011-08-15 00:00:00", "time": "14:01:02.096000", "region": "Irian Jaya - Indonesia", "year": 2011, "month": 8}}, {"type": "Feature", "geometry": {"type": "Point", "coordinates": [118.59, -9.46]}, "properties": {"magnitude": 2.6, "mag_category": "Minor", "depth": 16.0, "depth_category": "Shallow", "date": "2011-12-31 00:00:00", "time": "17:58:13.847000", "region": "Sumbawa Region - Indonesia", "year": 2011, "month": 12}}, {"type": "Feature", "geometry": {"type": "Point", "coordinates": [120.52, -10.4]}, "properties": {"magnitude": 3.5, "mag_category": "Light", "depth": 20.0, "depth_category": "Shallow", "date": "2011-01-20 00:00:00", "time": "06:29:43.674000", "region": "Sumba Region - Indonesia", "year": 2011, "month": 1}}, {"type": "Feature", "geometry": {"type": "Point", "coordinates": [114.07, -9.23]}, "properties": {"magnitude": 2.5, "mag_category": "Minor", "depth": 18.0, "depth_category": "Shallow", "date": "2011-11-29 00:00:00", "time": "07:53:43.358000", "region": "South of Bali - Indonesia", "year": 2011, "month": 11}}, {"type": "Feature", "geometry": {"type": "Point", "coordinates": [132.57, -0.14]}, "properties": {"magnitude": 4.8, "mag_category": "Moderate", "depth": 10.0, "depth_category": "Shallow", "date": "2011-02-10 00:00:00", "time": "23:23:53.082000", "region": "Irian Jaya Region - Indonesia", "year": 2011, "month": 2}}, {"type": "Feature", "geometry": {"type": "Point", "coordinates": [121.64, -2.6]}, "properties": {"magnitude": 3.8, "mag_category": "Light", "depth": 37.0, "depth_category": "Shallow", "date": "2011-02-15 00:00:00", "time": "15:48:11.138000", "region": "Sulawesi - Indonesia", "year": 2011, "month": 2}}, {"type": "Feature", "geometry": {"type": "Point", "coordinates": [107.37, -6.97]}, "properties": {"magnitude": 3.3, "mag_category": "Light", "depth": 32.0, "depth_category": "Shallow", "date": "2011-01-01 00:00:00", "time": "02:10:41.331000", "region": "Java - Indonesia", "year": 2011, "month": 1}}, {"type": "Feature", "geometry": {"type": "Point", "coordinates": [121.9, -2.55]}, "properties": {"magnitude": 3.3, "mag_category": "Light", "depth": 33.0, "depth_category": "Shallow", "date": "2011-07-29 00:00:00", "time": "02:25:42.613000", "region": "Sulawesi - Indonesia", "year": 2011, "month": 7}}, {"type": "Feature", "geometry": {"type": "Point", "coordinates": [126.3, 1.78]}, "properties": {"magnitude": 4.6, "mag_category": "Moderate", "depth": 10.0, "depth_category": "Shallow", "date": "2011-10-04 00:00:00", "time": "05:56:30.031000", "region": "Northern Molucca Sea", "year": 2011, "month": 10}}, {"type": "Feature", "geometry": {"type": "Point", "coordinates": [124.65, 0.08]}, "properties": {"magnitude": 4.1, "mag_category": "Moderate", "depth": 46.0, "depth_category": "Shallow", "date": "2011-10-16 00:00:00", "time": "21:09:37.246000", "region": "Minahassa Peninsula - Sulawesi", "year": 2011, "month": 10}}, {"type": "Feature", "geometry": {"type": "Point", "coordinates": [102.59, -5.3]}, "properties": {"magnitude": 3.9, "mag_category": "Light", "depth": 13.0, "depth_category": "Shallow", "date": "2011-01-29 00:00:00", "time": "11:37:59.059000", "region": "Southern Sumatra - Indonesia", "year": 2011, "month": 1}}, {"type": "Feature", "geometry": {"type": "Point", "coordinates": [103.72, -4.56]}, "properties": {"magnitude": 3.4, "mag_category": "Light", "depth": 10.0, "depth_category": "Shallow", "date": "2011-02-04 00:00:00", "time": "19:53:59.444000", "region": "Southern Sumatra - Indonesia", "year": 2011, "month": 2}}, {"type": "Feature", "geometry": {"type": "Point", "coordinates": [119.17, -9.52]}, "properties": {"magnitude": 2.9, "mag_category": "Minor", "depth": 28.0, "depth_category": "Shallow", "date": "2011-11-13 00:00:00", "time": "07:39:54.912000", "region": "Sumba Region - Indonesia", "year": 2011, "month": 11}}, {"type": "Feature", "geometry": {"type": "Point", "coordinates": [102.32, -2.61]}, "properties": {"magnitude": 3.4, "mag_category": "Light", "depth": 144.0, "depth_category": "Intermediate", "date": "2011-10-30 00:00:00", "time": "12:18:20.650000", "region": "Southern Sumatra - Indonesia", "year": 2011, "month": 10}}, {"type": "Feature", "geometry": {"type": "Point", "coordinates": [139.74, -3.2]}, "properties": {"magnitude": 2.9, "mag_category": "Minor", "depth": 33.0, "depth_category": "Shallow", "date": "2011-10-10 00:00:00", "time": "16:36:41.134000", "region": "Irian Jaya - Indonesia", "year": 2011, "month": 10}}, {"type": "Feature", "geometry": {"type": "Point", "coordinates": [99.93, -1.08]}, "properties": {"magnitude": 3.6, "mag_category": "Light", "depth": 24.0, "depth_category": "Shallow", "date": "2011-02-04 00:00:00", "time": "06:01:11.668000", "region": "Southern Sumatra - Indonesia", "year": 2011, "month": 2}}, {"type": "Feature", "geometry": {"type": "Point", "coordinates": [102.08, -3.69]}, "properties": {"magnitude": 4.7, "mag_category": "Moderate", "depth": 90.0, "depth_category": "Intermediate", "date": "2011-03-22 00:00:00", "time": "08:38:38.785000", "region": "Southern Sumatra - Indonesia", "year": 2011, "month": 3}}, {"type": "Feature", "geometry": {"type": "Point", "coordinates": [129.65, -4.87]}, "properties": {"magnitude": 4.2, "mag_category": "Moderate", "depth": 184.0, "depth_category": "Intermediate", "date": "2011-11-12 00:00:00", "time": "18:38:42.398000", "region": "Banda Sea", "year": 2011, "month": 11}}, {"type": "Feature", "geometry": {"type": "Point", "coordinates": [111.26, -8.91]}, "properties": {"magnitude": 3.4, "mag_category": "Light", "depth": 80.0, "depth_category": "Intermediate", "date": "2011-04-05 00:00:00", "time": "17:11:29.478000", "region": "Java - Indonesia", "year": 2011, "month": 4}}, {"type": "Feature", "geometry": {"type": "Point", "coordinates": [136.86, -0.86]}, "properties": {"magnitude": 4.2, "mag_category": "Moderate", "depth": 10.0, "depth_category": "Shallow", "date": "2011-10-23 00:00:00", "time": "10:22:29.346000", "region": "Irian Jaya Region - Indonesia", "year": 2011, "month": 10}}, {"type": "Feature", "geometry": {"type": "Point", "coordinates": [121.96, -5.71]}, "properties": {"magnitude": 3.9, "mag_category": "Light", "depth": 24.0, "depth_category": "Shallow", "date": "2011-02-14 00:00:00", "time": "07:21:06.009000", "region": "Sulawesi - Indonesia", "year": 2011, "month": 2}}, {"type": "Feature", "geometry": {"type": "Point", "coordinates": [123.51, -0.13]}, "properties": {"magnitude": 4.2, "mag_category": "Moderate", "depth": 94.0, "depth_category": "Intermediate", "date": "2011-02-07 00:00:00", "time": "15:50:20.044000", "region": "Minahassa Peninsula - Sulawesi", "year": 2011, "month": 2}}, {"type": "Feature", "geometry": {"type": "Point", "coordinates": [133.25, -0.85]}, "properties": {"magnitude": 4.0, "mag_category": "Moderate", "depth": 10.0, "depth_category": "Shallow", "date": "2011-12-29 00:00:00", "time": "02:35:00.229000", "region": "Irian Jaya Region - Indonesia", "year": 2011, "month": 12}}, {"type": "Feature", "geometry": {"type": "Point", "coordinates": [128.09, -2.26]}, "properties": {"magnitude": 4.2, "mag_category": "Moderate", "depth": 77.0, "depth_category": "Intermediate", "date": "2011-03-28 00:00:00", "time": "09:40:11.636000", "region": "Ceram Sea", "year": 2011, "month": 3}}, {"type": "Feature", "geometry": {"type": "Point", "coordinates": [123.03, 0.12]}, "properties": {"magnitude": 2.6, "mag_category": "Minor", "depth": 27.0, "depth_category": "Shallow", "date": "2011-03-17 00:00:00", "time": "13:55:09.427000", "region": "Minahassa Peninsula - Sulawesi", "year": 2011, "month": 3}}, {"type": "Feature", "geometry": {"type": "Point", "coordinates": [118.61, -9.68]}, "properties": {"magnitude": 2.8, "mag_category": "Minor", "depth": 13.0, "depth_category": "Shallow", "date": "2011-12-20 00:00:00", "time": "01:08:07.065000", "region": "Sumbawa Region - Indonesia", "year": 2011, "month": 12}}, {"type": "Feature", "geometry": {"type": "Point", "coordinates": [107.37, -7.86]}, "properties": {"magnitude": 3.0, "mag_category": "Light", "depth": 85.0, "depth_category": "Intermediate", "date": "2011-01-07 00:00:00", "time": "06:27:28.854000", "region": "Java - Indonesia", "year": 2011, "month": 1}}, {"type": "Feature", "geometry": {"type": "Point", "coordinates": [126.84, -0.99]}, "properties": {"magnitude": 3.9, "mag_category": "Light", "depth": 10.0, "depth_category": "Shallow", "date": "2011-11-15 00:00:00", "time": "17:16:55.793000", "region": "Southern Molucca Sea", "year": 2011, "month": 11}}, {"type": "Feature", "geometry": {"type": "Point", "coordinates": [103.02, -4.98]}, "properties": {"magnitude": 3.3, "mag_category": "Light", "depth": 44.0, "depth_category": "Shallow", "date": "2011-02-03 00:00:00", "time": "18:02:45.395000", "region": "Southern Sumatra - Indonesia", "year": 2011, "month": 2}}, {"type": "Feature", "geometry": {"type": "Point", "coordinates": [124.56, -10.07]}, "properties": {"magnitude": 2.3, "mag_category": "Minor", "depth": 10.0, "depth_category": "Shallow", "date": "2012-04-23 00:00:00", "time": "16:43:45.886000", "region": "Timor Region", "year": 2012, "month": 4}}, {"type": "Feature", "geometry": {"type": "Point", "coordinates": [124.23, -0.52]}, "properties": {"magnitude": 3.9, "mag_category": "Light", "depth": 66.0, "depth_category": "Shallow", "date": "2012-04-14 00:00:00", "time": "15:54:55.563000", "region": "Southern Molucca Sea", "year": 2012, "month": 4}}, {"type": "Feature", "geometry": {"type": "Point", "coordinates": [118.76, -9.25]}, "properties": {"magnitude": 3.2, "mag_category": "Light", "depth": 24.0, "depth_category": "Shallow", "date": "2012-07-02 00:00:00", "time": "00:15:42.435000", "region": "Sumbawa Region - Indonesia", "year": 2012, "month": 7}}, {"type": "Feature", "geometry": {"type": "Point", "coordinates": [126.5, 0.98]}, "properties": {"magnitude": 3.5, "mag_category": "Light", "depth": 25.0, "depth_category": "Shallow", "date": "2012-08-07 00:00:00", "time": "04:22:18.693000", "region": "Northern Molucca Sea", "year": 2012, "month": 8}}, {"type": "Feature", "geometry": {"type": "Point", "coordinates": [120.03, -1.24]}, "properties": {"magnitude": 3.6, "mag_category": "Light", "depth": 10.0, "depth_category": "Shallow", "date": "2012-08-18 00:00:00", "time": "17:06:44.518000", "region": "Sulawesi - Indonesia", "year": 2012, "month": 8}}, {"type": "Feature", "geometry": {"type": "Point", "coordinates": [113.59, -10.45]}, "properties": {"magnitude": 4.7, "mag_category": "Moderate", "depth": 10.0, "depth_category": "Shallow", "date": "2012-04-20 00:00:00", "time": "21:45:21.821000", "region": "South of Java - Indonesia", "year": 2012, "month": 4}}, {"type": "Feature", "geometry": {"type": "Point", "coordinates": [123.1, -0.09]}, "properties": {"magnitude": 3.0, "mag_category": "Light", "depth": 132.0, "depth_category": "Intermediate", "date": "2012-08-31 00:00:00", "time": "06:18:53.774000", "region": "Minahassa Peninsula - Sulawesi", "year": 2012, "month": 8}}, {"type": "Feature", "geometry": {"type": "Point", "coordinates": [105.42, -6.15]}, "properties": {"magnitude": 3.7, "mag_category": "Light", "depth": 10.0, "depth_category": "Shallow", "date": "2012-07-14 00:00:00", "time": "04:42:06.531000", "region": "Sunda Strait - Indonesia", "year": 2012, "month": 7}}, {"type": "Feature", "geometry": {"type": "Point", "coordinates": [102.93, -3.24]}, "properties": {"magnitude": 4.6, "mag_category": "Moderate", "depth": 208.0, "depth_category": "Intermediate", "date": "2012-06-21 00:00:00", "time": "09:59:59.877000", "region": "Southern Sumatra - Indonesia", "year": 2012, "month": 6}}, {"type": "Feature", "geometry": {"type": "Point", "coordinates": [114.12, -9.46]}, "properties": {"magnitude": 4.5, "mag_category": "Moderate", "depth": 54.0, "depth_category": "Shallow", "date": "2012-08-18 00:00:00", "time": "06:55:39.390000", "region": "South of Bali - Indonesia", "year": 2012, "month": 8}}, {"type": "Feature", "geometry": {"type": "Point", "coordinates": [127.21, 3.34]}, "properties": {"magnitude": 4.5, "mag_category": "Moderate", "depth": 97.0, "depth_category": "Intermediate", "date": "2012-05-03 00:00:00", "time": "09:14:55.090000", "region": "Talaud Islands - Indonesia", "year": 2012, "month": 5}}, {"type": "Feature", "geometry": {"type": "Point", "coordinates": [103.81, -5.26]}, "properties": {"magnitude": 3.5, "mag_category": "Light", "depth": 23.0, "depth_category": "Shallow", "date": "2012-07-11 00:00:00", "time": "00:59:49.055000", "region": "Southern Sumatra - Indonesia", "year": 2012, "month": 7}}, {"type": "Feature", "geometry": {"type": "Point", "coordinates": [120.83, -9.78]}, "properties": {"magnitude": 3.3, "mag_category": "Light", "depth": 12.0, "depth_category": "Shallow", "date": "2012-07-09 00:00:00", "time": "15:28:02.425000", "region": "Sumba Region - Indonesia", "year": 2012, "month": 7}}, {"type": "Feature", "geometry": {"type": "Point", "coordinates": [123.2, -0.25]}, "properties": {"magnitude": 2.9, "mag_category": "Minor", "depth": 15.0, "depth_category": "Shallow", "date": "2012-05-09 00:00:00", "time": "00:23:19.979000", "region": "Minahassa Peninsula - Sulawesi", "year": 2012, "month": 5}}, {"type": "Feature", "geometry": {"type": "Point", "coordinates": [115.62, -7.72]}, "properties": {"magnitude": 2.6, "mag_category": "Minor", "depth": 23.0, "depth_category": "Shallow", "date": "2012-05-03 00:00:00", "time": "21:49:58.407000", "region": "Bali Sea", "year": 2012, "month": 5}}, {"type": "Feature", "geometry": {"type": "Point", "coordinates": [104.81, -5.6]}, "properties": {"magnitude": 3.3, "mag_category": "Light", "depth": 10.0, "depth_category": "Shallow", "date": "2012-04-23 00:00:00", "time": "20:48:33.224000", "region": "Southern Sumatra - Indonesia", "year": 2012, "month": 4}}, {"type": "Feature", "geometry": {"type": "Point", "coordinates": [106.69, -7.59]}, "properties": {"magnitude": 4.0, "mag_category": "Moderate", "depth": 10.0, "depth_category": "Shallow", "date": "2012-08-14 00:00:00", "time": "01:53:38.177000", "region": "Java - Indonesia", "year": 2012, "month": 8}}, {"type": "Feature", "geometry": {"type": "Point", "coordinates": [122.96, -0.34]}, "properties": {"magnitude": 4.0, "mag_category": "Moderate", "depth": 50.0, "depth_category": "Shallow", "date": "2012-04-24 00:00:00", "time": "12:27:43.862000", "region": "Minahassa Peninsula - Sulawesi", "year": 2012, "month": 4}}, {"type": "Feature", "geometry": {"type": "Point", "coordinates": [120.34, -1.5]}, "properties": {"magnitude": 2.9, "mag_category": "Minor", "depth": 12.0, "depth_category": "Shallow", "date": "2012-06-11 00:00:00", "time": "14:36:35.732000", "region": "Sulawesi - Indonesia", "year": 2012, "month": 6}}, {"type": "Feature", "geometry": {"type": "Point", "coordinates": [129.03, -2.95]}, "properties": {"magnitude": 3.3, "mag_category": "Light", "depth": 10.0, "depth_category": "Shallow", "date": "2012-07-23 00:00:00", "time": "00:58:49.950000", "region": "Seram - Indonesia", "year": 2012, "month": 7}}, {"type": "Feature", "geometry": {"type": "Point", "coordinates": [112.72, -8.53]}, "properties": {"magnitude": 3.6, "mag_category": "Light", "depth": 138.0, "depth_category": "Intermediate", "date": "2012-06-07 00:00:00", "time": "23:17:19.782000", "region": "Java - Indonesia", "year": 2012, "month": 6}}, {"type": "Feature", "geometry": {"type": "Point", "coordinates": [113.04, -9.57]}, "properties": {"magnitude": 3.2, "mag_category": "Light", "depth": 10.0, "depth_category": "Shallow", "date": "2012-07-09 00:00:00", "time": "07:59:33.208000", "region": "South of Java - Indonesia", "year": 2012, "month": 7}}, {"type": "Feature", "geometry": {"type": "Point", "coordinates": [102.88, -5.89]}, "properties": {"magnitude": 3.4, "mag_category": "Light", "depth": 31.0, "depth_category": "Shallow", "date": "2012-08-28 00:00:00", "time": "23:24:38.332000", "region": "Southern Sumatra - Indonesia", "year": 2012, "month": 8}}, {"type": "Feature", "geometry": {"type": "Point", "coordinates": [113.72, -10.76]}, "properties": {"magnitude": 5.1, "mag_category": "Strong", "depth": 38.0, "depth_category": "Shallow", "date": "2012-04-11 00:00:00", "time": "16:21:48.282000", "region": "South of Java - Indonesia", "year": 2012, "month": 4}}, {"type": "Feature", "geometry": {"type": "Point", "coordinates": [123.39, -0.19]}, "properties": {"magnitude": 4.3, "mag_category": "Moderate", "depth": 109.0, "depth_category": "Intermediate", "date": "2012-07-15 00:00:00", "time": "22:03:31.345000", "region": "Minahassa Peninsula - Sulawesi", "year": 2012, "month": 7}}, {"type": "Feature", "geometry": {"type": "Point", "coordinates": [113.29, -8.35]}, "properties": {"magnitude": 3.0, "mag_category": "Light", "depth": 10.0, "depth_category": "Shallow", "date": "2012-05-11 00:00:00", "time": "08:01:09.974000", "region": "Java - Indonesia", "year": 2012, "month": 5}}, {"type": "Feature", "geometry": {"type": "Point", "coordinates": [133.87, -5.58]}, "properties": {"magnitude": 5.2, "mag_category": "Strong", "depth": 69.0, "depth_category": "Shallow", "date": "2012-08-05 00:00:00", "time": "05:58:02.039000", "region": "Aru Islands Region - Indonesia", "year": 2012, "month": 8}}, {"type": "Feature", "geometry": {"type": "Point", "coordinates": [102.12, -2.1]}, "properties": {"magnitude": 4.0, "mag_category": "Moderate", "depth": 178.0, "depth_category": "Intermediate", "date": "2012-08-24 00:00:00", "time": "16:24:06.196000", "region": "Southern Sumatra - Indonesia", "year": 2012, "month": 8}}, {"type": "Feature", "geometry": {"type": "Point", "coordinates": [98.84, 1.27]}, "properties": {"magnitude": 3.3, "mag_category": "Light", "depth": 102.0, "depth_category": "Intermediate", "date": "2012-06-25 00:00:00", "time": "23:56:46.814000", "region": "Northern Sumatra - Indonesia", "year": 2012, "month": 6}}, {"type": "Feature", "geometry": {"type": "Point", "coordinates": [122.35, 0.61]}, "properties": {"magnitude": 4.8, "mag_category": "Moderate", "depth": 71.0, "depth_category": "Intermediate", "date": "2012-06-09 00:00:00", "time": "16:30:54.197000", "region": "Minahassa Peninsula - Sulawesi", "year": 2012, "month": 6}}, {"type": "Feature", "geometry": {"type": "Point", "coordinates": [101.78, -3.81]}, "properties": {"magnitude": 4.4, "mag_category": "Moderate", "depth": 10.0, "depth_category": "Shallow", "date": "2012-06-20 00:00:00", "time": "21:29:21.009000", "region": "Southern Sumatra - Indonesia", "year": 2012, "month": 6}}, {"type": "Feature", "geometry": {"type": "Point", "coordinates": [117.83, -8.04]}, "properties": {"magnitude": 2.7, "mag_category": "Minor", "depth": 10.0, "depth_category": "Shallow", "date": "2012-07-11 00:00:00", "time": "17:31:29.290000", "region": "Sumbawa Region - Indonesia", "year": 2012, "month": 7}}, {"type": "Feature", "geometry": {"type": "Point", "coordinates": [133.97, -1.91]}, "properties": {"magnitude": 2.8, "mag_category": "Minor", "depth": 10.0, "depth_category": "Shallow", "date": "2012-04-21 00:00:00", "time": "17:25:31.822000", "region": "Irian Jaya Region - Indonesia", "year": 2012, "month": 4}}, {"type": "Feature", "geometry": {"type": "Point", "coordinates": [118.83, -10.15]}, "properties": {"magnitude": 3.2, "mag_category": "Light", "depth": 14.0, "depth_category": "Shallow", "date": "2012-04-17 00:00:00", "time": "15:53:22.612000", "region": "South of Sumbawa - Indonesia", "year": 2012, "month": 4}}, {"type": "Feature", "geometry": {"type": "Point", "coordinates": [118.72, 5.02]}, "properties": {"magnitude": 4.6, "mag_category": "Moderate", "depth": 12.0, "depth_category": "Shallow", "date": "2012-05-02 00:00:00", "time": "12:32:15.086000", "region": "Borneo", "year": 2012, "month": 5}}, {"type": "Feature", "geometry": {"type": "Point", "coordinates": [130.16, -6.03]}, "properties": {"magnitude": 4.3, "mag_category": "Moderate", "depth": 151.0, "depth_category": "Intermediate", "date": "2012-07-07 00:00:00", "time": "16:17:14.173000", "region": "Banda Sea", "year": 2012, "month": 7}}, {"type": "Feature", "geometry": {"type": "Point", "coordinates": [121.04, 1.78]}, "properties": {"magnitude": 4.9, "mag_category": "Moderate", "depth": 50.0, "depth_category": "Shallow", "date": "2012-04-21 00:00:00", "time": "13:23:40.217000", "region": "Minahassa Peninsula - Sulawesi", "year": 2012, "month": 4}}, {"type": "Feature", "geometry": {"type": "Point", "coordinates": [127.93, -2.3]}, "properties": {"magnitude": 3.2, "mag_category": "Light", "depth": 14.0, "depth_category": "Shallow", "date": "2012-07-05 00:00:00", "time": "15:53:31.118000", "region": "Ceram Sea", "year": 2012, "month": 7}}, {"type": "Feature", "geometry": {"type": "Point", "coordinates": [119.88, -1.27]}, "properties": {"magnitude": 3.3, "mag_category": "Light", "depth": 10.0, "depth_category": "Shallow", "date": "2012-08-18 00:00:00", "time": "11:12:10.823000", "region": "Sulawesi - Indonesia", "year": 2012, "month": 8}}, {"type": "Feature", "geometry": {"type": "Point", "coordinates": [111.46, -8.17]}, "properties": {"magnitude": 4.1, "mag_category": "Moderate", "depth": 133.0, "depth_category": "Intermediate", "date": "2012-07-22 00:00:00", "time": "13:00:32.649000", "region": "Java - Indonesia", "year": 2012, "month": 7}}, {"type": "Feature", "geometry": {"type": "Point", "coordinates": [96.5, 4.91]}, "properties": {"magnitude": 4.7, "mag_category": "Moderate", "depth": 154.0, "depth_category": "Intermediate", "date": "2012-08-05 00:00:00", "time": "11:28:00.753000", "region": "Northern Sumatra - Indonesia", "year": 2012, "month": 8}}, {"type": "Feature", "geometry": {"type": "Point", "coordinates": [127.78, -0.67]}, "properties": {"magnitude": 4.8, "mag_category": "Moderate", "depth": 10.0, "depth_category": "Shallow", "date": "2012-06-04 00:00:00", "time": "16:40:01.996000", "region": "Halmahera - Indonesia", "year": 2012, "month": 6}}, {"type": "Feature", "geometry": {"type": "Point", "coordinates": [126.29, 0.23]}, "properties": {"magnitude": 3.7, "mag_category": "Light", "depth": 27.0, "depth_category": "Shallow", "date": "2012-04-17 00:00:00", "time": "17:18:49.546000", "region": "Northern Molucca Sea", "year": 2012, "month": 4}}, {"type": "Feature", "geometry": {"type": "Point", "coordinates": [140.24, -2.87]}, "properties": {"magnitude": 4.2, "mag_category": "Moderate", "depth": 22.0, "depth_category": "Shallow", "date": "2012-05-22 00:00:00", "time": "20:54:17.830000", "region": "Near North Coast of Irian Jaya", "year": 2012, "month": 5}}, {"type": "Feature", "geometry": {"type": "Point", "coordinates": [129.37, -7.31]}, "properties": {"magnitude": 4.5, "mag_category": "Moderate", "depth": 194.0, "depth_category": "Intermediate", "date": "2012-05-13 00:00:00", "time": "23:10:32.483000", "region": "Banda Sea", "year": 2012, "month": 5}}, {"type": "Feature", "geometry": {"type": "Point", "coordinates": [133.2, -0.86]}, "properties": {"magnitude": 3.7, "mag_category": "Light", "depth": 10.0, "depth_category": "Shallow", "date": "2012-06-02 00:00:00", "time": "01:53:29.034000", "region": "Irian Jaya Region - Indonesia", "year": 2012, "month": 6}}, {"type": "Feature", "geometry": {"type": "Point", "coordinates": [102.35, -5.35]}, "properties": {"magnitude": 3.6, "mag_category": "Light", "depth": 52.0, "depth_category": "Shallow", "date": "2012-08-22 00:00:00", "time": "08:31:25.118000", "region": "Southern Sumatra - Indonesia", "year": 2012, "month": 8}}, {"type": "Feature", "geometry": {"type": "Point", "coordinates": [125.42, 0.08]}, "properties": {"magnitude": 3.7, "mag_category": "Light", "depth": 27.0, "depth_category": "Shallow", "date": "2012-04-24 00:00:00", "time": "08:29:53.544000", "region": "Northern Molucca Sea", "year": 2012, "month": 4}}, {"type": "Feature", "geometry": {"type": "Point", "coordinates": [133.69, -0.47]}, "properties": {"magnitude": 2.9, "mag_category": "Minor", "depth": 22.0, "depth_category": "Shallow", "date": "2012-05-28 00:00:00", "time": "11:47:46.749000", "region": "Irian Jaya Region - Indonesia", "year": 2012, "month": 5}}, {"type": "Feature", "geometry": {"type": "Point", "coordinates": [106.47, -7.74]}, "properties": {"magnitude": 3.5, "mag_category": "Light", "depth": 33.0, "depth_category": "Shallow", "date": "2012-06-02 00:00:00", "time": "01:35:56.226000", "region": "Java - Indonesia", "year": 2012, "month": 6}}, {"type": "Feature", "geometry": {"type": "Point", "coordinates": [129.73, -7.2]}, "properties": {"magnitude": 5.1, "mag_category": "Strong", "depth": 139.0, "depth_category": "Intermediate", "date": "2012-05-21 00:00:00", "time": "23:50:54.564000", "region": "Banda Sea", "year": 2012, "month": 5}}, {"type": "Feature", "geometry": {"type": "Point", "coordinates": [96.44, 3.47]}, "properties": {"magnitude": 3.6, "mag_category": "Light", "depth": 10.0, "depth_category": "Shallow", "date": "2012-04-16 00:00:00", "time": "18:09:34.797000", "region": "Northern Sumatra - Indonesia", "year": 2012, "month": 4}}, {"type": "Feature", "geometry": {"type": "Point", "coordinates": [96.72, 1.98]}, "properties": {"magnitude": 3.4, "mag_category": "Light", "depth": 10.0, "depth_category": "Shallow", "date": "2012-08-25 00:00:00", "time": "00:25:53.728000", "region": "Off West Coast of Northern Sumatra", "year": 2012, "month": 8}}, {"type": "Feature", "geometry": {"type": "Point", "coordinates": [98.39, 3.01]}, "properties": {"magnitude": 2.7, "mag_category": "Minor", "depth": 31.0, "depth_category": "Shallow", "date": "2012-04-05 00:00:00", "time": "07:34:38.111000", "region": "Northern Sumatra - Indonesia", "year": 2012, "month": 4}}, {"type": "Feature", "geometry": {"type": "Point", "coordinates": [98.68, 3.41]}, "properties": {"magnitude": 2.2, "mag_category": "Minor", "depth": 11.0, "depth_category": "Shallow", "date": "2012-07-23 00:00:00", "time": "03:25:57.254000", "region": "Northern Sumatra - Indonesia", "year": 2012, "month": 7}}, {"type": "Feature", "geometry": {"type": "Point", "coordinates": [136.66, -2.29]}, "properties": {"magnitude": 5.1, "mag_category": "Strong", "depth": 21.0, "depth_category": "Shallow", "date": "2012-07-19 00:00:00", "time": "23:26:20.259000", "region": "Irian Jaya Region - Indonesia", "year": 2012, "month": 7}}, {"type": "Feature", "geometry": {"type": "Point", "coordinates": [134.1, -1.27]}, "properties": {"magnitude": 2.9, "mag_category": "Minor", "depth": 10.0, "depth_category": "Shallow", "date": "2012-06-07 00:00:00", "time": "16:54:44.742000", "region": "Irian Jaya Region - Indonesia", "year": 2012, "month": 6}}, {"type": "Feature", "geometry": {"type": "Point", "coordinates": [125.04, 3.11]}, "properties": {"magnitude": 4.0, "mag_category": "Moderate", "depth": 245.0, "depth_category": "Intermediate", "date": "2012-09-01 00:00:00", "time": "16:34:58.386000", "region": "Talaud Islands - Indonesia", "year": 2012, "month": 9}}, {"type": "Feature", "geometry": {"type": "Point", "coordinates": [110.59, -7.87]}, "properties": {"magnitude": 2.0, "mag_category": "Minor", "depth": 11.0, "depth_category": "Shallow", "date": "2012-04-27 00:00:00", "time": "04:02:37.338000", "region": "Java - Indonesia", "year": 2012, "month": 4}}, {"type": "Feature", "geometry": {"type": "Point", "coordinates": [119.8, -1.23]}, "properties": {"magnitude": 3.3, "mag_category": "Light", "depth": 10.0, "depth_category": "Shallow", "date": "2012-08-18 00:00:00", "time": "14:54:42.609000", "region": "Sulawesi - Indonesia", "year": 2012, "month": 8}}, {"type": "Feature", "geometry": {"type": "Point", "coordinates": [119.94, -0.57]}, "properties": {"magnitude": 5.0, "mag_category": "Strong", "depth": 10.0, "depth_category": "Shallow", "date": "2012-08-18 00:00:00", "time": "09:51:06.249000", "region": "Minahassa Peninsula - Sulawesi", "year": 2012, "month": 8}}, {"type": "Feature", "geometry": {"type": "Point", "coordinates": [127.63, 2.29]}, "properties": {"magnitude": 4.5, "mag_category": "Moderate", "depth": 70.0, "depth_category": "Intermediate", "date": "2012-06-03 00:00:00", "time": "18:01:25.990000", "region": "Northern Molucca Sea", "year": 2012, "month": 6}}, {"type": "Feature", "geometry": {"type": "Point", "coordinates": [134.47, -1.61]}, "properties": {"magnitude": 3.4, "mag_category": "Light", "depth": 10.0, "depth_category": "Shallow", "date": "2012-05-18 00:00:00", "time": "12:30:18.924000", "region": "Irian Jaya Region - Indonesia", "year": 2012, "month": 5}}, {"type": "Feature", "geometry": {"type": "Point", "coordinates": [124.05, -8.85]}, "properties": {"magnitude": 3.0, "mag_category": "Light", "depth": 12.0, "depth_category": "Shallow", "date": "2012-05-21 00:00:00", "time": "18:33:33.182000", "region": "Timor Region", "year": 2012, "month": 5}}, {"type": "Feature", "geometry": {"type": "Point", "coordinates": [119.76, -0.83]}, "properties": {"magnitude": 2.7, "mag_category": "Minor", "depth": 10.0, "depth_category": "Shallow", "date": "2012-08-18 00:00:00", "time": "14:14:06.566000", "region": "Minahassa Peninsula - Sulawesi", "year": 2012, "month": 8}}, {"type": "Feature", "geometry": {"type": "Point", "coordinates": [111.9, -8.36]}, "properties": {"magnitude": 2.8, "mag_category": "Minor", "depth": 113.0, "depth_category": "Intermediate", "date": "2012-05-01 00:00:00", "time": "06:36:43.759000", "region": "Java - Indonesia", "year": 2012, "month": 5}}, {"type": "Feature", "geometry": {"type": "Point", "coordinates": [120.54, -9.02]}, "properties": {"magnitude": 3.5, "mag_category": "Light", "depth": 10.0, "depth_category": "Shallow", "date": "2012-06-11 00:00:00", "time": "00:05:53.767000", "region": "Sumba Region - Indonesia", "year": 2012, "month": 6}}, {"type": "Feature", "geometry": {"type": "Point", "coordinates": [126.93, 1.34]}, "properties": {"magnitude": 4.3, "mag_category": "Moderate", "depth": 46.0, "depth_category": "Shallow", "date": "2012-06-14 00:00:00", "time": "20:42:24.751000", "region": "Northern Molucca Sea", "year": 2012, "month": 6}}, {"type": "Feature", "geometry": {"type": "Point", "coordinates": [133.27, -0.88]}, "properties": {"magnitude": 4.7, "mag_category": "Moderate", "depth": 10.0, "depth_category": "Shallow", "date": "2012-05-05 00:00:00", "time": "06:55:24.836000", "region": "Irian Jaya Region - Indonesia", "year": 2012, "month": 5}}, {"type": "Feature", "geometry": {"type": "Point", "coordinates": [113.43, -7.97]}, "properties": {"magnitude": 3.3, "mag_category": "Light", "depth": 10.0, "depth_category": "Shallow", "date": "2012-04-13 00:00:00", "time": "10:22:45.729000", "region": "Java - Indonesia", "year": 2012, "month": 4}}, {"type": "Feature", "geometry": {"type": "Point", "coordinates": [131.23, -0.83]}, "properties": {"magnitude": 4.1, "mag_category": "Moderate", "depth": 10.0, "depth_category": "Shallow", "date": "2012-04-09 00:00:00", "time": "05:16:11.479000", "region": "Irian Jaya Region - Indonesia", "year": 2012, "month": 4}}, {"type": "Feature", "geometry": {"type": "Point", "coordinates": [121.54, 0.22]}, "properties": {"magnitude": 1.9, "mag_category": "Minor", "depth": 85.0, "depth_category": "Intermediate", "date": "2012-06-22 00:00:00", "time": "16:12:00.639000", "region": "Minahassa Peninsula - Sulawesi", "year": 2012, "month": 6}}, {"type": "Feature", "geometry": {"type": "Point", "coordinates": [119.15, -9.3]}, "properties": {"magnitude": 2.7, "mag_category": "Minor", "depth": 48.0, "depth_category": "Shallow", "date": "2012-08-12 00:00:00", "time": "13:52:36.710000", "region": "Sumba Region - Indonesia", "year": 2012, "month": 8}}, {"type": "Feature", "geometry": {"type": "Point", "coordinates": [122.28, -0.81]}, "properties": {"magnitude": 3.0, "mag_category": "Light", "depth": 22.0, "depth_category": "Shallow", "date": "2012-07-03 00:00:00", "time": "18:43:58.256000", "region": "Minahassa Peninsula - Sulawesi", "year": 2012, "month": 7}}, {"type": "Feature", "geometry": {"type": "Point", "coordinates": [124.75, 2.77]}, "properties": {"magnitude": 4.0, "mag_category": "Moderate", "depth": 115.0, "depth_category": "Intermediate", "date": "2012-06-14 00:00:00", "time": "13:15:07.089000", "region": "Celebes Sea", "year": 2012, "month": 6}}, {"type": "Feature", "geometry": {"type": "Point", "coordinates": [115.83, -8.33]}, "properties": {"magnitude": 3.4, "mag_category": "Light", "depth": 157.0, "depth_category": "Intermediate", "date": "2012-08-31 00:00:00", "time": "05:01:00.568000", "region": "Bali Region - Indonesia", "year": 2012, "month": 8}}, {"type": "Feature", "geometry": {"type": "Point", "coordinates": [99.66, 1.72]}, "properties": {"magnitude": 3.2, "mag_category": "Light", "depth": 18.0, "depth_category": "Shallow", "date": "2012-08-31 00:00:00", "time": "19:05:50.167000", "region": "Northern Sumatra - Indonesia", "year": 2012, "month": 8}}, {"type": "Feature", "geometry": {"type": "Point", "coordinates": [121.77, 0.78]}, "properties": {"magnitude": 3.3, "mag_category": "Light", "depth": 27.0, "depth_category": "Shallow", "date": "2012-05-09 00:00:00", "time": "06:01:00.515000", "region": "Minahassa Peninsula - Sulawesi", "year": 2012, "month": 5}}, {"type": "Feature", "geometry": {"type": "Point", "coordinates": [122.75, -0.72]}, "properties": {"magnitude": 3.6, "mag_category": "Light", "depth": 154.0, "depth_category": "Intermediate", "date": "2012-06-09 00:00:00", "time": "03:22:29.979000", "region": "Minahassa Peninsula - Sulawesi", "year": 2012, "month": 6}}, {"type": "Feature", "geometry": {"type": "Point", "coordinates": [119.74, -1.64]}, "properties": {"magnitude": 3.4, "mag_category": "Light", "depth": 17.0, "depth_category": "Shallow", "date": "2012-04-25 00:00:00", "time": "06:41:33.055000", "region": "Sulawesi - Indonesia", "year": 2012, "month": 4}}, {"type": "Feature", "geometry": {"type": "Point", "coordinates": [111.04, -8.67]}, "properties": {"magnitude": 3.4, "mag_category": "Light", "depth": 38.0, "depth_category": "Shallow", "date": "2012-08-07 00:00:00", "time": "02:12:38.521000", "region": "Java - Indonesia", "year": 2012, "month": 8}}, {"type": "Feature", "geometry": {"type": "Point", "coordinates": [123.93, -7.79]}, "properties": {"magnitude": 4.2, "mag_category": "Moderate", "depth": 10.0, "depth_category": "Shallow", "date": "2012-07-28 00:00:00", "time": "04:09:23.072000", "region": "Banda Sea", "year": 2012, "month": 7}}, {"type": "Feature", "geometry": {"type": "Point", "coordinates": [121.54, -0.99]}, "properties": {"magnitude": 2.5, "mag_category": "Minor", "depth": 10.0, "depth_category": "Shallow", "date": "2012-06-06 00:00:00", "time": "19:39:05.361000", "region": "Minahassa Peninsula - Sulawesi", "year": 2012, "month": 6}}, {"type": "Feature", "geometry": {"type": "Point", "coordinates": [119.81, 0.39]}, "properties": {"magnitude": 2.9, "mag_category": "Minor", "depth": 10.0, "depth_category": "Shallow", "date": "2012-05-12 00:00:00", "time": "21:06:00.868000", "region": "Minahassa Peninsula - Sulawesi", "year": 2012, "month": 5}}, {"type": "Feature", "geometry": {"type": "Point", "coordinates": [127.02, 1.65]}, "properties": {"magnitude": 3.5, "mag_category": "Light", "depth": 14.0, "depth_category": "Shallow", "date": "2012-05-22 00:00:00", "time": "16:45:14.125000", "region": "Halmahera - Indonesia", "year": 2012, "month": 5}}, {"type": "Feature", "geometry": {"type": "Point", "coordinates": [126.5, -2.83]}, "properties": {"magnitude": 3.0, "mag_category": "Light", "depth": 10.0, "depth_category": "Shallow", "date": "2012-06-14 00:00:00", "time": "19:31:13.189000", "region": "Ceram Sea", "year": 2012, "month": 6}}, {"type": "Feature", "geometry": {"type": "Point", "coordinates": [125.32, -7.19]}, "properties": {"magnitude": 4.8, "mag_category": "Moderate", "depth": 474.0, "depth_category": "Deep", "date": "2012-04-03 00:00:00", "time": "11:26:59.970000", "region": "Banda Sea", "year": 2012, "month": 4}}, {"type": "Feature", "geometry": {"type": "Point", "coordinates": [97.57, 1.26]}, "properties": {"magnitude": 3.8, "mag_category": "Light", "depth": 24.0, "depth_category": "Shallow", "date": "2012-04-08 00:00:00", "time": "12:57:49.483000", "region": "Northern Sumatra - Indonesia", "year": 2012, "month": 4}}, {"type": "Feature", "geometry": {"type": "Point", "coordinates": [95.34, 1.92]}, "properties": {"magnitude": 3.4, "mag_category": "Light", "depth": 10.0, "depth_category": "Shallow", "date": "2012-04-24 00:00:00", "time": "01:41:21.799000", "region": "Off West Coast of Northern Sumatra", "year": 2012, "month": 4}}, {"type": "Feature", "geometry": {"type": "Point", "coordinates": [125.34, 0.09]}, "properties": {"magnitude": 4.2, "mag_category": "Moderate", "depth": 10.0, "depth_category": "Shallow", "date": "2012-04-16 00:00:00", "time": "05:38:58.790000", "region": "Northern Molucca Sea", "year": 2012, "month": 4}}, {"type": "Feature", "geometry": {"type": "Point", "coordinates": [98.76, -0.19]}, "properties": {"magnitude": 3.5, "mag_category": "Light", "depth": 26.0, "depth_category": "Shallow", "date": "2012-05-04 00:00:00", "time": "15:37:47.276000", "region": "Southern Sumatra - Indonesia", "year": 2012, "month": 5}}, {"type": "Feature", "geometry": {"type": "Point", "coordinates": [103.06, -5.0]}, "properties": {"magnitude": 2.8, "mag_category": "Minor", "depth": 23.0, "depth_category": "Shallow", "date": "2012-08-15 00:00:00", "time": "14:52:01.465000", "region": "Southern Sumatra - Indonesia", "year": 2012, "month": 8}}, {"type": "Feature", "geometry": {"type": "Point", "coordinates": [116.59, -9.42]}, "properties": {"magnitude": 3.7, "mag_category": "Light", "depth": 28.0, "depth_category": "Shallow", "date": "2012-05-29 00:00:00", "time": "19:14:18.117000", "region": "Sumbawa Region - Indonesia", "year": 2012, "month": 5}}, {"type": "Feature", "geometry": {"type": "Point", "coordinates": [120.03, -1.11]}, "properties": {"magnitude": 3.6, "mag_category": "Light", "depth": 11.0, "depth_category": "Shallow", "date": "2012-07-18 00:00:00", "time": "12:10:20.884000", "region": "Sulawesi - Indonesia", "year": 2012, "month": 7}}, {"type": "Feature", "geometry": {"type": "Point", "coordinates": [133.26, -0.78]}, "properties": {"magnitude": 3.9, "mag_category": "Light", "depth": 24.0, "depth_category": "Shallow", "date": "2012-06-14 00:00:00", "time": "02:54:35.780000", "region": "Irian Jaya Region - Indonesia", "year": 2012, "month": 6}}, {"type": "Feature", "geometry": {"type": "Point", "coordinates": [135.95, -3.07]}, "properties": {"magnitude": 4.7, "mag_category": "Moderate", "depth": 10.0, "depth_category": "Shallow", "date": "2012-05-12 00:00:00", "time": "20:39:29.972000", "region": "Irian Jaya Region - Indonesia", "year": 2012, "month": 5}}, {"type": "Feature", "geometry": {"type": "Point", "coordinates": [120.47, -2.13]}, "properties": {"magnitude": 3.2, "mag_category": "Light", "depth": 14.0, "depth_category": "Shallow", "date": "2012-08-31 00:00:00", "time": "20:45:44.170000", "region": "Sulawesi - Indonesia", "year": 2012, "month": 8}}, {"type": "Feature", "geometry": {"type": "Point", "coordinates": [128.78, -3.66]}, "properties": {"magnitude": 4.7, "mag_category": "Moderate", "depth": 10.0, "depth_category": "Shallow", "date": "2012-06-12 00:00:00", "time": "15:59:38.789000", "region": "Seram - Indonesia", "year": 2012, "month": 6}}, {"type": "Feature", "geometry": {"type": "Point", "coordinates": [125.86, -7.38]}, "properties": {"magnitude": 4.8, "mag_category": "Moderate", "depth": 443.0, "depth_category": "Deep", "date": "2012-08-20 00:00:00", "time": "03:10:44.292000", "region": "Banda Sea", "year": 2012, "month": 8}}, {"type": "Feature", "geometry": {"type": "Point", "coordinates": [95.97, 1.2]}, "properties": {"magnitude": 3.5, "mag_category": "Light", "depth": 10.0, "depth_category": "Shallow", "date": "2012-04-18 00:00:00", "time": "20:20:25.031000", "region": "Off West Coast of Northern Sumatra", "year": 2012, "month": 4}}, {"type": "Feature", "geometry": {"type": "Point", "coordinates": [114.85, -8.11]}, "properties": {"magnitude": 2.2, "mag_category": "Minor", "depth": 10.0, "depth_category": "Shallow", "date": "2012-06-05 00:00:00", "time": "16:17:46.621000", "region": "Bali Region - Indonesia", "year": 2012, "month": 6}}, {"type": "Feature", "geometry": {"type": "Point", "coordinates": [128.61, -3.38]}, "properties": {"magnitude": 2.8, "mag_category": "Minor", "depth": 10.0, "depth_category": "Shallow", "date": "2012-06-09 00:00:00", "time": "21:17:53.784000", "region": "Seram - Indonesia", "year": 2012, "month": 6}}, {"type": "Feature", "geometry": {"type": "Point", "coordinates": [99.31, -1.49]}, "properties": {"magnitude": 3.5, "mag_category": "Light", "depth": 10.0, "depth_category": "Shallow", "date": "2012-07-10 00:00:00", "time": "22:23:30.246000", "region": "Southern Sumatra - Indonesia", "year": 2012, "month": 7}}, {"type": "Feature", "geometry": {"type": "Point", "coordinates": [128.65, -4.01]}, "properties": {"magnitude": 3.3, "mag_category": "Light", "depth": 17.0, "depth_category": "Shallow", "date": "2012-08-08 00:00:00", "time": "13:08:24.708000", "region": "Banda Sea", "year": 2012, "month": 8}}, {"type": "Feature", "geometry": {"type": "Point", "coordinates": [130.09, -2.87]}, "properties": {"magnitude": 4.6, "mag_category": "Moderate", "depth": 17.0, "depth_category": "Shallow", "date": "2012-08-02 00:00:00", "time": "15:10:46.565000", "region": "Seram - Indonesia", "year": 2012, "month": 8}}, {"type": "Feature", "geometry": {"type": "Point", "coordinates": [118.21, -9.89]}, "properties": {"magnitude": 3.1, "mag_category": "Light", "depth": 10.0, "depth_category": "Shallow", "date": "2012-07-01 00:00:00", "time": "10:55:40.146000", "region": "Sumbawa Region - Indonesia", "year": 2012, "month": 7}}, {"type": "Feature", "geometry": {"type": "Point", "coordinates": [122.62, -0.84]}, "properties": {"magnitude": 3.1, "mag_category": "Light", "depth": 30.0, "depth_category": "Shallow", "date": "2012-04-13 00:00:00", "time": "17:42:48.034000", "region": "Minahassa Peninsula - Sulawesi", "year": 2012, "month": 4}}, {"type": "Feature", "geometry": {"type": "Point", "coordinates": [98.88, 1.95]}, "properties": {"magnitude": 4.3, "mag_category": "Moderate", "depth": 112.0, "depth_category": "Intermediate", "date": "2012-05-08 00:00:00", "time": "22:23:50.819000", "region": "Northern Sumatra - Indonesia", "year": 2012, "month": 5}}, {"type": "Feature", "geometry": {"type": "Point", "coordinates": [117.01, 1.47]}, "properties": {"magnitude": 3.8, "mag_category": "Light", "depth": 10.0, "depth_category": "Shallow", "date": "2012-06-04 00:00:00", "time": "13:39:26.979000", "region": "Borneo", "year": 2012, "month": 6}}, {"type": "Feature", "geometry": {"type": "Point", "coordinates": [133.32, -0.77]}, "properties": {"magnitude": 3.2, "mag_category": "Light", "depth": 27.0, "depth_category": "Shallow", "date": "2012-06-01 00:00:00", "time": "05:11:04.144000", "region": "Irian Jaya Region - Indonesia", "year": 2012, "month": 6}}, {"type": "Feature", "geometry": {"type": "Point", "coordinates": [124.5, -0.25]}, "properties": {"magnitude": 4.9, "mag_category": "Moderate", "depth": 44.0, "depth_category": "Shallow", "date": "2012-07-25 00:00:00", "time": "19:15:37.714000", "region": "Southern Molucca Sea", "year": 2012, "month": 7}}, {"type": "Feature", "geometry": {"type": "Point", "coordinates": [131.44, -3.53]}, "properties": {"magnitude": 4.3, "mag_category": "Moderate", "depth": 10.0, "depth_category": "Shallow", "date": "2012-05-02 00:00:00", "time": "01:18:08.779000", "region": "Irian Jaya Region - Indonesia", "year": 2012, "month": 5}}, {"type": "Feature", "geometry": {"type": "Point", "coordinates": [128.04, 1.87]}, "properties": {"magnitude": 4.2, "mag_category": "Moderate", "depth": 19.0, "depth_category": "Shallow", "date": "2012-05-23 00:00:00", "time": "23:45:00.012000", "region": "Halmahera - Indonesia", "year": 2012, "month": 5}}, {"type": "Feature", "geometry": {"type": "Point", "coordinates": [123.45, 0.01]}, "properties": {"magnitude": 4.4, "mag_category": "Moderate", "depth": 129.0, "depth_category": "Intermediate", "date": "2012-07-16 00:00:00", "time": "21:46:15.652000", "region": "Minahassa Peninsula - Sulawesi", "year": 2012, "month": 7}}, {"type": "Feature", "geometry": {"type": "Point", "coordinates": [116.37, -9.23]}, "properties": {"magnitude": 3.3, "mag_category": "Light", "depth": 55.0, "depth_category": "Shallow", "date": "2012-05-01 00:00:00", "time": "07:21:35.381000", "region": "Sumbawa Region - Indonesia", "year": 2012, "month": 5}}, {"type": "Feature", "geometry": {"type": "Point", "coordinates": [123.91, -0.35]}, "properties": {"magnitude": 3.6, "mag_category": "Light", "depth": 57.0, "depth_category": "Shallow", "date": "2012-05-10 00:00:00", "time": "19:37:50.208000", "region": "Minahassa Peninsula - Sulawesi", "year": 2012, "month": 5}}, {"type": "Feature", "geometry": {"type": "Point", "coordinates": [101.41, -3.96]}, "properties": {"magnitude": 4.6, "mag_category": "Moderate", "depth": 30.0, "depth_category": "Shallow", "date": "2012-07-29 00:00:00", "time": "14:11:09.160000", "region": "Southern Sumatra - Indonesia", "year": 2012, "month": 7}}, {"type": "Feature", "geometry": {"type": "Point", "coordinates": [134.95, -1.66]}, "properties": {"magnitude": 3.0, "mag_category": "Light", "depth": 10.0, "depth_category": "Shallow", "date": "2012-05-04 00:00:00", "time": "09:52:33.364000", "region": "Irian Jaya Region - Indonesia", "year": 2012, "month": 5}}, {"type": "Feature", "geometry": {"type": "Point", "coordinates": [115.4, -8.51]}, "properties": {"magnitude": 3.1, "mag_category": "Light", "depth": 12.0, "depth_category": "Shallow", "date": "2012-04-14 00:00:00", "time": "21:31:45.007000", "region": "Bali Region - Indonesia", "year": 2012, "month": 4}}, {"type": "Feature", "geometry": {"type": "Point", "coordinates": [121.8, 0.29]}, "properties": {"magnitude": 4.4, "mag_category": "Moderate", "depth": 192.0, "depth_category": "Intermediate", "date": "2012-06-21 00:00:00", "time": "05:16:05.954000", "region": "Minahassa Peninsula - Sulawesi", "year": 2012, "month": 6}}, {"type": "Feature", "geometry": {"type": "Point", "coordinates": [107.51, -7.13]}, "properties": {"magnitude": 3.1, "mag_category": "Light", "depth": 173.0, "depth_category": "Intermediate", "date": "2012-08-10 00:00:00", "time": "07:31:52.009000", "region": "Java - Indonesia", "year": 2012, "month": 8}}, {"type": "Feature", "geometry": {"type": "Point", "coordinates": [127.64, -6.74]}, "properties": {"magnitude": 4.5, "mag_category": "Moderate", "depth": 396.0, "depth_category": "Deep", "date": "2012-06-21 00:00:00", "time": "17:42:57.921000", "region": "Banda Sea", "year": 2012, "month": 6}}, {"type": "Feature", "geometry": {"type": "Point", "coordinates": [121.96, -2.67]}, "properties": {"magnitude": 4.0, "mag_category": "Moderate", "depth": 10.0, "depth_category": "Shallow", "date": "2012-05-01 00:00:00", "time": "16:55:25.206000", "region": "Sulawesi - Indonesia", "year": 2012, "month": 5}}, {"type": "Feature", "geometry": {"type": "Point", "coordinates": [118.17, -9.22]}, "properties": {"magnitude": 2.5, "mag_category": "Minor", "depth": 11.0, "depth_category": "Shallow", "date": "2012-08-20 00:00:00", "time": "09:19:07.564000", "region": "Sumbawa Region - Indonesia", "year": 2012, "month": 8}}, {"type": "Feature", "geometry": {"type": "Point", "coordinates": [122.99, -9.07]}, "properties": {"magnitude": 3.1, "mag_category": "Light", "depth": 50.0, "depth_category": "Shallow", "date": "2012-06-11 00:00:00", "time": "20:40:10.040000", "region": "Savu Sea", "year": 2012, "month": 6}}, {"type": "Feature", "geometry": {"type": "Point", "coordinates": [107.6, -9.7]}, "properties": {"magnitude": 3.8, "mag_category": "Light", "depth": 11.0, "depth_category": "Shallow", "date": "2012-05-24 00:00:00", "time": "19:02:16.326000", "region": "South of Java - Indonesia", "year": 2012, "month": 5}}, {"type": "Feature", "geometry": {"type": "Point", "coordinates": [95.82, 2.52]}, "properties": {"magnitude": 4.7, "mag_category": "Moderate", "depth": 52.0, "depth_category": "Shallow", "date": "2012-05-20 00:00:00", "time": "16:11:36.793000", "region": "Off West Coast of Northern Sumatra", "year": 2012, "month": 5}}, {"type": "Feature", "geometry": {"type": "Point", "coordinates": [130.11, -2.89]}, "properties": {"magnitude": 4.9, "mag_category": "Moderate", "depth": 32.0, "depth_category": "Shallow", "date": "2012-08-01 00:00:00", "time": "16:41:23.045000", "region": "Seram - Indonesia", "year": 2012, "month": 8}}, {"type": "Feature", "geometry": {"type": "Point", "coordinates": [118.37, -10.9]}, "properties": {"magnitude": 3.1, "mag_category": "Light", "depth": 13.0, "depth_category": "Shallow", "date": "2012-04-26 00:00:00", "time": "04:29:25.760000", "region": "South of Sumbawa - Indonesia", "year": 2012, "month": 4}}, {"type": "Feature", "geometry": {"type": "Point", "coordinates": [134.28, -1.52]}, "properties": {"magnitude": 3.2, "mag_category": "Light", "depth": 14.0, "depth_category": "Shallow", "date": "2012-05-17 00:00:00", "time": "17:52:08.139000", "region": "Irian Jaya Region - Indonesia", "year": 2012, "month": 5}}, {"type": "Feature", "geometry": {"type": "Point", "coordinates": [117.97, -8.32]}, "properties": {"magnitude": 4.2, "mag_category": "Moderate", "depth": 168.0, "depth_category": "Intermediate", "date": "2012-05-12 00:00:00", "time": "20:49:48.063000", "region": "Sumbawa Region - Indonesia", "year": 2012, "month": 5}}, {"type": "Feature", "geometry": {"type": "Point", "coordinates": [116.33, -9.16]}, "properties": {"magnitude": 5.2, "mag_category": "Strong", "depth": 93.0, "depth_category": "Intermediate", "date": "2012-08-09 00:00:00", "time": "11:04:26.079000", "region": "Sumbawa Region - Indonesia", "year": 2012, "month": 8}}, {"type": "Feature", "geometry": {"type": "Point", "coordinates": [97.74, 2.09]}, "properties": {"magnitude": 3.6, "mag_category": "Light", "depth": 33.0, "depth_category": "Shallow", "date": "2012-07-23 00:00:00", "time": "16:21:39.112000", "region": "Northern Sumatra - Indonesia", "year": 2012, "month": 7}}, {"type": "Feature", "geometry": {"type": "Point", "coordinates": [95.91, 4.95]}, "properties": {"magnitude": 3.7, "mag_category": "Light", "depth": 10.0, "depth_category": "Shallow", "date": "2012-04-23 00:00:00", "time": "19:57:15.855000", "region": "Northern Sumatra - Indonesia", "year": 2012, "month": 4}}, {"type": "Feature", "geometry": {"type": "Point", "coordinates": [126.58, 5.72]}, "properties": {"magnitude": 5.9, "mag_category": "Strong", "depth": 68.0, "depth_category": "Shallow", "date": "2012-06-15 00:00:00", "time": "01:14:11", "region": "Mindanao - Philippines", "year": 2012, "month": 6}}, {"type": "Feature", "geometry": {"type": "Point", "coordinates": [95.89, 2.56]}, "properties": {"magnitude": 4.9, "mag_category": "Moderate", "depth": 25.0, "depth_category": "Shallow", "date": "2012-08-07 00:00:00", "time": "02:26:29.983000", "region": "Off West Coast of Northern Sumatra", "year": 2012, "month": 8}}, {"type": "Feature", "geometry": {"type": "Point", "coordinates": [99.2, -3.41]}, "properties": {"magnitude": 4.0, "mag_category": "Moderate", "depth": 58.0, "depth_category": "Shallow", "date": "2012-05-09 00:00:00", "time": "18:12:59.352000", "region": "Southwest of Sumatra - Indonesia", "year": 2012, "month": 5}}, {"type": "Feature", "geometry": {"type": "Point", "coordinates": [139.53, -3.38]}, "properties": {"magnitude": 4.1, "mag_category": "Moderate", "depth": 20.0, "depth_category": "Shallow", "date": "2012-07-18 00:00:00", "time": "05:55:58.074000", "region": "Irian Jaya - Indonesia", "year": 2012, "month": 7}}, {"type": "Feature", "geometry": {"type": "Point", "coordinates": [108.4, -9.64]}, "properties": {"magnitude": 4.1, "mag_category": "Moderate", "depth": 10.0, "depth_category": "Shallow", "date": "2012-08-31 00:00:00", "time": "15:59:11.715000", "region": "South of Java - Indonesia", "year": 2012, "month": 8}}, {"type": "Feature", "geometry": {"type": "Point", "coordinates": [126.8, -7.18]}, "properties": {"magnitude": 4.4, "mag_category": "Moderate", "depth": 425.0, "depth_category": "Deep", "date": "2012-05-25 00:00:00", "time": "04:20:57.519000", "region": "Banda Sea", "year": 2012, "month": 5}}, {"type": "Feature", "geometry": {"type": "Point", "coordinates": [122.91, -0.19]}, "properties": {"magnitude": 3.4, "mag_category": "Light", "depth": 59.0, "depth_category": "Shallow", "date": "2012-06-14 00:00:00", "time": "23:56:54.055000", "region": "Minahassa Peninsula - Sulawesi", "year": 2012, "month": 6}}, {"type": "Feature", "geometry": {"type": "Point", "coordinates": [127.87, 0.86]}, "properties": {"magnitude": 2.9, "mag_category": "Minor", "depth": 15.0, "depth_category": "Shallow", "date": "2012-08-10 00:00:00", "time": "19:36:23.831000", "region": "Halmahera - Indonesia", "year": 2012, "month": 8}}, {"type": "Feature", "geometry": {"type": "Point", "coordinates": [128.69, 0.42]}, "properties": {"magnitude": 3.9, "mag_category": "Light", "depth": 10.0, "depth_category": "Shallow", "date": "2012-08-18 00:00:00", "time": "23:43:47.121000", "region": "Halmahera - Indonesia", "year": 2012, "month": 8}}, {"type": "Feature", "geometry": {"type": "Point", "coordinates": [109.06, -7.67]}, "properties": {"magnitude": 3.1, "mag_category": "Light", "depth": 10.0, "depth_category": "Shallow", "date": "2012-07-23 00:00:00", "time": "17:03:59.935000", "region": "Java - Indonesia", "year": 2012, "month": 7}}, {"type": "Feature", "geometry": {"type": "Point", "coordinates": [104.0, -6.46]}, "properties": {"magnitude": 4.5, "mag_category": "Moderate", "depth": 19.0, "depth_category": "Shallow", "date": "2012-06-26 00:00:00", "time": "15:38:52.878000", "region": "Southwest of Sumatra - Indonesia", "year": 2012, "month": 6}}, {"type": "Feature", "geometry": {"type": "Point", "coordinates": [111.96, -7.73]}, "properties": {"magnitude": 2.6, "mag_category": "Minor", "depth": 14.0, "depth_category": "Shallow", "date": "2012-07-17 00:00:00", "time": "12:21:01.691000", "region": "Java - Indonesia", "year": 2012, "month": 7}}, {"type": "Feature", "geometry": {"type": "Point", "coordinates": [132.91, -1.05]}, "properties": {"magnitude": 3.3, "mag_category": "Light", "depth": 10.0, "depth_category": "Shallow", "date": "2012-05-08 00:00:00", "time": "16:59:40.740000", "region": "Irian Jaya Region - Indonesia", "year": 2012, "month": 5}}, {"type": "Feature", "geometry": {"type": "Point", "coordinates": [99.4, 1.37]}, "properties": {"magnitude": 4.4, "mag_category": "Moderate", "depth": 10.0, "depth_category": "Shallow", "date": "2012-04-23 00:00:00", "time": "16:20:53.175000", "region": "Northern Sumatra - Indonesia", "year": 2012, "month": 4}}, {"type": "Feature", "geometry": {"type": "Point", "coordinates": [122.91, -0.32]}, "properties": {"magnitude": 3.2, "mag_category": "Light", "depth": 34.0, "depth_category": "Shallow", "date": "2012-07-10 00:00:00", "time": "04:03:22.926000", "region": "Minahassa Peninsula - Sulawesi", "year": 2012, "month": 7}}, {"type": "Feature", "geometry": {"type": "Point", "coordinates": [123.08, -0.42]}, "properties": {"magnitude": 3.0, "mag_category": "Light", "depth": 61.0, "depth_category": "Shallow", "date": "2012-04-15 00:00:00", "time": "18:13:03.430000", "region": "Minahassa Peninsula - Sulawesi", "year": 2012, "month": 4}}, {"type": "Feature", "geometry": {"type": "Point", "coordinates": [127.25, -6.86]}, "properties": {"magnitude": 4.3, "mag_category": "Moderate", "depth": 422.0, "depth_category": "Deep", "date": "2013-03-22 00:00:00", "time": "10:27:34.095000", "region": "Banda Sea", "year": 2013, "month": 3}}, {"type": "Feature", "geometry": {"type": "Point", "coordinates": [120.78, 0.09]}, "properties": {"magnitude": 2.3, "mag_category": "Minor", "depth": 10.0, "depth_category": "Shallow", "date": "2013-06-10 00:00:00", "time": "04:35:16.481000", "region": "Minahassa Peninsula - Sulawesi", "year": 2013, "month": 6}}, {"type": "Feature", "geometry": {"type": "Point", "coordinates": [130.01, -4.53]}, "properties": {"magnitude": 3.7, "mag_category": "Light", "depth": 137.0, "depth_category": "Intermediate", "date": "2013-12-11 00:00:00", "time": "19:15:35.713000", "region": "Banda Sea", "year": 2013, "month": 12}}, {"type": "Feature", "geometry": {"type": "Point", "coordinates": [131.42, -0.08]}, "properties": {"magnitude": 3.0, "mag_category": "Light", "depth": 77.0, "depth_category": "Intermediate", "date": "2013-03-18 00:00:00", "time": "20:24:49.503000", "region": "Irian Jaya Region - Indonesia", "year": 2013, "month": 3}}, {"type": "Feature", "geometry": {"type": "Point", "coordinates": [122.93, -0.14]}, "properties": {"magnitude": 4.0, "mag_category": "Moderate", "depth": 146.0, "depth_category": "Intermediate", "date": "2013-01-14 00:00:00", "time": "08:21:18.638000", "region": "Minahassa Peninsula - Sulawesi", "year": 2013, "month": 1}}, {"type": "Feature", "geometry": {"type": "Point", "coordinates": [120.29, -6.36]}, "properties": {"magnitude": 2.7, "mag_category": "Minor", "depth": 10.0, "depth_category": "Shallow", "date": "2013-04-05 00:00:00", "time": "08:34:54.301000", "region": "Flores Sea", "year": 2013, "month": 4}}, {"type": "Feature", "geometry": {"type": "Point", "coordinates": [95.79, 5.04]}, "properties": {"magnitude": 4.6, "mag_category": "Moderate", "depth": 22.0, "depth_category": "Shallow", "date": "2013-01-27 00:00:00", "time": "14:24:10.361000", "region": "Northern Sumatra - Indonesia", "year": 2013, "month": 1}}, {"type": "Feature", "geometry": {"type": "Point", "coordinates": [122.89, -0.16]}, "properties": {"magnitude": 3.9, "mag_category": "Light", "depth": 117.0, "depth_category": "Intermediate", "date": "2013-05-17 00:00:00", "time": "07:37:23.221000", "region": "Minahassa Peninsula - Sulawesi", "year": 2013, "month": 5}}, {"type": "Feature", "geometry": {"type": "Point", "coordinates": [99.45, 3.02]}, "properties": {"magnitude": 4.0, "mag_category": "Moderate", "depth": 10.0, "depth_category": "Shallow", "date": "2013-07-05 00:00:00", "time": "18:48:47.464000", "region": "Northern Sumatra - Indonesia", "year": 2013, "month": 7}}, {"type": "Feature", "geometry": {"type": "Point", "coordinates": [97.41, 0.73]}, "properties": {"magnitude": 3.9, "mag_category": "Light", "depth": 39.0, "depth_category": "Shallow", "date": "2013-05-18 00:00:00", "time": "05:06:16.027000", "region": "Northern Sumatra - Indonesia", "year": 2013, "month": 5}}, {"type": "Feature", "geometry": {"type": "Point", "coordinates": [127.66, -2.94]}, "properties": {"magnitude": 3.9, "mag_category": "Light", "depth": 46.0, "depth_category": "Shallow", "date": "2013-02-18 00:00:00", "time": "03:24:24.408000", "region": "Ceram Sea", "year": 2013, "month": 2}}, {"type": "Feature", "geometry": {"type": "Point", "coordinates": [123.97, -10.5]}, "properties": {"magnitude": 4.2, "mag_category": "Moderate", "depth": 15.0, "depth_category": "Shallow", "date": "2013-04-28 00:00:00", "time": "12:54:45.197000", "region": "Timor Region", "year": 2013, "month": 4}}, {"type": "Feature", "geometry": {"type": "Point", "coordinates": [104.52, -5.66]}, "properties": {"magnitude": 2.8, "mag_category": "Minor", "depth": 10.0, "depth_category": "Shallow", "date": "2013-03-05 00:00:00", "time": "03:10:42.644000", "region": "Southern Sumatra - Indonesia", "year": 2013, "month": 3}}, {"type": "Feature", "geometry": {"type": "Point", "coordinates": [122.93, -0.28]}, "properties": {"magnitude": 3.5, "mag_category": "Light", "depth": 10.0, "depth_category": "Shallow", "date": "2013-12-29 00:00:00", "time": "15:47:54.162000", "region": "Minahassa Peninsula - Sulawesi", "year": 2013, "month": 12}}, {"type": "Feature", "geometry": {"type": "Point", "coordinates": [128.41, 2.69]}, "properties": {"magnitude": 4.0, "mag_category": "Moderate", "depth": 218.0, "depth_category": "Intermediate", "date": "2013-12-13 00:00:00", "time": "18:30:59.224000", "region": "Halmahera - Indonesia", "year": 2013, "month": 12}}, {"type": "Feature", "geometry": {"type": "Point", "coordinates": [102.86, -5.88]}, "properties": {"magnitude": 5.1, "mag_category": "Strong", "depth": 51.0, "depth_category": "Shallow", "date": "2013-08-11 00:00:00", "time": "10:38:45.658000", "region": "Southern Sumatra - Indonesia", "year": 2013, "month": 8}}, {"type": "Feature", "geometry": {"type": "Point", "coordinates": [128.8, -3.49]}, "properties": {"magnitude": 4.7, "mag_category": "Moderate", "depth": 69.0, "depth_category": "Shallow", "date": "2013-03-23 00:00:00", "time": "14:25:37.025000", "region": "Seram - Indonesia", "year": 2013, "month": 3}}, {"type": "Feature", "geometry": {"type": "Point", "coordinates": [123.96, -10.56]}, "properties": {"magnitude": 3.4, "mag_category": "Light", "depth": 32.0, "depth_category": "Shallow", "date": "2013-03-15 00:00:00", "time": "12:23:46.537000", "region": "Timor Region", "year": 2013, "month": 3}}, {"type": "Feature", "geometry": {"type": "Point", "coordinates": [119.45, -1.31]}, "properties": {"magnitude": 4.4, "mag_category": "Moderate", "depth": 10.0, "depth_category": "Shallow", "date": "2013-01-22 00:00:00", "time": "17:58:24.414000", "region": "Sulawesi - Indonesia", "year": 2013, "month": 1}}, {"type": "Feature", "geometry": {"type": "Point", "coordinates": [119.95, -1.36]}, "properties": {"magnitude": 2.6, "mag_category": "Minor", "depth": 40.0, "depth_category": "Shallow", "date": "2013-02-14 00:00:00", "time": "11:17:33.115000", "region": "Sulawesi - Indonesia", "year": 2013, "month": 2}}, {"type": "Feature", "geometry": {"type": "Point", "coordinates": [117.43, 1.34]}, "properties": {"magnitude": 6.2, "mag_category": "Major", "depth": 10.0, "depth_category": "Shallow", "date": "2013-07-24 00:00:00", "time": "02:56:27.324000", "region": "Borneo", "year": 2013, "month": 7}}, {"type": "Feature", "geometry": {"type": "Point", "coordinates": [124.48, -10.28]}, "properties": {"magnitude": 4.7, "mag_category": "Moderate", "depth": 17.0, "depth_category": "Shallow", "date": "2013-12-11 00:00:00", "time": "14:50:21.336000", "region": "Timor Region", "year": 2013, "month": 12}}, {"type": "Feature", "geometry": {"type": "Point", "coordinates": [99.45, -1.28]}, "properties": {"magnitude": 3.3, "mag_category": "Light", "depth": 10.0, "depth_category": "Shallow", "date": "2013-01-30 00:00:00", "time": "02:58:19.437000", "region": "Southern Sumatra - Indonesia", "year": 2013, "month": 1}}, {"type": "Feature", "geometry": {"type": "Point", "coordinates": [107.52, -8.1]}, "properties": {"magnitude": 3.4, "mag_category": "Light", "depth": 10.0, "depth_category": "Shallow", "date": "2013-02-13 00:00:00", "time": "05:40:14.717000", "region": "Java - Indonesia", "year": 2013, "month": 2}}, {"type": "Feature", "geometry": {"type": "Point", "coordinates": [128.11, -7.36]}, "properties": {"magnitude": 4.7, "mag_category": "Moderate", "depth": 186.0, "depth_category": "Intermediate", "date": "2013-02-08 00:00:00", "time": "23:41:06.793000", "region": "Banda Sea", "year": 2013, "month": 2}}, {"type": "Feature", "geometry": {"type": "Point", "coordinates": [131.03, -5.84]}, "properties": {"magnitude": 4.6, "mag_category": "Moderate", "depth": 86.0, "depth_category": "Intermediate", "date": "2013-03-22 00:00:00", "time": "03:45:41.128000", "region": "Banda Sea", "year": 2013, "month": 3}}, {"type": "Feature", "geometry": {"type": "Point", "coordinates": [120.05, -3.74]}, "properties": {"magnitude": 2.5, "mag_category": "Minor", "depth": 12.0, "depth_category": "Shallow", "date": "2013-12-24 00:00:00", "time": "16:45:26.454000", "region": "Sulawesi - Indonesia", "year": 2013, "month": 12}}, {"type": "Feature", "geometry": {"type": "Point", "coordinates": [126.39, 1.63]}, "properties": {"magnitude": 4.4, "mag_category": "Moderate", "depth": 10.0, "depth_category": "Shallow", "date": "2013-05-04 00:00:00", "time": "02:00:14.013000", "region": "Northern Molucca Sea", "year": 2013, "month": 5}}, {"type": "Feature", "geometry": {"type": "Point", "coordinates": [120.63, -0.99]}, "properties": {"magnitude": 3.9, "mag_category": "Light", "depth": 14.0, "depth_category": "Shallow", "date": "2013-04-20 00:00:00", "time": "22:55:51.474000", "region": "Minahassa Peninsula - Sulawesi", "year": 2013, "month": 4}}, {"type": "Feature", "geometry": {"type": "Point", "coordinates": [123.66, -6.96]}, "properties": {"magnitude": 4.0, "mag_category": "Moderate", "depth": 10.0, "depth_category": "Shallow", "date": "2013-02-11 00:00:00", "time": "22:45:30.266000", "region": "Banda Sea", "year": 2013, "month": 2}}, {"type": "Feature", "geometry": {"type": "Point", "coordinates": [122.84, -0.04]}, "properties": {"magnitude": 2.7, "mag_category": "Minor", "depth": 64.0, "depth_category": "Shallow", "date": "2013-12-19 00:00:00", "time": "14:16:16.143000", "region": "Minahassa Peninsula - Sulawesi", "year": 2013, "month": 12}}, {"type": "Feature", "geometry": {"type": "Point", "coordinates": [99.01, 2.32]}, "properties": {"magnitude": 4.5, "mag_category": "Moderate", "depth": 144.0, "depth_category": "Intermediate", "date": "2013-02-09 00:00:00", "time": "02:50:39.316000", "region": "Northern Sumatra - Indonesia", "year": 2013, "month": 2}}, {"type": "Feature", "geometry": {"type": "Point", "coordinates": [107.21, -7.64]}, "properties": {"magnitude": 3.2, "mag_category": "Light", "depth": 26.0, "depth_category": "Shallow", "date": "2013-03-03 00:00:00", "time": "20:55:38.984000", "region": "Java - Indonesia", "year": 2013, "month": 3}}, {"type": "Feature", "geometry": {"type": "Point", "coordinates": [130.42, -6.46]}, "properties": {"magnitude": 6.3, "mag_category": "Major", "depth": 148.0, "depth_category": "Intermediate", "date": "2013-04-20 00:00:00", "time": "04:51:12.345000", "region": "Banda Sea", "year": 2013, "month": 4}}, {"type": "Feature", "geometry": {"type": "Point", "coordinates": [119.73, -5.79]}, "properties": {"magnitude": 2.4, "mag_category": "Minor", "depth": 10.0, "depth_category": "Shallow", "date": "2013-04-05 00:00:00", "time": "07:51:10.756000", "region": "Sulawesi - Indonesia", "year": 2013, "month": 4}}, {"type": "Feature", "geometry": {"type": "Point", "coordinates": [100.3, -2.96]}, "properties": {"magnitude": 4.7, "mag_category": "Moderate", "depth": 10.0, "depth_category": "Shallow", "date": "2013-07-14 00:00:00", "time": "23:02:34.433000", "region": "Southern Sumatra - Indonesia", "year": 2013, "month": 7}}, {"type": "Feature", "geometry": {"type": "Point", "coordinates": [127.08, 1.12]}, "properties": {"magnitude": 5.9, "mag_category": "Strong", "depth": 123.0, "depth_category": "Intermediate", "date": "2013-06-27 00:00:00", "time": "08:38:10.200000", "region": "Halmahera - Indonesia", "year": 2013, "month": 6}}, {"type": "Feature", "geometry": {"type": "Point", "coordinates": [114.26, -9.41]}, "properties": {"magnitude": 3.5, "mag_category": "Light", "depth": 10.0, "depth_category": "Shallow", "date": "2013-04-19 00:00:00", "time": "08:12:11.881000", "region": "South of Bali - Indonesia", "year": 2013, "month": 4}}, {"type": "Feature", "geometry": {"type": "Point", "coordinates": [119.23, -9.59]}, "properties": {"magnitude": 3.3, "mag_category": "Light", "depth": 30.0, "depth_category": "Shallow", "date": "2013-03-06 00:00:00", "time": "14:51:40.667000", "region": "Sumba Region - Indonesia", "year": 2013, "month": 3}}, {"type": "Feature", "geometry": {"type": "Point", "coordinates": [98.51, 0.23]}, "properties": {"magnitude": 4.8, "mag_category": "Moderate", "depth": 35.0, "depth_category": "Shallow", "date": "2013-02-07 00:00:00", "time": "08:03:31.313000", "region": "Northern Sumatra - Indonesia", "year": 2013, "month": 2}}, {"type": "Feature", "geometry": {"type": "Point", "coordinates": [128.35, 4.46]}, "properties": {"magnitude": 4.7, "mag_category": "Moderate", "depth": 44.0, "depth_category": "Shallow", "date": "2013-03-02 00:00:00", "time": "09:06:01.536000", "region": "North of Halmahera - Indonesia", "year": 2013, "month": 3}}, {"type": "Feature", "geometry": {"type": "Point", "coordinates": [120.92, -9.73]}, "properties": {"magnitude": 3.3, "mag_category": "Light", "depth": 10.0, "depth_category": "Shallow", "date": "2013-02-18 00:00:00", "time": "19:36:04.545000", "region": "Sumba Region - Indonesia", "year": 2013, "month": 2}}, {"type": "Feature", "geometry": {"type": "Point", "coordinates": [109.9, -7.36]}, "properties": {"magnitude": 3.5, "mag_category": "Light", "depth": 10.0, "depth_category": "Shallow", "date": "2013-04-19 00:00:00", "time": "12:22:23.261000", "region": "Java - Indonesia", "year": 2013, "month": 4}}, {"type": "Feature", "geometry": {"type": "Point", "coordinates": [99.21, -0.89]}, "properties": {"magnitude": 3.2, "mag_category": "Light", "depth": 28.0, "depth_category": "Shallow", "date": "2013-01-15 00:00:00", "time": "23:52:11.830000", "region": "Southern Sumatra - Indonesia", "year": 2013, "month": 1}}, {"type": "Feature", "geometry": {"type": "Point", "coordinates": [102.48, -6.95]}, "properties": {"magnitude": 5.0, "mag_category": "Strong", "depth": 41.0, "depth_category": "Shallow", "date": "2013-12-13 00:00:00", "time": "05:29:38.232000", "region": "Southwest of Sumatra - Indonesia", "year": 2013, "month": 12}}, {"type": "Feature", "geometry": {"type": "Point", "coordinates": [105.24, -7.23]}, "properties": {"magnitude": 5.3, "mag_category": "Strong", "depth": 10.0, "depth_category": "Shallow", "date": "2013-02-02 00:00:00", "time": "01:19:32.451000", "region": "Java - Indonesia", "year": 2013, "month": 2}}, {"type": "Feature", "geometry": {"type": "Point", "coordinates": [112.94, -9.23]}, "properties": {"magnitude": 3.3, "mag_category": "Light", "depth": 39.0, "depth_category": "Shallow", "date": "2013-02-01 00:00:00", "time": "12:38:51.498000", "region": "South of Java - Indonesia", "year": 2013, "month": 2}}, {"type": "Feature", "geometry": {"type": "Point", "coordinates": [104.79, -5.68]}, "properties": {"magnitude": 3.3, "mag_category": "Light", "depth": 10.0, "depth_category": "Shallow", "date": "2013-03-04 00:00:00", "time": "01:00:58.212000", "region": "Southern Sumatra - Indonesia", "year": 2013, "month": 3}}, {"type": "Feature", "geometry": {"type": "Point", "coordinates": [114.17, -10.68]}, "properties": {"magnitude": 5.1, "mag_category": "Strong", "depth": 10.0, "depth_category": "Shallow", "date": "2013-08-22 00:00:00", "time": "18:58:38.279000", "region": "South of Bali - Indonesia", "year": 2013, "month": 8}}, {"type": "Feature", "geometry": {"type": "Point", "coordinates": [123.62, -9.01]}, "properties": {"magnitude": 3.4, "mag_category": "Light", "depth": 24.0, "depth_category": "Shallow", "date": "2013-03-12 00:00:00", "time": "12:57:30.489000", "region": "Timor Region", "year": 2013, "month": 3}}, {"type": "Feature", "geometry": {"type": "Point", "coordinates": [139.04, -2.56]}, "properties": {"magnitude": 4.3, "mag_category": "Moderate", "depth": 10.0, "depth_category": "Shallow", "date": "2013-03-24 00:00:00", "time": "15:44:57.309000", "region": "Near North Coast of Irian Jaya", "year": 2013, "month": 3}}, {"type": "Feature", "geometry": {"type": "Point", "coordinates": [109.83, -3.33]}, "properties": {"magnitude": 5.7, "mag_category": "Strong", "depth": 10.0, "depth_category": "Shallow", "date": "2013-07-17 00:00:00", "time": "04:39:46.419000", "region": "Java Sea", "year": 2013, "month": 7}}, {"type": "Feature", "geometry": {"type": "Point", "coordinates": [118.79, -9.1]}, "properties": {"magnitude": 3.3, "mag_category": "Light", "depth": 79.0, "depth_category": "Intermediate", "date": "2013-04-06 00:00:00", "time": "16:30:32.733000", "region": "Sumbawa Region - Indonesia", "year": 2013, "month": 4}}, {"type": "Feature", "geometry": {"type": "Point", "coordinates": [130.26, -6.47]}, "properties": {"magnitude": 4.8, "mag_category": "Moderate", "depth": 166.0, "depth_category": "Intermediate", "date": "2013-06-18 00:00:00", "time": "00:41:27.380000", "region": "Banda Sea", "year": 2013, "month": 6}}, {"type": "Feature", "geometry": {"type": "Point", "coordinates": [99.99, 1.04]}, "properties": {"magnitude": 3.9, "mag_category": "Light", "depth": 201.0, "depth_category": "Intermediate", "date": "2013-05-19 00:00:00", "time": "17:41:39.046000", "region": "Northern Sumatra - Indonesia", "year": 2013, "month": 5}}, {"type": "Feature", "geometry": {"type": "Point", "coordinates": [98.03, -4.88]}, "properties": {"magnitude": 4.9, "mag_category": "Moderate", "depth": 10.0, "depth_category": "Shallow", "date": "2013-07-30 00:00:00", "time": "11:43:53.922000", "region": "Southwest of Sumatra - Indonesia", "year": 2013, "month": 7}}, {"type": "Feature", "geometry": {"type": "Point", "coordinates": [122.53, -3.1]}, "properties": {"magnitude": 3.4, "mag_category": "Light", "depth": 38.0, "depth_category": "Shallow", "date": "2013-06-16 00:00:00", "time": "21:11:29.616000", "region": "Sulawesi - Indonesia", "year": 2013, "month": 6}}, {"type": "Feature", "geometry": {"type": "Point", "coordinates": [107.06, -10.09]}, "properties": {"magnitude": 4.8, "mag_category": "Moderate", "depth": 10.0, "depth_category": "Shallow", "date": "2013-06-14 00:00:00", "time": "00:02:37.455000", "region": "South of Java - Indonesia", "year": 2013, "month": 6}}, {"type": "Feature", "geometry": {"type": "Point", "coordinates": [99.47, -3.38]}, "properties": {"magnitude": 4.1, "mag_category": "Moderate", "depth": 47.0, "depth_category": "Shallow", "date": "2013-02-20 00:00:00", "time": "09:13:47.898000", "region": "Southwest of Sumatra - Indonesia", "year": 2013, "month": 2}}, {"type": "Feature", "geometry": {"type": "Point", "coordinates": [127.1, 1.47]}, "properties": {"magnitude": 4.7, "mag_category": "Moderate", "depth": 120.0, "depth_category": "Intermediate", "date": "2013-05-09 00:00:00", "time": "07:05:21.056000", "region": "Halmahera - Indonesia", "year": 2013, "month": 5}}, {"type": "Feature", "geometry": {"type": "Point", "coordinates": [95.82, 5.12]}, "properties": {"magnitude": 3.5, "mag_category": "Light", "depth": 10.0, "depth_category": "Shallow", "date": "2013-01-22 00:00:00", "time": "15:08:46.564000", "region": "Northern Sumatra - Indonesia", "year": 2013, "month": 1}}, {"type": "Feature", "geometry": {"type": "Point", "coordinates": [127.51, -1.56]}, "properties": {"magnitude": 4.4, "mag_category": "Moderate", "depth": 10.0, "depth_category": "Shallow", "date": "2013-04-14 00:00:00", "time": "20:12:08.327000", "region": "Halmahera - Indonesia", "year": 2013, "month": 4}}, {"type": "Feature", "geometry": {"type": "Point", "coordinates": [123.83, -8.32]}, "properties": {"magnitude": 4.4, "mag_category": "Moderate", "depth": 184.0, "depth_category": "Intermediate", "date": "2013-12-15 00:00:00", "time": "23:49:19.089000", "region": "Flores Region - Indonesia", "year": 2013, "month": 12}}, {"type": "Feature", "geometry": {"type": "Point", "coordinates": [139.52, -2.4]}, "properties": {"magnitude": 4.5, "mag_category": "Moderate", "depth": 44.0, "depth_category": "Shallow", "date": "2013-03-23 00:00:00", "time": "16:45:54.829000", "region": "Near North Coast of Irian Jaya", "year": 2013, "month": 3}}, {"type": "Feature", "geometry": {"type": "Point", "coordinates": [128.03, 3.87]}, "properties": {"magnitude": 4.6, "mag_category": "Moderate", "depth": 34.0, "depth_category": "Shallow", "date": "2013-12-31 00:00:00", "time": "08:08:53.030000", "region": "North of Halmahera - Indonesia", "year": 2013, "month": 12}}, {"type": "Feature", "geometry": {"type": "Point", "coordinates": [109.59, -8.69]}, "properties": {"magnitude": 4.2, "mag_category": "Moderate", "depth": 10.0, "depth_category": "Shallow", "date": "2013-02-18 00:00:00", "time": "02:02:50.027000", "region": "Java - Indonesia", "year": 2013, "month": 2}}, {"type": "Feature", "geometry": {"type": "Point", "coordinates": [102.63, -6.75]}, "properties": {"magnitude": 5.0, "mag_category": "Strong", "depth": 18.0, "depth_category": "Shallow", "date": "2013-12-16 00:00:00", "time": "09:03:09.858000", "region": "Southwest of Sumatra - Indonesia", "year": 2013, "month": 12}}, {"type": "Feature", "geometry": {"type": "Point", "coordinates": [104.78, -5.54]}, "properties": {"magnitude": 4.1, "mag_category": "Moderate", "depth": 10.0, "depth_category": "Shallow", "date": "2013-03-04 00:00:00", "time": "01:36:04.716000", "region": "Southern Sumatra - Indonesia", "year": 2013, "month": 3}}, {"type": "Feature", "geometry": {"type": "Point", "coordinates": [121.8, 0.27]}, "properties": {"magnitude": 2.4, "mag_category": "Minor", "depth": 26.0, "depth_category": "Shallow", "date": "2013-05-13 00:00:00", "time": "16:33:59.663000", "region": "Minahassa Peninsula - Sulawesi", "year": 2013, "month": 5}}, {"type": "Feature", "geometry": {"type": "Point", "coordinates": [128.89, -7.43]}, "properties": {"magnitude": 4.7, "mag_category": "Moderate", "depth": 127.0, "depth_category": "Intermediate", "date": "2013-12-16 00:00:00", "time": "01:24:01.667000", "region": "Banda Sea", "year": 2013, "month": 12}}, {"type": "Feature", "geometry": {"type": "Point", "coordinates": [95.83, 2.63]}, "properties": {"magnitude": 4.2, "mag_category": "Moderate", "depth": 17.0, "depth_category": "Shallow", "date": "2013-05-28 00:00:00", "time": "14:24:58.476000", "region": "Off West Coast of Northern Sumatra", "year": 2013, "month": 5}}, {"type": "Feature", "geometry": {"type": "Point", "coordinates": [96.01, 5.04]}, "properties": {"magnitude": 3.8, "mag_category": "Light", "depth": 29.0, "depth_category": "Shallow", "date": "2013-02-20 00:00:00", "time": "23:36:00.524000", "region": "Northern Sumatra - Indonesia", "year": 2013, "month": 2}}, {"type": "Feature", "geometry": {"type": "Point", "coordinates": [131.85, -0.7]}, "properties": {"magnitude": 3.5, "mag_category": "Light", "depth": 18.0, "depth_category": "Shallow", "date": "2013-02-03 00:00:00", "time": "18:23:46.934000", "region": "Irian Jaya Region - Indonesia", "year": 2013, "month": 2}}, {"type": "Feature", "geometry": {"type": "Point", "coordinates": [120.38, -1.47]}, "properties": {"magnitude": 2.9, "mag_category": "Minor", "depth": 10.0, "depth_category": "Shallow", "date": "2013-03-09 00:00:00", "time": "23:18:56.002000", "region": "Sulawesi - Indonesia", "year": 2013, "month": 3}}, {"type": "Feature", "geometry": {"type": "Point", "coordinates": [106.44, -9.35]}, "properties": {"magnitude": 4.2, "mag_category": "Moderate", "depth": 28.0, "depth_category": "Shallow", "date": "2013-06-14 00:00:00", "time": "15:38:48.763000", "region": "South of Java - Indonesia", "year": 2013, "month": 6}}, {"type": "Feature", "geometry": {"type": "Point", "coordinates": [105.18, -6.95]}, "properties": {"magnitude": 4.1, "mag_category": "Moderate", "depth": 10.0, "depth_category": "Shallow", "date": "2013-05-15 00:00:00", "time": "04:52:42.643000", "region": "Sunda Strait - Indonesia", "year": 2013, "month": 5}}, {"type": "Feature", "geometry": {"type": "Point", "coordinates": [126.94, 3.24]}, "properties": {"magnitude": 4.6, "mag_category": "Moderate", "depth": 195.0, "depth_category": "Intermediate", "date": "2013-07-05 00:00:00", "time": "01:21:09.445000", "region": "Talaud Islands - Indonesia", "year": 2013, "month": 7}}, {"type": "Feature", "geometry": {"type": "Point", "coordinates": [104.85, -5.26]}, "properties": {"magnitude": 4.5, "mag_category": "Moderate", "depth": 176.0, "depth_category": "Intermediate", "date": "2013-08-14 00:00:00", "time": "02:10:34.996000", "region": "Southern Sumatra - Indonesia", "year": 2013, "month": 8}}, {"type": "Feature", "geometry": {"type": "Point", "coordinates": [119.82, 0.58]}, "properties": {"magnitude": 3.5, "mag_category": "Light", "depth": 36.0, "depth_category": "Shallow", "date": "2013-02-01 00:00:00", "time": "04:32:46.385000", "region": "Minahassa Peninsula - Sulawesi", "year": 2013, "month": 2}}, {"type": "Feature", "geometry": {"type": "Point", "coordinates": [120.51, -2.93]}, "properties": {"magnitude": 4.0, "mag_category": "Moderate", "depth": 10.0, "depth_category": "Shallow", "date": "2013-08-12 00:00:00", "time": "04:42:20.528000", "region": "Sulawesi - Indonesia", "year": 2013, "month": 8}}, {"type": "Feature", "geometry": {"type": "Point", "coordinates": [138.76, -2.5]}, "properties": {"magnitude": 4.5, "mag_category": "Moderate", "depth": 25.0, "depth_category": "Shallow", "date": "2013-06-03 00:00:00", "time": "10:17:53.364000", "region": "Irian Jaya - Indonesia", "year": 2013, "month": 6}}, {"type": "Feature", "geometry": {"type": "Point", "coordinates": [128.99, -3.14]}, "properties": {"magnitude": 4.0, "mag_category": "Moderate", "depth": 10.0, "depth_category": "Shallow", "date": "2013-08-19 00:00:00", "time": "03:47:54.849000", "region": "Seram - Indonesia", "year": 2013, "month": 8}}, {"type": "Feature", "geometry": {"type": "Point", "coordinates": [123.44, 0.03]}, "properties": {"magnitude": 3.9, "mag_category": "Light", "depth": 144.0, "depth_category": "Intermediate", "date": "2013-02-16 00:00:00", "time": "20:27:11.251000", "region": "Minahassa Peninsula - Sulawesi", "year": 2013, "month": 2}}, {"type": "Feature", "geometry": {"type": "Point", "coordinates": [128.53, 2.82]}, "properties": {"magnitude": 4.8, "mag_category": "Moderate", "depth": 215.0, "depth_category": "Intermediate", "date": "2013-06-19 00:00:00", "time": "19:33:05.153000", "region": "Halmahera - Indonesia", "year": 2013, "month": 6}}, {"type": "Feature", "geometry": {"type": "Point", "coordinates": [123.37, -8.9]}, "properties": {"magnitude": 3.1, "mag_category": "Light", "depth": 29.0, "depth_category": "Shallow", "date": "2013-06-26 00:00:00", "time": "19:12:33.075000", "region": "Flores Region - Indonesia", "year": 2013, "month": 6}}, {"type": "Feature", "geometry": {"type": "Point", "coordinates": [133.79, -5.73]}, "properties": {"magnitude": 5.2, "mag_category": "Strong", "depth": 10.0, "depth_category": "Shallow", "date": "2013-07-14 00:00:00", "time": "00:54:46.124000", "region": "Aru Islands Region - Indonesia", "year": 2013, "month": 7}}, {"type": "Feature", "geometry": {"type": "Point", "coordinates": [126.75, 4.04]}, "properties": {"magnitude": 4.4, "mag_category": "Moderate", "depth": 31.0, "depth_category": "Shallow", "date": "2013-04-18 00:00:00", "time": "13:33:05.196000", "region": "Talaud Islands - Indonesia", "year": 2013, "month": 4}}, {"type": "Feature", "geometry": {"type": "Point", "coordinates": [119.27, -8.69]}, "properties": {"magnitude": 4.4, "mag_category": "Moderate", "depth": 120.0, "depth_category": "Intermediate", "date": "2013-03-24 00:00:00", "time": "10:51:35.836000", "region": "Flores Region - Indonesia", "year": 2013, "month": 3}}, {"type": "Feature", "geometry": {"type": "Point", "coordinates": [119.25, -1.75]}, "properties": {"magnitude": 3.1, "mag_category": "Light", "depth": 21.0, "depth_category": "Shallow", "date": "2013-12-24 00:00:00", "time": "12:07:36.882000", "region": "Sulawesi - Indonesia", "year": 2013, "month": 12}}, {"type": "Feature", "geometry": {"type": "Point", "coordinates": [102.8, -5.67]}, "properties": {"magnitude": 4.7, "mag_category": "Moderate", "depth": 47.0, "depth_category": "Shallow", "date": "2013-06-19 00:00:00", "time": "17:52:37.810000", "region": "Southern Sumatra - Indonesia", "year": 2013, "month": 6}}, {"type": "Feature", "geometry": {"type": "Point", "coordinates": [127.0, 2.05]}, "properties": {"magnitude": 3.9, "mag_category": "Light", "depth": 25.0, "depth_category": "Shallow", "date": "2013-02-19 00:00:00", "time": "20:49:02.243000", "region": "Northern Molucca Sea", "year": 2013, "month": 2}}, {"type": "Feature", "geometry": {"type": "Point", "coordinates": [112.78, -8.4]}, "properties": {"magnitude": 2.9, "mag_category": "Minor", "depth": 10.0, "depth_category": "Shallow", "date": "2013-03-13 00:00:00", "time": "11:37:28.014000", "region": "Java - Indonesia", "year": 2013, "month": 3}}, {"type": "Feature", "geometry": {"type": "Point", "coordinates": [119.91, -7.47]}, "properties": {"magnitude": 4.3, "mag_category": "Moderate", "depth": 408.0, "depth_category": "Deep", "date": "2013-06-01 00:00:00", "time": "21:03:51.635000", "region": "Flores Sea", "year": 2013, "month": 6}}, {"type": "Feature", "geometry": {"type": "Point", "coordinates": [129.07, -5.88]}, "properties": {"magnitude": 4.5, "mag_category": "Moderate", "depth": 309.0, "depth_category": "Deep", "date": "2013-07-22 00:00:00", "time": "06:16:56.341000", "region": "Banda Sea", "year": 2013, "month": 7}}, {"type": "Feature", "geometry": {"type": "Point", "coordinates": [113.87, -9.36]}, "properties": {"magnitude": 2.9, "mag_category": "Minor", "depth": 14.0, "depth_category": "Shallow", "date": "2013-04-15 00:00:00", "time": "15:31:52.382000", "region": "South of Java - Indonesia", "year": 2013, "month": 4}}, {"type": "Feature", "geometry": {"type": "Point", "coordinates": [129.91, -2.77]}, "properties": {"magnitude": 3.8, "mag_category": "Light", "depth": 21.0, "depth_category": "Shallow", "date": "2013-05-26 00:00:00", "time": "07:02:41.105000", "region": "Seram - Indonesia", "year": 2013, "month": 5}}, {"type": "Feature", "geometry": {"type": "Point", "coordinates": [114.05, -9.57]}, "properties": {"magnitude": 3.9, "mag_category": "Light", "depth": 10.0, "depth_category": "Shallow", "date": "2013-04-09 00:00:00", "time": "02:27:52.986000", "region": "South of Bali - Indonesia", "year": 2013, "month": 4}}, {"type": "Feature", "geometry": {"type": "Point", "coordinates": [96.01, 4.91]}, "properties": {"magnitude": 2.9, "mag_category": "Minor", "depth": 10.0, "depth_category": "Shallow", "date": "2013-02-08 00:00:00", "time": "03:31:59.019000", "region": "Northern Sumatra - Indonesia", "year": 2013, "month": 2}}, {"type": "Feature", "geometry": {"type": "Point", "coordinates": [124.31, 1.46]}, "properties": {"magnitude": 4.3, "mag_category": "Moderate", "depth": 273.0, "depth_category": "Intermediate", "date": "2013-03-15 00:00:00", "time": "03:59:34.489000", "region": "Minahassa Peninsula - Sulawesi", "year": 2013, "month": 3}}, {"type": "Feature", "geometry": {"type": "Point", "coordinates": [116.91, -8.97]}, "properties": {"magnitude": 3.2, "mag_category": "Light", "depth": 10.0, "depth_category": "Shallow", "date": "2013-01-03 00:00:00", "time": "14:35:46.228000", "region": "Sumbawa Region - Indonesia", "year": 2013, "month": 1}}, {"type": "Feature", "geometry": {"type": "Point", "coordinates": [122.61, 0.0]}, "properties": {"magnitude": 3.0, "mag_category": "Light", "depth": 10.0, "depth_category": "Shallow", "date": "2013-12-11 00:00:00", "time": "13:34:50.821000", "region": "Minahassa Peninsula - Sulawesi", "year": 2013, "month": 12}}, {"type": "Feature", "geometry": {"type": "Point", "coordinates": [106.81, -6.78]}, "properties": {"magnitude": 3.4, "mag_category": "Light", "depth": 12.0, "depth_category": "Shallow", "date": "2013-03-27 00:00:00", "time": "23:03:08.633000", "region": "Java - Indonesia", "year": 2013, "month": 3}}, {"type": "Feature", "geometry": {"type": "Point", "coordinates": [98.48, -0.44]}, "properties": {"magnitude": 4.6, "mag_category": "Moderate", "depth": 10.0, "depth_category": "Shallow", "date": "2013-02-14 00:00:00", "time": "21:46:11.301000", "region": "Southern Sumatra - Indonesia", "year": 2013, "month": 2}}, {"type": "Feature", "geometry": {"type": "Point", "coordinates": [124.24, -7.69]}, "properties": {"magnitude": 3.1, "mag_category": "Light", "depth": 10.0, "depth_category": "Shallow", "date": "2013-05-16 00:00:00", "time": "19:21:58.424000", "region": "Banda Sea", "year": 2013, "month": 5}}, {"type": "Feature", "geometry": {"type": "Point", "coordinates": [130.09, -6.91]}, "properties": {"magnitude": 4.3, "mag_category": "Moderate", "depth": 198.0, "depth_category": "Intermediate", "date": "2013-05-28 00:00:00", "time": "15:43:56.790000", "region": "Banda Sea", "year": 2013, "month": 5}}, {"type": "Feature", "geometry": {"type": "Point", "coordinates": [119.76, -8.49]}, "properties": {"magnitude": 3.3, "mag_category": "Light", "depth": 143.0, "depth_category": "Intermediate", "date": "2013-04-16 00:00:00", "time": "11:52:03.758000", "region": "Flores Region - Indonesia", "year": 2013, "month": 4}}, {"type": "Feature", "geometry": {"type": "Point", "coordinates": [119.78, 0.16]}, "properties": {"magnitude": 5.6, "mag_category": "Strong", "depth": 54.0, "depth_category": "Shallow", "date": "2013-04-30 00:00:00", "time": "10:33:07.433000", "region": "Minahassa Peninsula - Sulawesi", "year": 2013, "month": 4}}, {"type": "Feature", "geometry": {"type": "Point", "coordinates": [122.05, -8.14]}, "properties": {"magnitude": 4.4, "mag_category": "Moderate", "depth": 208.0, "depth_category": "Intermediate", "date": "2013-01-24 00:00:00", "time": "13:28:05.960000", "region": "Flores Region - Indonesia", "year": 2013, "month": 1}}, {"type": "Feature", "geometry": {"type": "Point", "coordinates": [122.92, -0.18]}, "properties": {"magnitude": 4.0, "mag_category": "Moderate", "depth": 75.0, "depth_category": "Intermediate", "date": "2013-04-05 00:00:00", "time": "19:47:54.007000", "region": "Minahassa Peninsula - Sulawesi", "year": 2013, "month": 4}}, {"type": "Feature", "geometry": {"type": "Point", "coordinates": [119.45, -1.32]}, "properties": {"magnitude": 4.1, "mag_category": "Moderate", "depth": 10.0, "depth_category": "Shallow", "date": "2013-01-23 00:00:00", "time": "12:31:12.500000", "region": "Sulawesi - Indonesia", "year": 2013, "month": 1}}, {"type": "Feature", "geometry": {"type": "Point", "coordinates": [132.87, -3.97]}, "properties": {"magnitude": 4.8, "mag_category": "Moderate", "depth": 23.0, "depth_category": "Shallow", "date": "2013-01-15 00:00:00", "time": "12:07:40.456000", "region": "Irian Jaya Region - Indonesia", "year": 2013, "month": 1}}, {"type": "Feature", "geometry": {"type": "Point", "coordinates": [120.5, -7.86]}, "properties": {"magnitude": 4.0, "mag_category": "Moderate", "depth": 280.0, "depth_category": "Intermediate", "date": "2013-01-19 00:00:00", "time": "17:08:31.553000", "region": "Flores Sea", "year": 2013, "month": 1}}, {"type": "Feature", "geometry": {"type": "Point", "coordinates": [121.74, -9.94]}, "properties": {"magnitude": 3.6, "mag_category": "Light", "depth": 11.0, "depth_category": "Shallow", "date": "2013-01-04 00:00:00", "time": "17:18:50.842000", "region": "Savu Sea", "year": 2013, "month": 1}}, {"type": "Feature", "geometry": {"type": "Point", "coordinates": [110.67, -9.66]}, "properties": {"magnitude": 3.6, "mag_category": "Light", "depth": 272.0, "depth_category": "Intermediate", "date": "2013-02-13 00:00:00", "time": "16:04:19.657000", "region": "South of Java - Indonesia", "year": 2013, "month": 2}}, {"type": "Feature", "geometry": {"type": "Point", "coordinates": [120.6, -7.77]}, "properties": {"magnitude": 3.1, "mag_category": "Light", "depth": 10.0, "depth_category": "Shallow", "date": "2013-05-28 00:00:00", "time": "20:34:46.609000", "region": "Flores Sea", "year": 2013, "month": 5}}, {"type": "Feature", "geometry": {"type": "Point", "coordinates": [98.19, -1.09]}, "properties": {"magnitude": 3.3, "mag_category": "Light", "depth": 20.0, "depth_category": "Shallow", "date": "2013-01-23 00:00:00", "time": "13:43:00.802000", "region": "Southern Sumatra - Indonesia", "year": 2013, "month": 1}}, {"type": "Feature", "geometry": {"type": "Point", "coordinates": [105.94, -6.49]}, "properties": {"magnitude": 3.6, "mag_category": "Light", "depth": 119.0, "depth_category": "Intermediate", "date": "2013-05-19 00:00:00", "time": "18:43:34.728000", "region": "Sunda Strait - Indonesia", "year": 2013, "month": 5}}, {"type": "Feature", "geometry": {"type": "Point", "coordinates": [122.04, -0.0]}, "properties": {"magnitude": 2.9, "mag_category": "Minor", "depth": 250.0, "depth_category": "Intermediate", "date": "2013-02-22 00:00:00", "time": "07:15:16.638000", "region": "Minahassa Peninsula - Sulawesi", "year": 2013, "month": 2}}, {"type": "Feature", "geometry": {"type": "Point", "coordinates": [125.66, -0.46]}, "properties": {"magnitude": 4.0, "mag_category": "Moderate", "depth": 377.0, "depth_category": "Deep", "date": "2013-08-12 00:00:00", "time": "13:06:17.881000", "region": "Southern Molucca Sea", "year": 2013, "month": 8}}, {"type": "Feature", "geometry": {"type": "Point", "coordinates": [116.43, -8.03]}, "properties": {"magnitude": 4.6, "mag_category": "Moderate", "depth": 265.0, "depth_category": "Intermediate", "date": "2013-08-16 00:00:00", "time": "01:53:23.298000", "region": "Sumbawa Region - Indonesia", "year": 2013, "month": 8}}, {"type": "Feature", "geometry": {"type": "Point", "coordinates": [127.41, 2.74]}, "properties": {"magnitude": 4.8, "mag_category": "Moderate", "depth": 66.0, "depth_category": "Shallow", "date": "2013-04-10 00:00:00", "time": "19:59:28.668000", "region": "Northern Molucca Sea", "year": 2013, "month": 4}}, {"type": "Feature", "geometry": {"type": "Point", "coordinates": [123.47, 0.06]}, "properties": {"magnitude": 3.6, "mag_category": "Light", "depth": 112.0, "depth_category": "Intermediate", "date": "2013-05-09 00:00:00", "time": "11:42:01.132000", "region": "Minahassa Peninsula - Sulawesi", "year": 2013, "month": 5}}, {"type": "Feature", "geometry": {"type": "Point", "coordinates": [99.25, 1.45]}, "properties": {"magnitude": 3.9, "mag_category": "Light", "depth": 10.0, "depth_category": "Shallow", "date": "2013-03-27 00:00:00", "time": "16:39:08.552000", "region": "Northern Sumatra - Indonesia", "year": 2013, "month": 3}}, {"type": "Feature", "geometry": {"type": "Point", "coordinates": [129.88, -6.57]}, "properties": {"magnitude": 4.8, "mag_category": "Moderate", "depth": 142.0, "depth_category": "Intermediate", "date": "2013-05-13 00:00:00", "time": "14:46:42.213000", "region": "Banda Sea", "year": 2013, "month": 5}}, {"type": "Feature", "geometry": {"type": "Point", "coordinates": [123.96, -0.3]}, "properties": {"magnitude": 3.2, "mag_category": "Light", "depth": 13.0, "depth_category": "Shallow", "date": "2013-06-06 00:00:00", "time": "11:51:05.377000", "region": "Minahassa Peninsula - Sulawesi", "year": 2013, "month": 6}}, {"type": "Feature", "geometry": {"type": "Point", "coordinates": [112.61, -8.59]}, "properties": {"magnitude": 2.9, "mag_category": "Minor", "depth": 117.0, "depth_category": "Intermediate", "date": "2013-12-12 00:00:00", "time": "09:16:39.174000", "region": "Java - Indonesia", "year": 2013, "month": 12}}, {"type": "Feature", "geometry": {"type": "Point", "coordinates": [129.97, -5.71]}, "properties": {"magnitude": 4.1, "mag_category": "Moderate", "depth": 191.0, "depth_category": "Intermediate", "date": "2013-07-01 00:00:00", "time": "17:20:24.007000", "region": "Banda Sea", "year": 2013, "month": 7}}, {"type": "Feature", "geometry": {"type": "Point", "coordinates": [114.25, -9.43]}, "properties": {"magnitude": 3.3, "mag_category": "Light", "depth": 26.0, "depth_category": "Shallow", "date": "2013-03-21 00:00:00", "time": "07:35:37.736000", "region": "South of Bali - Indonesia", "year": 2013, "month": 3}}, {"type": "Feature", "geometry": {"type": "Point", "coordinates": [128.84, -3.65]}, "properties": {"magnitude": 4.4, "mag_category": "Moderate", "depth": 114.0, "depth_category": "Intermediate", "date": "2013-07-06 00:00:00", "time": "18:31:08.777000", "region": "Seram - Indonesia", "year": 2013, "month": 7}}, {"type": "Feature", "geometry": {"type": "Point", "coordinates": [102.91, -2.45]}, "properties": {"magnitude": 3.5, "mag_category": "Light", "depth": 10.0, "depth_category": "Shallow", "date": "2013-02-14 00:00:00", "time": "15:09:13.850000", "region": "Southern Sumatra - Indonesia", "year": 2013, "month": 2}}, {"type": "Feature", "geometry": {"type": "Point", "coordinates": [126.04, 5.79]}, "properties": {"magnitude": 4.2, "mag_category": "Moderate", "depth": 163.0, "depth_category": "Intermediate", "date": "2013-04-13 00:00:00", "time": "15:15:23.643000", "region": "Mindanao - Philippines", "year": 2013, "month": 4}}, {"type": "Feature", "geometry": {"type": "Point", "coordinates": [98.89, 2.58]}, "properties": {"magnitude": 2.2, "mag_category": "Minor", "depth": 17.0, "depth_category": "Shallow", "date": "2013-06-30 00:00:00", "time": "23:56:31.240000", "region": "Northern Sumatra - Indonesia", "year": 2013, "month": 6}}, {"type": "Feature", "geometry": {"type": "Point", "coordinates": [126.58, 2.23]}, "properties": {"magnitude": 3.8, "mag_category": "Light", "depth": 10.0, "depth_category": "Shallow", "date": "2013-02-01 00:00:00", "time": "14:40:32.700000", "region": "Northern Molucca Sea", "year": 2013, "month": 2}}, {"type": "Feature", "geometry": {"type": "Point", "coordinates": [100.38, -1.38]}, "properties": {"magnitude": 3.8, "mag_category": "Light", "depth": 10.0, "depth_category": "Shallow", "date": "2013-02-06 00:00:00", "time": "22:48:42.591000", "region": "Southern Sumatra - Indonesia", "year": 2013, "month": 2}}, {"type": "Feature", "geometry": {"type": "Point", "coordinates": [104.42, -5.7]}, "properties": {"magnitude": 2.3, "mag_category": "Minor", "depth": 10.0, "depth_category": "Shallow", "date": "2013-03-05 00:00:00", "time": "04:06:17.582000", "region": "Southern Sumatra - Indonesia", "year": 2013, "month": 3}}, {"type": "Feature", "geometry": {"type": "Point", "coordinates": [121.82, -8.92]}, "properties": {"magnitude": 2.8, "mag_category": "Minor", "depth": 10.0, "depth_category": "Shallow", "date": "2013-02-18 00:00:00", "time": "13:08:40.014000", "region": "Flores Region - Indonesia", "year": 2013, "month": 2}}, {"type": "Feature", "geometry": {"type": "Point", "coordinates": [124.22, -0.43]}, "properties": {"magnitude": 4.1, "mag_category": "Moderate", "depth": 34.0, "depth_category": "Shallow", "date": "2013-02-09 00:00:00", "time": "12:20:20.882000", "region": "Southern Molucca Sea", "year": 2013, "month": 2}}, {"type": "Feature", "geometry": {"type": "Point", "coordinates": [115.05, -9.31]}, "properties": {"magnitude": 2.3, "mag_category": "Minor", "depth": 26.0, "depth_category": "Shallow", "date": "2013-12-09 00:00:00", "time": "16:13:13.754000", "region": "South of Bali - Indonesia", "year": 2013, "month": 12}}, {"type": "Feature", "geometry": {"type": "Point", "coordinates": [103.77, -6.3]}, "properties": {"magnitude": 4.1, "mag_category": "Moderate", "depth": 10.0, "depth_category": "Shallow", "date": "2013-12-31 00:00:00", "time": "14:21:05.451000", "region": "Southwest of Sumatra - Indonesia", "year": 2013, "month": 12}}, {"type": "Feature", "geometry": {"type": "Point", "coordinates": [110.51, -9.27]}, "properties": {"magnitude": 3.2, "mag_category": "Light", "depth": 10.0, "depth_category": "Shallow", "date": "2013-12-18 00:00:00", "time": "02:44:39.991000", "region": "South of Java - Indonesia", "year": 2013, "month": 12}}, {"type": "Feature", "geometry": {"type": "Point", "coordinates": [123.7, 0.37]}, "properties": {"magnitude": 4.0, "mag_category": "Moderate", "depth": 218.0, "depth_category": "Intermediate", "date": "2013-01-14 00:00:00", "time": "20:12:04.062000", "region": "Minahassa Peninsula - Sulawesi", "year": 2013, "month": 1}}, {"type": "Feature", "geometry": {"type": "Point", "coordinates": [123.04, -0.8]}, "properties": {"magnitude": 3.3, "mag_category": "Light", "depth": 10.0, "depth_category": "Shallow", "date": "2013-05-16 00:00:00", "time": "02:41:33.503000", "region": "Minahassa Peninsula - Sulawesi", "year": 2013, "month": 5}}, {"type": "Feature", "geometry": {"type": "Point", "coordinates": [127.12, -8.43]}, "properties": {"magnitude": 6.0, "mag_category": "Major", "depth": 10.0, "depth_category": "Shallow", "date": "2013-07-30 00:00:00", "time": "04:54:01.736000", "region": "Timor Region", "year": 2013, "month": 7}}, {"type": "Feature", "geometry": {"type": "Point", "coordinates": [109.09, -8.31]}, "properties": {"magnitude": 3.8, "mag_category": "Light", "depth": 15.0, "depth_category": "Shallow", "date": "2013-03-16 00:00:00", "time": "04:51:20.272000", "region": "Java - Indonesia", "year": 2013, "month": 3}}, {"type": "Feature", "geometry": {"type": "Point", "coordinates": [122.03, -9.02]}, "properties": {"magnitude": 4.1, "mag_category": "Moderate", "depth": 113.0, "depth_category": "Intermediate", "date": "2013-01-05 00:00:00", "time": "11:27:54.196000", "region": "Savu Sea", "year": 2013, "month": 1}}, {"type": "Feature", "geometry": {"type": "Point", "coordinates": [123.63, -9.24]}, "properties": {"magnitude": 3.1, "mag_category": "Light", "depth": 32.0, "depth_category": "Shallow", "date": "2013-06-10 00:00:00", "time": "12:52:47.486000", "region": "Timor Region", "year": 2013, "month": 6}}, {"type": "Feature", "geometry": {"type": "Point", "coordinates": [100.66, -1.98]}, "properties": {"magnitude": 3.4, "mag_category": "Light", "depth": 10.0, "depth_category": "Shallow", "date": "2013-06-26 00:00:00", "time": "11:23:03.111000", "region": "Southern Sumatra - Indonesia", "year": 2013, "month": 6}}, {"type": "Feature", "geometry": {"type": "Point", "coordinates": [130.77, -4.65]}, "properties": {"magnitude": 4.1, "mag_category": "Moderate", "depth": 128.0, "depth_category": "Intermediate", "date": "2013-02-13 00:00:00", "time": "15:30:58.187000", "region": "Banda Sea", "year": 2013, "month": 2}}, {"type": "Feature", "geometry": {"type": "Point", "coordinates": [130.14, -6.96]}, "properties": {"magnitude": 5.2, "mag_category": "Strong", "depth": 93.0, "depth_category": "Intermediate", "date": "2013-08-10 00:00:00", "time": "07:20:05.207000", "region": "Banda Sea", "year": 2013, "month": 8}}, {"type": "Feature", "geometry": {"type": "Point", "coordinates": [113.82, -10.69]}, "properties": {"magnitude": 4.4, "mag_category": "Moderate", "depth": 10.0, "depth_category": "Shallow", "date": "2013-04-03 00:00:00", "time": "22:11:04.677000", "region": "South of Java - Indonesia", "year": 2013, "month": 4}}, {"type": "Feature", "geometry": {"type": "Point", "coordinates": [122.28, 0.21]}, "properties": {"magnitude": 3.1, "mag_category": "Light", "depth": 141.0, "depth_category": "Intermediate", "date": "2014-02-05 00:00:00", "time": "15:30:32.522000", "region": "Minahassa Peninsula - Sulawesi", "year": 2014, "month": 2}}, {"type": "Feature", "geometry": {"type": "Point", "coordinates": [103.55, -6.02]}, "properties": {"magnitude": 4.0, "mag_category": "Moderate", "depth": 10.0, "depth_category": "Shallow", "date": "2014-01-21 00:00:00", "time": "06:21:32.851000", "region": "Southwest of Sumatra - Indonesia", "year": 2014, "month": 1}}, {"type": "Feature", "geometry": {"type": "Point", "coordinates": [112.99, -9.37]}, "properties": {"magnitude": 4.9, "mag_category": "Moderate", "depth": 32.0, "depth_category": "Shallow", "date": "2014-07-24 00:00:00", "time": "08:16:53.342000", "region": "South of Java - Indonesia", "year": 2014, "month": 7}}, {"type": "Feature", "geometry": {"type": "Point", "coordinates": [118.95, -8.51]}, "properties": {"magnitude": 3.5, "mag_category": "Light", "depth": 127.0, "depth_category": "Intermediate", "date": "2014-05-30 00:00:00", "time": "05:39:24.791000", "region": "Sumbawa Region - Indonesia", "year": 2014, "month": 5}}, {"type": "Feature", "geometry": {"type": "Point", "coordinates": [121.27, 0.65]}, "properties": {"magnitude": 3.4, "mag_category": "Light", "depth": 29.0, "depth_category": "Shallow", "date": "2014-12-20 00:00:00", "time": "09:16:26.732000", "region": "Minahassa Peninsula - Sulawesi", "year": 2014, "month": 12}}, {"type": "Feature", "geometry": {"type": "Point", "coordinates": [106.63, -7.53]}, "properties": {"magnitude": 4.6, "mag_category": "Moderate", "depth": 23.0, "depth_category": "Shallow", "date": "2014-05-13 00:00:00", "time": "23:15:15.808000", "region": "Java - Indonesia", "year": 2014, "month": 5}}, {"type": "Feature", "geometry": {"type": "Point", "coordinates": [109.23, -8.43]}, "properties": {"magnitude": 3.7, "mag_category": "Light", "depth": 75.0, "depth_category": "Intermediate", "date": "2014-01-25 00:00:00", "time": "05:54:05.618000", "region": "Java - Indonesia", "year": 2014, "month": 1}}, {"type": "Feature", "geometry": {"type": "Point", "coordinates": [107.16, -7.97]}, "properties": {"magnitude": 2.8, "mag_category": "Minor", "depth": 28.0, "depth_category": "Shallow", "date": "2014-08-16 00:00:00", "time": "16:26:19.948000", "region": "Java - Indonesia", "year": 2014, "month": 8}}, {"type": "Feature", "geometry": {"type": "Point", "coordinates": [114.56, -8.53]}, "properties": {"magnitude": 4.2, "mag_category": "Moderate", "depth": 107.0, "depth_category": "Intermediate", "date": "2014-07-07 00:00:00", "time": "01:24:22.448000", "region": "Bali Region - Indonesia", "year": 2014, "month": 7}}, {"type": "Feature", "geometry": {"type": "Point", "coordinates": [119.62, 0.47]}, "properties": {"magnitude": 2.8, "mag_category": "Minor", "depth": 10.0, "depth_category": "Shallow", "date": "2014-12-17 00:00:00", "time": "16:34:37.516000", "region": "Minahassa Peninsula - Sulawesi", "year": 2014, "month": 12}}, {"type": "Feature", "geometry": {"type": "Point", "coordinates": [124.57, -10.5]}, "properties": {"magnitude": 4.0, "mag_category": "Moderate", "depth": 11.0, "depth_category": "Shallow", "date": "2014-07-09 00:00:00", "time": "02:10:46.143000", "region": "Timor Region", "year": 2014, "month": 7}}, {"type": "Feature", "geometry": {"type": "Point", "coordinates": [133.12, -0.61]}, "properties": {"magnitude": 3.9, "mag_category": "Light", "depth": 21.0, "depth_category": "Shallow", "date": "2014-07-26 00:00:00", "time": "09:18:00.890000", "region": "Irian Jaya Region - Indonesia", "year": 2014, "month": 7}}, {"type": "Feature", "geometry": {"type": "Point", "coordinates": [129.62, -2.73]}, "properties": {"magnitude": 3.6, "mag_category": "Light", "depth": 15.0, "depth_category": "Shallow", "date": "2014-02-15 00:00:00", "time": "14:55:22.528000", "region": "Seram - Indonesia", "year": 2014, "month": 2}}, {"type": "Feature", "geometry": {"type": "Point", "coordinates": [120.83, -2.3]}, "properties": {"magnitude": 3.5, "mag_category": "Light", "depth": 10.0, "depth_category": "Shallow", "date": "2014-01-07 00:00:00", "time": "02:45:54.133000", "region": "Sulawesi - Indonesia", "year": 2014, "month": 1}}, {"type": "Feature", "geometry": {"type": "Point", "coordinates": [102.79, -4.94]}, "properties": {"magnitude": 3.8, "mag_category": "Light", "depth": 24.0, "depth_category": "Shallow", "date": "2014-07-19 00:00:00", "time": "03:19:20.597000", "region": "Southern Sumatra - Indonesia", "year": 2014, "month": 7}}, {"type": "Feature", "geometry": {"type": "Point", "coordinates": [108.62, -8.25]}, "properties": {"magnitude": 3.7, "mag_category": "Light", "depth": 48.0, "depth_category": "Shallow", "date": "2014-01-08 00:00:00", "time": "00:08:42.570000", "region": "Java - Indonesia", "year": 2014, "month": 1}}, {"type": "Feature", "geometry": {"type": "Point", "coordinates": [120.84, -9.32]}, "properties": {"magnitude": 2.9, "mag_category": "Minor", "depth": 10.0, "depth_category": "Shallow", "date": "2014-12-13 00:00:00", "time": "19:50:56.768000", "region": "Sumba Region - Indonesia", "year": 2014, "month": 12}}, {"type": "Feature", "geometry": {"type": "Point", "coordinates": [120.42, -8.02]}, "properties": {"magnitude": 3.5, "mag_category": "Light", "depth": 10.0, "depth_category": "Shallow", "date": "2014-12-11 00:00:00", "time": "17:46:24.484000", "region": "Flores Region - Indonesia", "year": 2014, "month": 12}}, {"type": "Feature", "geometry": {"type": "Point", "coordinates": [124.51, 1.48]}, "properties": {"magnitude": 4.7, "mag_category": "Moderate", "depth": 252.0, "depth_category": "Intermediate", "date": "2014-08-10 00:00:00", "time": "02:15:21.336000", "region": "Minahassa Peninsula - Sulawesi", "year": 2014, "month": 8}}, {"type": "Feature", "geometry": {"type": "Point", "coordinates": [103.01, -4.99]}, "properties": {"magnitude": 4.0, "mag_category": "Moderate", "depth": 23.0, "depth_category": "Shallow", "date": "2014-05-22 00:00:00", "time": "20:48:06.616000", "region": "Southern Sumatra - Indonesia", "year": 2014, "month": 5}}, {"type": "Feature", "geometry": {"type": "Point", "coordinates": [135.4, -3.82]}, "properties": {"magnitude": 4.6, "mag_category": "Moderate", "depth": 10.0, "depth_category": "Shallow", "date": "2014-07-23 00:00:00", "time": "16:59:22.247000", "region": "Irian Jaya Region - Indonesia", "year": 2014, "month": 7}}, {"type": "Feature", "geometry": {"type": "Point", "coordinates": [120.41, 0.9]}, "properties": {"magnitude": 2.1, "mag_category": "Minor", "depth": 10.0, "depth_category": "Shallow", "date": "2014-08-21 00:00:00", "time": "16:23:00.440000", "region": "Minahassa Peninsula - Sulawesi", "year": 2014, "month": 8}}, {"type": "Feature", "geometry": {"type": "Point", "coordinates": [114.05, -7.92]}, "properties": {"magnitude": 2.8, "mag_category": "Minor", "depth": 20.0, "depth_category": "Shallow", "date": "2014-12-15 00:00:00", "time": "11:07:29.083000", "region": "Bali Sea", "year": 2014, "month": 12}}, {"type": "Feature", "geometry": {"type": "Point", "coordinates": [140.11, -2.2]}, "properties": {"magnitude": 5.0, "mag_category": "Strong", "depth": 10.0, "depth_category": "Shallow", "date": "2014-01-19 00:00:00", "time": "15:57:56.629000", "region": "Near North Coast of Irian Jaya", "year": 2014, "month": 1}}, {"type": "Feature", "geometry": {"type": "Point", "coordinates": [125.01, -0.22]}, "properties": {"magnitude": 3.3, "mag_category": "Light", "depth": 26.0, "depth_category": "Shallow", "date": "2014-08-20 00:00:00", "time": "02:25:44.108000", "region": "Southern Molucca Sea", "year": 2014, "month": 8}}, {"type": "Feature", "geometry": {"type": "Point", "coordinates": [126.81, 1.34]}, "properties": {"magnitude": 3.5, "mag_category": "Light", "depth": 10.0, "depth_category": "Shallow", "date": "2014-02-11 00:00:00", "time": "10:37:17.181000", "region": "Northern Molucca Sea", "year": 2014, "month": 2}}, {"type": "Feature", "geometry": {"type": "Point", "coordinates": [123.6, 0.4]}, "properties": {"magnitude": 3.5, "mag_category": "Light", "depth": 239.0, "depth_category": "Intermediate", "date": "2014-01-11 00:00:00", "time": "03:09:25.162000", "region": "Minahassa Peninsula - Sulawesi", "year": 2014, "month": 1}}, {"type": "Feature", "geometry": {"type": "Point", "coordinates": [96.18, 2.14]}, "properties": {"magnitude": 3.9, "mag_category": "Light", "depth": 11.0, "depth_category": "Shallow", "date": "2014-05-02 00:00:00", "time": "18:32:26.310000", "region": "Northern Sumatra - Indonesia", "year": 2014, "month": 5}}, {"type": "Feature", "geometry": {"type": "Point", "coordinates": [131.13, -3.29]}, "properties": {"magnitude": 4.7, "mag_category": "Moderate", "depth": 72.0, "depth_category": "Intermediate", "date": "2014-03-01 00:00:00", "time": "00:56:48.951000", "region": "Irian Jaya Region - Indonesia", "year": 2014, "month": 3}}, {"type": "Feature", "geometry": {"type": "Point", "coordinates": [123.83, -10.99]}, "properties": {"magnitude": 4.9, "mag_category": "Moderate", "depth": 10.0, "depth_category": "Shallow", "date": "2014-12-09 00:00:00", "time": "20:20:24.384000", "region": "Timor Region", "year": 2014, "month": 12}}, {"type": "Feature", "geometry": {"type": "Point", "coordinates": [120.58, -2.12]}, "properties": {"magnitude": 3.2, "mag_category": "Light", "depth": 10.0, "depth_category": "Shallow", "date": "2014-05-21 00:00:00", "time": "02:11:31.206000", "region": "Sulawesi - Indonesia", "year": 2014, "month": 5}}, {"type": "Feature", "geometry": {"type": "Point", "coordinates": [128.67, -3.4]}, "properties": {"magnitude": 2.9, "mag_category": "Minor", "depth": 10.0, "depth_category": "Shallow", "date": "2014-01-05 00:00:00", "time": "20:11:00.896000", "region": "Seram - Indonesia", "year": 2014, "month": 1}}, {"type": "Feature", "geometry": {"type": "Point", "coordinates": [119.58, -7.87]}, "properties": {"magnitude": 4.6, "mag_category": "Moderate", "depth": 256.0, "depth_category": "Intermediate", "date": "2014-05-03 00:00:00", "time": "12:36:49.769000", "region": "Flores Sea", "year": 2014, "month": 5}}, {"type": "Feature", "geometry": {"type": "Point", "coordinates": [103.61, -6.04]}, "properties": {"magnitude": 3.0, "mag_category": "Light", "depth": 12.0, "depth_category": "Shallow", "date": "2014-06-02 00:00:00", "time": "14:00:26.658000", "region": "Southwest of Sumatra - Indonesia", "year": 2014, "month": 6}}, {"type": "Feature", "geometry": {"type": "Point", "coordinates": [119.06, -7.57]}, "properties": {"magnitude": 3.9, "mag_category": "Light", "depth": 200.0, "depth_category": "Intermediate", "date": "2014-05-30 00:00:00", "time": "03:30:28.801000", "region": "Flores Sea", "year": 2014, "month": 5}}, {"type": "Feature", "geometry": {"type": "Point", "coordinates": [96.21, 4.73]}, "properties": {"magnitude": 3.9, "mag_category": "Light", "depth": 31.0, "depth_category": "Shallow", "date": "2014-06-16 00:00:00", "time": "05:33:48.972000", "region": "Northern Sumatra - Indonesia", "year": 2014, "month": 6}}, {"type": "Feature", "geometry": {"type": "Point", "coordinates": [132.4, -0.15]}, "properties": {"magnitude": 3.2, "mag_category": "Light", "depth": 22.0, "depth_category": "Shallow", "date": "2014-02-22 00:00:00", "time": "14:00:40.739000", "region": "Irian Jaya Region - Indonesia", "year": 2014, "month": 2}}, {"type": "Feature", "geometry": {"type": "Point", "coordinates": [128.33, -2.03]}, "properties": {"magnitude": 3.0, "mag_category": "Light", "depth": 58.0, "depth_category": "Shallow", "date": "2014-06-20 00:00:00", "time": "16:41:23.126000", "region": "Ceram Sea", "year": 2014, "month": 6}}, {"type": "Feature", "geometry": {"type": "Point", "coordinates": [120.68, -2.13]}, "properties": {"magnitude": 4.0, "mag_category": "Moderate", "depth": 10.0, "depth_category": "Shallow", "date": "2014-05-30 00:00:00", "time": "23:32:15.817000", "region": "Sulawesi - Indonesia", "year": 2014, "month": 5}}, {"type": "Feature", "geometry": {"type": "Point", "coordinates": [108.88, -8.28]}, "properties": {"magnitude": 4.2, "mag_category": "Moderate", "depth": 76.0, "depth_category": "Intermediate", "date": "2014-08-05 00:00:00", "time": "23:00:51.724000", "region": "Java - Indonesia", "year": 2014, "month": 8}}, {"type": "Feature", "geometry": {"type": "Point", "coordinates": [107.05, -7.58]}, "properties": {"magnitude": 5.0, "mag_category": "Strong", "depth": 78.0, "depth_category": "Intermediate", "date": "2014-12-26 00:00:00", "time": "14:08:41.376000", "region": "Java - Indonesia", "year": 2014, "month": 12}}, {"type": "Feature", "geometry": {"type": "Point", "coordinates": [127.54, -0.91]}, "properties": {"magnitude": 3.6, "mag_category": "Light", "depth": 85.0, "depth_category": "Intermediate", "date": "2014-07-29 00:00:00", "time": "15:00:05.434000", "region": "Halmahera - Indonesia", "year": 2014, "month": 7}}, {"type": "Feature", "geometry": {"type": "Point", "coordinates": [127.34, -3.55]}, "properties": {"magnitude": 3.6, "mag_category": "Light", "depth": 10.0, "depth_category": "Shallow", "date": "2014-05-26 00:00:00", "time": "22:13:49.916000", "region": "Seram - Indonesia", "year": 2014, "month": 5}}, {"type": "Feature", "geometry": {"type": "Point", "coordinates": [99.55, 0.47]}, "properties": {"magnitude": 3.8, "mag_category": "Light", "depth": 10.0, "depth_category": "Shallow", "date": "2014-01-17 00:00:00", "time": "16:45:44.142000", "region": "Northern Sumatra - Indonesia", "year": 2014, "month": 1}}, {"type": "Feature", "geometry": {"type": "Point", "coordinates": [121.8, -9.51]}, "properties": {"magnitude": 3.7, "mag_category": "Light", "depth": 10.0, "depth_category": "Shallow", "date": "2014-07-06 00:00:00", "time": "04:27:18.157000", "region": "Savu Sea", "year": 2014, "month": 7}}, {"type": "Feature", "geometry": {"type": "Point", "coordinates": [115.94, -9.12]}, "properties": {"magnitude": 3.3, "mag_category": "Light", "depth": 90.0, "depth_category": "Intermediate", "date": "2014-05-16 00:00:00", "time": "02:07:45.296000", "region": "South of Bali - Indonesia", "year": 2014, "month": 5}}, {"type": "Feature", "geometry": {"type": "Point", "coordinates": [124.12, 1.77]}, "properties": {"magnitude": 3.6, "mag_category": "Light", "depth": 290.0, "depth_category": "Intermediate", "date": "2014-02-05 00:00:00", "time": "18:59:38.973000", "region": "Minahassa Peninsula - Sulawesi", "year": 2014, "month": 2}}, {"type": "Feature", "geometry": {"type": "Point", "coordinates": [120.03, -1.0]}, "properties": {"magnitude": 3.1, "mag_category": "Light", "depth": 10.0, "depth_category": "Shallow", "date": "2014-02-23 00:00:00", "time": "16:10:03.555000", "region": "Minahassa Peninsula - Sulawesi", "year": 2014, "month": 2}}, {"type": "Feature", "geometry": {"type": "Point", "coordinates": [100.06, -0.6]}, "properties": {"magnitude": 3.7, "mag_category": "Light", "depth": 10.0, "depth_category": "Shallow", "date": "2014-06-11 00:00:00", "time": "12:56:25.287000", "region": "Southern Sumatra - Indonesia", "year": 2014, "month": 6}}, {"type": "Feature", "geometry": {"type": "Point", "coordinates": [106.0, -7.42]}, "properties": {"magnitude": 4.9, "mag_category": "Moderate", "depth": 58.0, "depth_category": "Shallow", "date": "2014-05-30 00:00:00", "time": "17:53:20.267000", "region": "Java - Indonesia", "year": 2014, "month": 5}}, {"type": "Feature", "geometry": {"type": "Point", "coordinates": [127.06, 1.97]}, "properties": {"magnitude": 3.8, "mag_category": "Light", "depth": 15.0, "depth_category": "Shallow", "date": "2014-07-09 00:00:00", "time": "16:07:20.010000", "region": "Halmahera - Indonesia", "year": 2014, "month": 7}}, {"type": "Feature", "geometry": {"type": "Point", "coordinates": [126.52, 1.84]}, "properties": {"magnitude": 4.1, "mag_category": "Moderate", "depth": 23.0, "depth_category": "Shallow", "date": "2014-12-17 00:00:00", "time": "05:47:05.791000", "region": "Northern Molucca Sea", "year": 2014, "month": 12}}, {"type": "Feature", "geometry": {"type": "Point", "coordinates": [119.73, 0.55]}, "properties": {"magnitude": 3.2, "mag_category": "Light", "depth": 15.0, "depth_category": "Shallow", "date": "2014-02-07 00:00:00", "time": "17:40:03.924000", "region": "Minahassa Peninsula - Sulawesi", "year": 2014, "month": 2}}, {"type": "Feature", "geometry": {"type": "Point", "coordinates": [129.58, -2.89]}, "properties": {"magnitude": 3.2, "mag_category": "Light", "depth": 10.0, "depth_category": "Shallow", "date": "2014-05-19 00:00:00", "time": "04:46:19.445000", "region": "Seram - Indonesia", "year": 2014, "month": 5}}, {"type": "Feature", "geometry": {"type": "Point", "coordinates": [122.94, 0.03]}, "properties": {"magnitude": 2.3, "mag_category": "Minor", "depth": 165.0, "depth_category": "Intermediate", "date": "2014-12-11 00:00:00", "time": "20:51:52.849000", "region": "Minahassa Peninsula - Sulawesi", "year": 2014, "month": 12}}, {"type": "Feature", "geometry": {"type": "Point", "coordinates": [122.59, -9.47]}, "properties": {"magnitude": 4.9, "mag_category": "Moderate", "depth": 69.0, "depth_category": "Shallow", "date": "2014-02-07 00:00:00", "time": "14:06:19.180000", "region": "Savu Sea", "year": 2014, "month": 2}}, {"type": "Feature", "geometry": {"type": "Point", "coordinates": [120.16, -8.15]}, "properties": {"magnitude": 3.9, "mag_category": "Light", "depth": 178.0, "depth_category": "Intermediate", "date": "2014-12-10 00:00:00", "time": "11:05:09.553000", "region": "Flores Region - Indonesia", "year": 2014, "month": 12}}, {"type": "Feature", "geometry": {"type": "Point", "coordinates": [107.37, -8.18]}, "properties": {"magnitude": 4.3, "mag_category": "Moderate", "depth": 18.0, "depth_category": "Shallow", "date": "2014-12-14 00:00:00", "time": "18:39:13.712000", "region": "Java - Indonesia", "year": 2014, "month": 12}}, {"type": "Feature", "geometry": {"type": "Point", "coordinates": [120.42, -7.5]}, "properties": {"magnitude": 4.7, "mag_category": "Moderate", "depth": 531.0, "depth_category": "Deep", "date": "2014-06-29 00:00:00", "time": "09:59:54.032000", "region": "Flores Sea", "year": 2014, "month": 6}}, {"type": "Feature", "geometry": {"type": "Point", "coordinates": [129.64, -2.7]}, "properties": {"magnitude": 3.3, "mag_category": "Light", "depth": 10.0, "depth_category": "Shallow", "date": "2014-02-15 00:00:00", "time": "15:01:01.977000", "region": "Seram - Indonesia", "year": 2014, "month": 2}}, {"type": "Feature", "geometry": {"type": "Point", "coordinates": [122.17, 0.34]}, "properties": {"magnitude": 2.1, "mag_category": "Minor", "depth": 140.0, "depth_category": "Intermediate", "date": "2014-06-07 00:00:00", "time": "14:41:16.288000", "region": "Minahassa Peninsula - Sulawesi", "year": 2014, "month": 6}}, {"type": "Feature", "geometry": {"type": "Point", "coordinates": [123.07, -2.82]}, "properties": {"magnitude": 3.8, "mag_category": "Light", "depth": 72.0, "depth_category": "Intermediate", "date": "2014-08-10 00:00:00", "time": "14:16:19.215000", "region": "Sulawesi - Indonesia", "year": 2014, "month": 8}}, {"type": "Feature", "geometry": {"type": "Point", "coordinates": [127.33, 1.63]}, "properties": {"magnitude": 4.7, "mag_category": "Moderate", "depth": 134.0, "depth_category": "Intermediate", "date": "2014-02-10 00:00:00", "time": "16:11:26.815000", "region": "Halmahera - Indonesia", "year": 2014, "month": 2}}, {"type": "Feature", "geometry": {"type": "Point", "coordinates": [109.13, -8.39]}, "properties": {"magnitude": 3.7, "mag_category": "Light", "depth": 10.0, "depth_category": "Shallow", "date": "2014-05-12 00:00:00", "time": "04:40:04.430000", "region": "Java - Indonesia", "year": 2014, "month": 5}}, {"type": "Feature", "geometry": {"type": "Point", "coordinates": [107.87, -8.09]}, "properties": {"magnitude": 5.2, "mag_category": "Strong", "depth": 58.0, "depth_category": "Shallow", "date": "2014-06-22 00:00:00", "time": "06:38:50.712000", "region": "Java - Indonesia", "year": 2014, "month": 6}}, {"type": "Feature", "geometry": {"type": "Point", "coordinates": [129.17, -2.66]}, "properties": {"magnitude": 3.0, "mag_category": "Light", "depth": 10.0, "depth_category": "Shallow", "date": "2014-12-22 00:00:00", "time": "01:27:32.800000", "region": "Seram - Indonesia", "year": 2014, "month": 12}}, {"type": "Feature", "geometry": {"type": "Point", "coordinates": [128.79, -3.75]}, "properties": {"magnitude": 4.1, "mag_category": "Moderate", "depth": 10.0, "depth_category": "Shallow", "date": "2014-06-16 00:00:00", "time": "09:37:10.995000", "region": "Seram - Indonesia", "year": 2014, "month": 6}}, {"type": "Feature", "geometry": {"type": "Point", "coordinates": [126.36, 1.64]}, "properties": {"magnitude": 5.7, "mag_category": "Strong", "depth": 58.0, "depth_category": "Shallow", "date": "2014-12-09 00:00:00", "time": "03:09:24.666000", "region": "Northern Molucca Sea", "year": 2014, "month": 12}}, {"type": "Feature", "geometry": {"type": "Point", "coordinates": [126.41, 1.5]}, "properties": {"magnitude": 3.3, "mag_category": "Light", "depth": 27.0, "depth_category": "Shallow", "date": "2014-08-06 00:00:00", "time": "16:38:19.714000", "region": "Northern Molucca Sea", "year": 2014, "month": 8}}, {"type": "Feature", "geometry": {"type": "Point", "coordinates": [120.47, -2.75]}, "properties": {"magnitude": 3.3, "mag_category": "Light", "depth": 10.0, "depth_category": "Shallow", "date": "2014-08-17 00:00:00", "time": "06:02:35.696000", "region": "Sulawesi - Indonesia", "year": 2014, "month": 8}}, {"type": "Feature", "geometry": {"type": "Point", "coordinates": [127.48, -2.75]}, "properties": {"magnitude": 2.6, "mag_category": "Minor", "depth": 33.0, "depth_category": "Shallow", "date": "2014-06-11 00:00:00", "time": "07:50:27.154000", "region": "Ceram Sea", "year": 2014, "month": 6}}, {"type": "Feature", "geometry": {"type": "Point", "coordinates": [123.41, -0.15]}, "properties": {"magnitude": 4.7, "mag_category": "Moderate", "depth": 109.0, "depth_category": "Intermediate", "date": "2014-02-06 00:00:00", "time": "02:33:08.567000", "region": "Minahassa Peninsula - Sulawesi", "year": 2014, "month": 2}}, {"type": "Feature", "geometry": {"type": "Point", "coordinates": [126.98, 2.1]}, "properties": {"magnitude": 3.7, "mag_category": "Light", "depth": 11.0, "depth_category": "Shallow", "date": "2014-06-07 00:00:00", "time": "06:55:01.447000", "region": "Northern Molucca Sea", "year": 2014, "month": 6}}, {"type": "Feature", "geometry": {"type": "Point", "coordinates": [138.55, -4.35]}, "properties": {"magnitude": 4.2, "mag_category": "Moderate", "depth": 159.0, "depth_category": "Intermediate", "date": "2014-06-21 00:00:00", "time": "10:37:15.250000", "region": "Irian Jaya - Indonesia", "year": 2014, "month": 6}}, {"type": "Feature", "geometry": {"type": "Point", "coordinates": [103.49, -5.98]}, "properties": {"magnitude": 3.1, "mag_category": "Light", "depth": 10.0, "depth_category": "Shallow", "date": "2014-01-24 00:00:00", "time": "14:16:55.640000", "region": "Southern Sumatra - Indonesia", "year": 2014, "month": 1}}, {"type": "Feature", "geometry": {"type": "Point", "coordinates": [126.72, 3.7]}, "properties": {"magnitude": 4.7, "mag_category": "Moderate", "depth": 50.0, "depth_category": "Shallow", "date": "2014-12-14 00:00:00", "time": "12:42:34.818000", "region": "Talaud Islands - Indonesia", "year": 2014, "month": 12}}, {"type": "Feature", "geometry": {"type": "Point", "coordinates": [124.06, -9.02]}, "properties": {"magnitude": 3.1, "mag_category": "Light", "depth": 116.0, "depth_category": "Intermediate", "date": "2014-06-02 00:00:00", "time": "17:13:27.991000", "region": "Timor Region", "year": 2014, "month": 6}}, {"type": "Feature", "geometry": {"type": "Point", "coordinates": [126.58, 5.76]}, "properties": {"magnitude": 4.9, "mag_category": "Moderate", "depth": 54.0, "depth_category": "Shallow", "date": "2014-07-14 00:00:00", "time": "08:40:56.815000", "region": "Mindanao - Philippines", "year": 2014, "month": 7}}, {"type": "Feature", "geometry": {"type": "Point", "coordinates": [125.12, -9.32]}, "properties": {"magnitude": 3.5, "mag_category": "Light", "depth": 11.0, "depth_category": "Shallow", "date": "2014-05-01 00:00:00", "time": "04:58:49.753000", "region": "Timor Region", "year": 2014, "month": 5}}, {"type": "Feature", "geometry": {"type": "Point", "coordinates": [120.36, -7.5]}, "properties": {"magnitude": 4.3, "mag_category": "Moderate", "depth": 357.0, "depth_category": "Deep", "date": "2014-06-24 00:00:00", "time": "10:33:47.045000", "region": "Flores Sea", "year": 2014, "month": 6}}, {"type": "Feature", "geometry": {"type": "Point", "coordinates": [126.68, 2.06]}, "properties": {"magnitude": 4.0, "mag_category": "Moderate", "depth": 32.0, "depth_category": "Shallow", "date": "2014-12-21 00:00:00", "time": "12:10:38.619000", "region": "Northern Molucca Sea", "year": 2014, "month": 12}}, {"type": "Feature", "geometry": {"type": "Point", "coordinates": [123.05, -7.88]}, "properties": {"magnitude": 4.4, "mag_category": "Moderate", "depth": 268.0, "depth_category": "Intermediate", "date": "2014-05-23 00:00:00", "time": "04:44:15.579000", "region": "Banda Sea", "year": 2014, "month": 5}}, {"type": "Feature", "geometry": {"type": "Point", "coordinates": [121.14, -2.43]}, "properties": {"magnitude": 3.2, "mag_category": "Light", "depth": 10.0, "depth_category": "Shallow", "date": "2014-01-18 00:00:00", "time": "11:40:35.767000", "region": "Sulawesi - Indonesia", "year": 2014, "month": 1}}, {"type": "Feature", "geometry": {"type": "Point", "coordinates": [96.64, 0.32]}, "properties": {"magnitude": 5.2, "mag_category": "Strong", "depth": 77.0, "depth_category": "Intermediate", "date": "2014-05-30 00:00:00", "time": "03:25:55.123000", "region": "Off West Coast of Northern Sumatra", "year": 2014, "month": 5}}, {"type": "Feature", "geometry": {"type": "Point", "coordinates": [133.57, -4.1]}, "properties": {"magnitude": 4.0, "mag_category": "Moderate", "depth": 10.0, "depth_category": "Shallow", "date": "2014-01-23 00:00:00", "time": "20:03:54.355000", "region": "Irian Jaya Region - Indonesia", "year": 2014, "month": 1}}, {"type": "Feature", "geometry": {"type": "Point", "coordinates": [107.3, -8.13]}, "properties": {"magnitude": 3.4, "mag_category": "Light", "depth": 10.0, "depth_category": "Shallow", "date": "2014-12-10 00:00:00", "time": "01:57:46.151000", "region": "Java - Indonesia", "year": 2014, "month": 12}}, {"type": "Feature", "geometry": {"type": "Point", "coordinates": [112.49, -8.85]}, "properties": {"magnitude": 3.3, "mag_category": "Light", "depth": 31.0, "depth_category": "Shallow", "date": "2014-07-26 00:00:00", "time": "09:14:17.906000", "region": "Java - Indonesia", "year": 2014, "month": 7}}, {"type": "Feature", "geometry": {"type": "Point", "coordinates": [129.53, -4.82]}, "properties": {"magnitude": 3.8, "mag_category": "Light", "depth": 200.0, "depth_category": "Intermediate", "date": "2014-12-23 00:00:00", "time": "20:14:51.049000", "region": "Banda Sea", "year": 2014, "month": 12}}, {"type": "Feature", "geometry": {"type": "Point", "coordinates": [109.22, -8.22]}, "properties": {"magnitude": 6.2, "mag_category": "Major", "depth": 79.0, "depth_category": "Intermediate", "date": "2014-01-25 00:00:00", "time": "05:14:21.144000", "region": "Java - Indonesia", "year": 2014, "month": 1}}, {"type": "Feature", "geometry": {"type": "Point", "coordinates": [130.68, -0.21]}, "properties": {"magnitude": 3.9, "mag_category": "Light", "depth": 10.0, "depth_category": "Shallow", "date": "2014-12-15 00:00:00", "time": "14:58:03.998000", "region": "Irian Jaya Region - Indonesia", "year": 2014, "month": 12}}, {"type": "Feature", "geometry": {"type": "Point", "coordinates": [127.96, -3.03]}, "properties": {"magnitude": 3.7, "mag_category": "Light", "depth": 81.0, "depth_category": "Intermediate", "date": "2014-02-13 00:00:00", "time": "17:59:26.186000", "region": "Seram - Indonesia", "year": 2014, "month": 2}}, {"type": "Feature", "geometry": {"type": "Point", "coordinates": [127.55, -3.74]}, "properties": {"magnitude": 5.7, "mag_category": "Strong", "depth": 46.0, "depth_category": "Shallow", "date": "2014-05-02 00:00:00", "time": "08:43:36.560000", "region": "Seram - Indonesia", "year": 2014, "month": 5}}, {"type": "Feature", "geometry": {"type": "Point", "coordinates": [113.08, -8.93]}, "properties": {"magnitude": 4.0, "mag_category": "Moderate", "depth": 10.0, "depth_category": "Shallow", "date": "2014-07-31 00:00:00", "time": "03:34:13.090000", "region": "Java - Indonesia", "year": 2014, "month": 7}}, {"type": "Feature", "geometry": {"type": "Point", "coordinates": [122.41, -2.91]}, "properties": {"magnitude": 4.1, "mag_category": "Moderate", "depth": 10.0, "depth_category": "Shallow", "date": "2014-12-14 00:00:00", "time": "15:54:18.638000", "region": "Sulawesi - Indonesia", "year": 2014, "month": 12}}, {"type": "Feature", "geometry": {"type": "Point", "coordinates": [140.31, -3.98]}, "properties": {"magnitude": 3.8, "mag_category": "Light", "depth": 12.0, "depth_category": "Shallow", "date": "2014-12-11 00:00:00", "time": "09:24:42.303000", "region": "Irian Jaya - Indonesia", "year": 2014, "month": 12}}, {"type": "Feature", "geometry": {"type": "Point", "coordinates": [120.52, -10.23]}, "properties": {"magnitude": 3.2, "mag_category": "Light", "depth": 10.0, "depth_category": "Shallow", "date": "2014-06-24 00:00:00", "time": "13:17:04.443000", "region": "Sumba Region - Indonesia", "year": 2014, "month": 6}}, {"type": "Feature", "geometry": {"type": "Point", "coordinates": [99.55, -2.01]}, "properties": {"magnitude": 4.1, "mag_category": "Moderate", "depth": 24.0, "depth_category": "Shallow", "date": "2014-07-06 00:00:00", "time": "05:24:14.204000", "region": "Southern Sumatra - Indonesia", "year": 2014, "month": 7}}, {"type": "Feature", "geometry": {"type": "Point", "coordinates": [126.32, 5.79]}, "properties": {"magnitude": 4.6, "mag_category": "Moderate", "depth": 47.0, "depth_category": "Shallow", "date": "2014-05-26 00:00:00", "time": "12:16:24.547000", "region": "Mindanao - Philippines", "year": 2014, "month": 5}}, {"type": "Feature", "geometry": {"type": "Point", "coordinates": [139.06, -2.21]}, "properties": {"magnitude": 3.2, "mag_category": "Light", "depth": 29.0, "depth_category": "Shallow", "date": "2014-05-27 00:00:00", "time": "20:15:11.304000", "region": "Near North Coast of Irian Jaya", "year": 2014, "month": 5}}, {"type": "Feature", "geometry": {"type": "Point", "coordinates": [123.42, -10.29]}, "properties": {"magnitude": 4.4, "mag_category": "Moderate", "depth": 39.0, "depth_category": "Shallow", "date": "2014-05-06 00:00:00", "time": "01:56:48.199000", "region": "Timor Region", "year": 2014, "month": 5}}, {"type": "Feature", "geometry": {"type": "Point", "coordinates": [126.34, 1.81]}, "properties": {"magnitude": 3.7, "mag_category": "Light", "depth": 10.0, "depth_category": "Shallow", "date": "2014-12-15 00:00:00", "time": "02:30:08.363000", "region": "Northern Molucca Sea", "year": 2014, "month": 12}}, {"type": "Feature", "geometry": {"type": "Point", "coordinates": [109.22, -8.39]}, "properties": {"magnitude": 3.1, "mag_category": "Light", "depth": 25.0, "depth_category": "Shallow", "date": "2014-02-11 00:00:00", "time": "16:20:13.815000", "region": "Java - Indonesia", "year": 2014, "month": 2}}, {"type": "Feature", "geometry": {"type": "Point", "coordinates": [121.24, 1.9]}, "properties": {"magnitude": 3.7, "mag_category": "Light", "depth": 15.0, "depth_category": "Shallow", "date": "2014-05-14 00:00:00", "time": "19:34:45.782000", "region": "Minahassa Peninsula - Sulawesi", "year": 2014, "month": 5}}, {"type": "Feature", "geometry": {"type": "Point", "coordinates": [129.43, -2.74]}, "properties": {"magnitude": 3.3, "mag_category": "Light", "depth": 10.0, "depth_category": "Shallow", "date": "2014-07-15 00:00:00", "time": "05:29:26.084000", "region": "Seram - Indonesia", "year": 2014, "month": 7}}, {"type": "Feature", "geometry": {"type": "Point", "coordinates": [121.93, 0.3]}, "properties": {"magnitude": 4.2, "mag_category": "Moderate", "depth": 152.0, "depth_category": "Intermediate", "date": "2014-01-23 00:00:00", "time": "04:11:27.843000", "region": "Minahassa Peninsula - Sulawesi", "year": 2014, "month": 1}}, {"type": "Feature", "geometry": {"type": "Point", "coordinates": [109.22, -8.43]}, "properties": {"magnitude": 3.4, "mag_category": "Light", "depth": 64.0, "depth_category": "Shallow", "date": "2014-01-25 00:00:00", "time": "11:06:14.829000", "region": "Java - Indonesia", "year": 2014, "month": 1}}, {"type": "Feature", "geometry": {"type": "Point", "coordinates": [126.44, 1.97]}, "properties": {"magnitude": 3.6, "mag_category": "Light", "depth": 10.0, "depth_category": "Shallow", "date": "2014-12-09 00:00:00", "time": "20:33:48.689000", "region": "Northern Molucca Sea", "year": 2014, "month": 12}}, {"type": "Feature", "geometry": {"type": "Point", "coordinates": [122.79, -4.29]}, "properties": {"magnitude": 4.6, "mag_category": "Moderate", "depth": 10.0, "depth_category": "Shallow", "date": "2014-05-20 00:00:00", "time": "15:05:26.172000", "region": "Sulawesi - Indonesia", "year": 2014, "month": 5}}, {"type": "Feature", "geometry": {"type": "Point", "coordinates": [103.36, -5.71]}, "properties": {"magnitude": 3.1, "mag_category": "Light", "depth": 10.0, "depth_category": "Shallow", "date": "2014-01-29 00:00:00", "time": "01:17:20.126000", "region": "Southern Sumatra - Indonesia", "year": 2014, "month": 1}}, {"type": "Feature", "geometry": {"type": "Point", "coordinates": [123.98, -8.12]}, "properties": {"magnitude": 3.9, "mag_category": "Light", "depth": 183.0, "depth_category": "Intermediate", "date": "2014-07-12 00:00:00", "time": "22:04:56.069000", "region": "Flores Region - Indonesia", "year": 2014, "month": 7}}, {"type": "Feature", "geometry": {"type": "Point", "coordinates": [124.12, -9.13]}, "properties": {"magnitude": 4.1, "mag_category": "Moderate", "depth": 90.0, "depth_category": "Intermediate", "date": "2014-07-16 00:00:00", "time": "23:39:09.189000", "region": "Timor Region", "year": 2014, "month": 7}}, {"type": "Feature", "geometry": {"type": "Point", "coordinates": [119.38, -8.3]}, "properties": {"magnitude": 3.6, "mag_category": "Light", "depth": 21.0, "depth_category": "Shallow", "date": "2014-05-09 00:00:00", "time": "06:48:21.872000", "region": "Flores Region - Indonesia", "year": 2014, "month": 5}}, {"type": "Feature", "geometry": {"type": "Point", "coordinates": [103.52, -5.35]}, "properties": {"magnitude": 2.8, "mag_category": "Minor", "depth": 11.0, "depth_category": "Shallow", "date": "2014-06-07 00:00:00", "time": "13:36:10.974000", "region": "Southern Sumatra - Indonesia", "year": 2014, "month": 6}}, {"type": "Feature", "geometry": {"type": "Point", "coordinates": [98.98, 2.0]}, "properties": {"magnitude": 3.3, "mag_category": "Light", "depth": 117.0, "depth_category": "Intermediate", "date": "2014-01-28 00:00:00", "time": "08:39:30.863000", "region": "Northern Sumatra - Indonesia", "year": 2014, "month": 1}}, {"type": "Feature", "geometry": {"type": "Point", "coordinates": [130.54, -5.63]}, "properties": {"magnitude": 5.0, "mag_category": "Strong", "depth": 16.0, "depth_category": "Shallow", "date": "2014-08-08 00:00:00", "time": "09:24:46.661000", "region": "Banda Sea", "year": 2014, "month": 8}}, {"type": "Feature", "geometry": {"type": "Point", "coordinates": [110.39, -8.93]}, "properties": {"magnitude": 3.8, "mag_category": "Light", "depth": 21.0, "depth_category": "Shallow", "date": "2014-08-03 00:00:00", "time": "13:38:08.578000", "region": "Java - Indonesia", "year": 2014, "month": 8}}, {"type": "Feature", "geometry": {"type": "Point", "coordinates": [109.25, -8.38]}, "properties": {"magnitude": 3.4, "mag_category": "Light", "depth": 28.0, "depth_category": "Shallow", "date": "2014-01-25 00:00:00", "time": "06:18:35.425000", "region": "Java - Indonesia", "year": 2014, "month": 1}}, {"type": "Feature", "geometry": {"type": "Point", "coordinates": [98.56, 0.16]}, "properties": {"magnitude": 5.2, "mag_category": "Strong", "depth": 28.0, "depth_category": "Shallow", "date": "2014-08-04 00:00:00", "time": "12:09:46.683000", "region": "Northern Sumatra - Indonesia", "year": 2014, "month": 8}}, {"type": "Feature", "geometry": {"type": "Point", "coordinates": [107.03, -7.87]}, "properties": {"magnitude": 2.9, "mag_category": "Minor", "depth": 21.0, "depth_category": "Shallow", "date": "2014-02-18 00:00:00", "time": "21:37:48.877000", "region": "Java - Indonesia", "year": 2014, "month": 2}}, {"type": "Feature", "geometry": {"type": "Point", "coordinates": [130.43, -7.66]}, "properties": {"magnitude": 4.5, "mag_category": "Moderate", "depth": 61.0, "depth_category": "Shallow", "date": "2014-01-23 00:00:00", "time": "23:25:00.995000", "region": "Tanimbar Islands Reg. - Indonesia", "year": 2014, "month": 1}}, {"type": "Feature", "geometry": {"type": "Point", "coordinates": [129.87, -6.56]}, "properties": {"magnitude": 4.4, "mag_category": "Moderate", "depth": 210.0, "depth_category": "Intermediate", "date": "2014-05-17 00:00:00", "time": "21:43:17.645000", "region": "Banda Sea", "year": 2014, "month": 5}}, {"type": "Feature", "geometry": {"type": "Point", "coordinates": [123.39, -8.08]}, "properties": {"magnitude": 3.6, "mag_category": "Light", "depth": 259.0, "depth_category": "Intermediate", "date": "2014-12-26 00:00:00", "time": "21:45:40.177000", "region": "Flores Region - Indonesia", "year": 2014, "month": 12}}, {"type": "Feature", "geometry": {"type": "Point", "coordinates": [125.83, 1.91]}, "properties": {"magnitude": 3.5, "mag_category": "Light", "depth": 13.0, "depth_category": "Shallow", "date": "2014-05-20 00:00:00", "time": "22:03:38.862000", "region": "Northern Molucca Sea", "year": 2014, "month": 5}}, {"type": "Feature", "geometry": {"type": "Point", "coordinates": [104.17, -5.61]}, "properties": {"magnitude": 2.4, "mag_category": "Minor", "depth": 49.0, "depth_category": "Shallow", "date": "2014-08-06 00:00:00", "time": "19:00:12.789000", "region": "Southern Sumatra - Indonesia", "year": 2014, "month": 8}}, {"type": "Feature", "geometry": {"type": "Point", "coordinates": [103.56, -6.0]}, "properties": {"magnitude": 4.3, "mag_category": "Moderate", "depth": 10.0, "depth_category": "Shallow", "date": "2014-01-03 00:00:00", "time": "07:50:07.165000", "region": "Southern Sumatra - Indonesia", "year": 2014, "month": 1}}, {"type": "Feature", "geometry": {"type": "Point", "coordinates": [128.86, -7.52]}, "properties": {"magnitude": 4.0, "mag_category": "Moderate", "depth": 151.0, "depth_category": "Intermediate", "date": "2014-12-14 00:00:00", "time": "17:45:41.041000", "region": "Banda Sea", "year": 2014, "month": 12}}, {"type": "Feature", "geometry": {"type": "Point", "coordinates": [124.53, -0.85]}, "properties": {"magnitude": 3.9, "mag_category": "Light", "depth": 16.0, "depth_category": "Shallow", "date": "2014-02-24 00:00:00", "time": "20:36:50.578000", "region": "Southern Molucca Sea", "year": 2014, "month": 2}}, {"type": "Feature", "geometry": {"type": "Point", "coordinates": [126.69, 4.21]}, "properties": {"magnitude": 5.0, "mag_category": "Strong", "depth": 87.0, "depth_category": "Intermediate", "date": "2014-05-04 00:00:00", "time": "08:53:58.664000", "region": "Talaud Islands - Indonesia", "year": 2014, "month": 5}}, {"type": "Feature", "geometry": {"type": "Point", "coordinates": [125.95, 1.26]}, "properties": {"magnitude": 3.8, "mag_category": "Light", "depth": 11.0, "depth_category": "Shallow", "date": "2014-12-15 00:00:00", "time": "21:15:58.480000", "region": "Northern Molucca Sea", "year": 2014, "month": 12}}, {"type": "Feature", "geometry": {"type": "Point", "coordinates": [109.17, -8.4]}, "properties": {"magnitude": 4.1, "mag_category": "Moderate", "depth": 30.0, "depth_category": "Shallow", "date": "2014-01-25 00:00:00", "time": "06:58:37.965000", "region": "Java - Indonesia", "year": 2014, "month": 1}}, {"type": "Feature", "geometry": {"type": "Point", "coordinates": [121.22, -2.39]}, "properties": {"magnitude": 2.5, "mag_category": "Minor", "depth": 10.0, "depth_category": "Shallow", "date": "2014-01-08 00:00:00", "time": "17:38:22.381000", "region": "Sulawesi - Indonesia", "year": 2014, "month": 1}}, {"type": "Feature", "geometry": {"type": "Point", "coordinates": [128.23, 1.97]}, "properties": {"magnitude": 4.2, "mag_category": "Moderate", "depth": 108.0, "depth_category": "Intermediate", "date": "2014-07-13 00:00:00", "time": "14:08:20.995000", "region": "Halmahera - Indonesia", "year": 2014, "month": 7}}, {"type": "Feature", "geometry": {"type": "Point", "coordinates": [117.72, -8.12]}, "properties": {"magnitude": 3.7, "mag_category": "Light", "depth": 285.0, "depth_category": "Intermediate", "date": "2014-12-15 00:00:00", "time": "03:25:43.529000", "region": "Sumbawa Region - Indonesia", "year": 2014, "month": 12}}, {"type": "Feature", "geometry": {"type": "Point", "coordinates": [126.2, 0.63]}, "properties": {"magnitude": 3.1, "mag_category": "Light", "depth": 22.0, "depth_category": "Shallow", "date": "2014-06-29 00:00:00", "time": "18:09:08.068000", "region": "Northern Molucca Sea", "year": 2014, "month": 6}}, {"type": "Feature", "geometry": {"type": "Point", "coordinates": [115.47, -2.14]}, "properties": {"magnitude": 3.6, "mag_category": "Light", "depth": 10.0, "depth_category": "Shallow", "date": "2014-01-22 00:00:00", "time": "06:00:17.942000", "region": "Borneo", "year": 2014, "month": 1}}, {"type": "Feature", "geometry": {"type": "Point", "coordinates": [118.14, -8.66]}, "properties": {"magnitude": 3.6, "mag_category": "Light", "depth": 10.0, "depth_category": "Shallow", "date": "2014-05-11 00:00:00", "time": "11:38:14.839000", "region": "Sumbawa Region - Indonesia", "year": 2014, "month": 5}}, {"type": "Feature", "geometry": {"type": "Point", "coordinates": [107.35, -7.75]}, "properties": {"magnitude": 3.1, "mag_category": "Light", "depth": 31.0, "depth_category": "Shallow", "date": "2014-05-01 00:00:00", "time": "19:35:13.445000", "region": "Java - Indonesia", "year": 2014, "month": 5}}, {"type": "Feature", "geometry": {"type": "Point", "coordinates": [125.4, -0.24]}, "properties": {"magnitude": 3.3, "mag_category": "Light", "depth": 14.0, "depth_category": "Shallow", "date": "2014-07-06 00:00:00", "time": "13:27:44.186000", "region": "Southern Molucca Sea", "year": 2014, "month": 7}}, {"type": "Feature", "geometry": {"type": "Point", "coordinates": [109.23, -8.45]}, "properties": {"magnitude": 3.2, "mag_category": "Light", "depth": 44.0, "depth_category": "Shallow", "date": "2014-01-25 00:00:00", "time": "21:50:59.353000", "region": "Java - Indonesia", "year": 2014, "month": 1}}, {"type": "Feature", "geometry": {"type": "Point", "coordinates": [128.72, -2.65]}, "properties": {"magnitude": 3.4, "mag_category": "Light", "depth": 10.0, "depth_category": "Shallow", "date": "2014-07-26 00:00:00", "time": "08:56:51.369000", "region": "Ceram Sea", "year": 2014, "month": 7}}, {"type": "Feature", "geometry": {"type": "Point", "coordinates": [129.6, -2.73]}, "properties": {"magnitude": 4.2, "mag_category": "Moderate", "depth": 14.0, "depth_category": "Shallow", "date": "2014-02-15 00:00:00", "time": "12:30:33.077000", "region": "Seram - Indonesia", "year": 2014, "month": 2}}, {"type": "Feature", "geometry": {"type": "Point", "coordinates": [122.24, 1.63]}, "properties": {"magnitude": 4.5, "mag_category": "Moderate", "depth": 10.0, "depth_category": "Shallow", "date": "2014-02-06 00:00:00", "time": "21:38:42.556000", "region": "Minahassa Peninsula - Sulawesi", "year": 2014, "month": 2}}, {"type": "Feature", "geometry": {"type": "Point", "coordinates": [125.23, 0.6]}, "properties": {"magnitude": 4.1, "mag_category": "Moderate", "depth": 25.0, "depth_category": "Shallow", "date": "2014-06-09 00:00:00", "time": "11:17:04.557000", "region": "Northern Molucca Sea", "year": 2014, "month": 6}}, {"type": "Feature", "geometry": {"type": "Point", "coordinates": [114.98, -8.21]}, "properties": {"magnitude": 2.5, "mag_category": "Minor", "depth": 25.0, "depth_category": "Shallow", "date": "2014-02-05 00:00:00", "time": "22:43:04.107000", "region": "Bali Region - Indonesia", "year": 2014, "month": 2}}, {"type": "Feature", "geometry": {"type": "Point", "coordinates": [109.2, -8.43]}, "properties": {"magnitude": 4.2, "mag_category": "Moderate", "depth": 41.0, "depth_category": "Shallow", "date": "2014-05-10 00:00:00", "time": "04:23:25.193000", "region": "Java - Indonesia", "year": 2014, "month": 5}}, {"type": "Feature", "geometry": {"type": "Point", "coordinates": [124.12, -8.94]}, "properties": {"magnitude": 3.1, "mag_category": "Light", "depth": 33.0, "depth_category": "Shallow", "date": "2014-06-08 00:00:00", "time": "06:15:20.652000", "region": "Timor Region", "year": 2014, "month": 6}}, {"type": "Feature", "geometry": {"type": "Point", "coordinates": [117.86, -8.22]}, "properties": {"magnitude": 4.4, "mag_category": "Moderate", "depth": 203.0, "depth_category": "Intermediate", "date": "2014-06-30 00:00:00", "time": "08:59:50.573000", "region": "Sumbawa Region - Indonesia", "year": 2014, "month": 6}}, {"type": "Feature", "geometry": {"type": "Point", "coordinates": [126.16, -7.11]}, "properties": {"magnitude": 4.5, "mag_category": "Moderate", "depth": 463.0, "depth_category": "Deep", "date": "2014-01-30 00:00:00", "time": "00:02:39.473000", "region": "Banda Sea", "year": 2014, "month": 1}}, {"type": "Feature", "geometry": {"type": "Point", "coordinates": [121.33, 1.34]}, "properties": {"magnitude": 2.9, "mag_category": "Minor", "depth": 10.0, "depth_category": "Shallow", "date": "2014-02-10 00:00:00", "time": "21:16:59.032000", "region": "Minahassa Peninsula - Sulawesi", "year": 2014, "month": 2}}, {"type": "Feature", "geometry": {"type": "Point", "coordinates": [103.29, -5.38]}, "properties": {"magnitude": 3.0, "mag_category": "Light", "depth": 42.0, "depth_category": "Shallow", "date": "2014-02-01 00:00:00", "time": "18:59:26.764000", "region": "Southern Sumatra - Indonesia", "year": 2014, "month": 2}}, {"type": "Feature", "geometry": {"type": "Point", "coordinates": [125.8, -8.3]}, "properties": {"magnitude": 4.1, "mag_category": "Moderate", "depth": 10.0, "depth_category": "Shallow", "date": "2015-12-13 00:00:00", "time": "17:21:42.924000", "region": "Timor Region", "year": 2015, "month": 12}}, {"type": "Feature", "geometry": {"type": "Point", "coordinates": [122.86, -0.24]}, "properties": {"magnitude": 3.6, "mag_category": "Light", "depth": 74.0, "depth_category": "Intermediate", "date": "2015-04-16 00:00:00", "time": "13:47:02.534000", "region": "Minahassa Peninsula - Sulawesi", "year": 2015, "month": 4}}, {"type": "Feature", "geometry": {"type": "Point", "coordinates": [138.42, -1.83]}, "properties": {"magnitude": 3.5, "mag_category": "Light", "depth": 19.0, "depth_category": "Shallow", "date": "2015-10-24 00:00:00", "time": "07:30:47.362000", "region": "Near North Coast of Irian Jaya", "year": 2015, "month": 10}}, {"type": "Feature", "geometry": {"type": "Point", "coordinates": [122.32, -0.61]}, "properties": {"magnitude": 3.6, "mag_category": "Light", "depth": 10.0, "depth_category": "Shallow", "date": "2015-03-21 00:00:00", "time": "15:35:40.645000", "region": "Minahassa Peninsula - Sulawesi", "year": 2015, "month": 3}}, {"type": "Feature", "geometry": {"type": "Point", "coordinates": [127.46, 0.97]}, "properties": {"magnitude": 3.4, "mag_category": "Light", "depth": 10.0, "depth_category": "Shallow", "date": "2015-11-24 00:00:00", "time": "08:27:08.262000", "region": "Halmahera - Indonesia", "year": 2015, "month": 11}}, {"type": "Feature", "geometry": {"type": "Point", "coordinates": [120.97, 0.42]}, "properties": {"magnitude": 2.7, "mag_category": "Minor", "depth": 76.0, "depth_category": "Intermediate", "date": "2015-02-02 00:00:00", "time": "13:51:32.683000", "region": "Minahassa Peninsula - Sulawesi", "year": 2015, "month": 2}}, {"type": "Feature", "geometry": {"type": "Point", "coordinates": [107.12, -7.14]}, "properties": {"magnitude": 2.4, "mag_category": "Minor", "depth": 11.0, "depth_category": "Shallow", "date": "2015-10-05 00:00:00", "time": "15:57:56.158000", "region": "Java - Indonesia", "year": 2015, "month": 10}}, {"type": "Feature", "geometry": {"type": "Point", "coordinates": [118.17, -9.85]}, "properties": {"magnitude": 3.5, "mag_category": "Light", "depth": 10.0, "depth_category": "Shallow", "date": "2015-01-24 00:00:00", "time": "19:39:34.025000", "region": "Sumbawa Region - Indonesia", "year": 2015, "month": 1}}, {"type": "Feature", "geometry": {"type": "Point", "coordinates": [102.92, -4.44]}, "properties": {"magnitude": 4.0, "mag_category": "Moderate", "depth": 88.0, "depth_category": "Intermediate", "date": "2015-07-14 00:00:00", "time": "03:12:48.953000", "region": "Southern Sumatra - Indonesia", "year": 2015, "month": 7}}, {"type": "Feature", "geometry": {"type": "Point", "coordinates": [125.29, -8.39]}, "properties": {"magnitude": 4.5, "mag_category": "Moderate", "depth": 20.0, "depth_category": "Shallow", "date": "2015-11-06 00:00:00", "time": "19:33:13.866000", "region": "Timor Region", "year": 2015, "month": 11}}, {"type": "Feature", "geometry": {"type": "Point", "coordinates": [117.91, -7.7]}, "properties": {"magnitude": 3.3, "mag_category": "Light", "depth": 62.0, "depth_category": "Shallow", "date": "2015-03-22 00:00:00", "time": "13:50:02.414000", "region": "Bali Sea", "year": 2015, "month": 3}}, {"type": "Feature", "geometry": {"type": "Point", "coordinates": [127.02, 5.6]}, "properties": {"magnitude": 4.4, "mag_category": "Moderate", "depth": 27.0, "depth_category": "Shallow", "date": "2015-07-04 00:00:00", "time": "17:16:14.550000", "region": "Philippine Islands Region", "year": 2015, "month": 7}}, {"type": "Feature", "geometry": {"type": "Point", "coordinates": [134.17, -4.61]}, "properties": {"magnitude": 4.5, "mag_category": "Moderate", "depth": 50.0, "depth_category": "Shallow", "date": "2015-01-04 00:00:00", "time": "01:21:41.453000", "region": "Irian Jaya Region - Indonesia", "year": 2015, "month": 1}}, {"type": "Feature", "geometry": {"type": "Point", "coordinates": [118.56, -8.35]}, "properties": {"magnitude": 4.4, "mag_category": "Moderate", "depth": 19.0, "depth_category": "Shallow", "date": "2015-03-10 00:00:00", "time": "08:37:31.894000", "region": "Sumbawa Region - Indonesia", "year": 2015, "month": 3}}, {"type": "Feature", "geometry": {"type": "Point", "coordinates": [126.61, 1.59]}, "properties": {"magnitude": 3.1, "mag_category": "Light", "depth": 30.0, "depth_category": "Shallow", "date": "2015-06-24 00:00:00", "time": "20:14:15.459000", "region": "Northern Molucca Sea", "year": 2015, "month": 6}}, {"type": "Feature", "geometry": {"type": "Point", "coordinates": [114.32, -8.25]}, "properties": {"magnitude": 2.0, "mag_category": "Minor", "depth": 17.0, "depth_category": "Shallow", "date": "2015-02-15 00:00:00", "time": "18:23:19.745000", "region": "Bali Region - Indonesia", "year": 2015, "month": 2}}, {"type": "Feature", "geometry": {"type": "Point", "coordinates": [122.38, -2.83]}, "properties": {"magnitude": 4.0, "mag_category": "Moderate", "depth": 10.0, "depth_category": "Shallow", "date": "2015-08-24 00:00:00", "time": "12:17:23.889000", "region": "Sulawesi - Indonesia", "year": 2015, "month": 8}}, {"type": "Feature", "geometry": {"type": "Point", "coordinates": [130.36, -6.41]}, "properties": {"magnitude": 4.4, "mag_category": "Moderate", "depth": 124.0, "depth_category": "Intermediate", "date": "2015-08-28 00:00:00", "time": "16:51:15.587000", "region": "Banda Sea", "year": 2015, "month": 8}}, {"type": "Feature", "geometry": {"type": "Point", "coordinates": [102.97, -5.06]}, "properties": {"magnitude": 4.3, "mag_category": "Moderate", "depth": 53.0, "depth_category": "Shallow", "date": "2015-06-19 00:00:00", "time": "04:31:21.878000", "region": "Southern Sumatra - Indonesia", "year": 2015, "month": 6}}, {"type": "Feature", "geometry": {"type": "Point", "coordinates": [126.45, 1.58]}, "properties": {"magnitude": 4.0, "mag_category": "Moderate", "depth": 10.0, "depth_category": "Shallow", "date": "2015-05-10 00:00:00", "time": "02:21:37.059000", "region": "Northern Molucca Sea", "year": 2015, "month": 5}}, {"type": "Feature", "geometry": {"type": "Point", "coordinates": [123.5, -10.23]}, "properties": {"magnitude": 2.9, "mag_category": "Minor", "depth": 10.0, "depth_category": "Shallow", "date": "2015-02-07 00:00:00", "time": "17:21:57.134000", "region": "Timor Region", "year": 2015, "month": 2}}, {"type": "Feature", "geometry": {"type": "Point", "coordinates": [139.38, -3.47]}, "properties": {"magnitude": 3.8, "mag_category": "Light", "depth": 10.0, "depth_category": "Shallow", "date": "2015-08-26 00:00:00", "time": "10:12:48.266000", "region": "Irian Jaya - Indonesia", "year": 2015, "month": 8}}, {"type": "Feature", "geometry": {"type": "Point", "coordinates": [127.47, 1.03]}, "properties": {"magnitude": 3.1, "mag_category": "Light", "depth": 10.0, "depth_category": "Shallow", "date": "2015-11-08 00:00:00", "time": "15:41:42.446000", "region": "Halmahera - Indonesia", "year": 2015, "month": 11}}, {"type": "Feature", "geometry": {"type": "Point", "coordinates": [124.32, -9.11]}, "properties": {"magnitude": 3.6, "mag_category": "Light", "depth": 72.0, "depth_category": "Intermediate", "date": "2015-09-08 00:00:00", "time": "06:43:27.725000", "region": "Timor Region", "year": 2015, "month": 9}}, {"type": "Feature", "geometry": {"type": "Point", "coordinates": [118.8, -9.74]}, "properties": {"magnitude": 3.5, "mag_category": "Light", "depth": 16.0, "depth_category": "Shallow", "date": "2015-09-17 00:00:00", "time": "03:40:59.914000", "region": "Sumbawa Region - Indonesia", "year": 2015, "month": 9}}, {"type": "Feature", "geometry": {"type": "Point", "coordinates": [118.81, -10.14]}, "properties": {"magnitude": 4.0, "mag_category": "Moderate", "depth": 15.0, "depth_category": "Shallow", "date": "2015-10-11 00:00:00", "time": "04:49:32.495000", "region": "South of Sumbawa - Indonesia", "year": 2015, "month": 10}}, {"type": "Feature", "geometry": {"type": "Point", "coordinates": [128.8, -3.43]}, "properties": {"magnitude": 2.8, "mag_category": "Minor", "depth": 10.0, "depth_category": "Shallow", "date": "2015-08-19 00:00:00", "time": "04:07:59.078000", "region": "Seram - Indonesia", "year": 2015, "month": 8}}, {"type": "Feature", "geometry": {"type": "Point", "coordinates": [124.66, 0.23]}, "properties": {"magnitude": 3.2, "mag_category": "Light", "depth": 13.0, "depth_category": "Shallow", "date": "2015-11-22 00:00:00", "time": "10:37:58.783000", "region": "Minahassa Peninsula - Sulawesi", "year": 2015, "month": 11}}, {"type": "Feature", "geometry": {"type": "Point", "coordinates": [116.62, -10.19]}, "properties": {"magnitude": 4.2, "mag_category": "Moderate", "depth": 10.0, "depth_category": "Shallow", "date": "2015-04-29 00:00:00", "time": "15:53:24.482000", "region": "South of Sumbawa - Indonesia", "year": 2015, "month": 4}}, {"type": "Feature", "geometry": {"type": "Point", "coordinates": [123.31, -0.05]}, "properties": {"magnitude": 3.9, "mag_category": "Light", "depth": 145.0, "depth_category": "Intermediate", "date": "2015-10-08 00:00:00", "time": "09:02:54.582000", "region": "Minahassa Peninsula - Sulawesi", "year": 2015, "month": 10}}, {"type": "Feature", "geometry": {"type": "Point", "coordinates": [126.35, 1.38]}, "properties": {"magnitude": 3.4, "mag_category": "Light", "depth": 19.0, "depth_category": "Shallow", "date": "2015-05-09 00:00:00", "time": "18:39:08.931000", "region": "Northern Molucca Sea", "year": 2015, "month": 5}}, {"type": "Feature", "geometry": {"type": "Point", "coordinates": [130.23, -6.45]}, "properties": {"magnitude": 4.9, "mag_category": "Moderate", "depth": 119.0, "depth_category": "Intermediate", "date": "2015-01-25 00:00:00", "time": "17:01:51.992000", "region": "Banda Sea", "year": 2015, "month": 1}}, {"type": "Feature", "geometry": {"type": "Point", "coordinates": [121.97, -0.53]}, "properties": {"magnitude": 2.9, "mag_category": "Minor", "depth": 10.0, "depth_category": "Shallow", "date": "2015-04-11 00:00:00", "time": "09:03:17.827000", "region": "Minahassa Peninsula - Sulawesi", "year": 2015, "month": 4}}, {"type": "Feature", "geometry": {"type": "Point", "coordinates": [129.23, -8.02]}, "properties": {"magnitude": 4.7, "mag_category": "Moderate", "depth": 51.0, "depth_category": "Shallow", "date": "2015-07-05 00:00:00", "time": "01:48:30.219000", "region": "Timor Sea", "year": 2015, "month": 7}}, {"type": "Feature", "geometry": {"type": "Point", "coordinates": [117.64, -9.16]}, "properties": {"magnitude": 3.3, "mag_category": "Light", "depth": 48.0, "depth_category": "Shallow", "date": "2015-03-16 00:00:00", "time": "20:27:37.206000", "region": "Sumbawa Region - Indonesia", "year": 2015, "month": 3}}, {"type": "Feature", "geometry": {"type": "Point", "coordinates": [101.16, -4.49]}, "properties": {"magnitude": 3.9, "mag_category": "Light", "depth": 11.0, "depth_category": "Shallow", "date": "2015-06-19 00:00:00", "time": "02:50:44.011000", "region": "Southern Sumatra - Indonesia", "year": 2015, "month": 6}}, {"type": "Feature", "geometry": {"type": "Point", "coordinates": [107.61, -8.25]}, "properties": {"magnitude": 4.1, "mag_category": "Moderate", "depth": 10.0, "depth_category": "Shallow", "date": "2015-06-22 00:00:00", "time": "17:01:55.437000", "region": "Java - Indonesia", "year": 2015, "month": 6}}, {"type": "Feature", "geometry": {"type": "Point", "coordinates": [120.35, -1.36]}, "properties": {"magnitude": 3.2, "mag_category": "Light", "depth": 10.0, "depth_category": "Shallow", "date": "2015-07-07 00:00:00", "time": "06:18:38.269000", "region": "Sulawesi - Indonesia", "year": 2015, "month": 7}}, {"type": "Feature", "geometry": {"type": "Point", "coordinates": [127.29, 2.1]}, "properties": {"magnitude": 5.2, "mag_category": "Strong", "depth": 78.0, "depth_category": "Intermediate", "date": "2015-09-29 00:00:00", "time": "14:39:13.492000", "region": "Northern Molucca Sea", "year": 2015, "month": 9}}, {"type": "Feature", "geometry": {"type": "Point", "coordinates": [122.5, -0.58]}, "properties": {"magnitude": 2.5, "mag_category": "Minor", "depth": 10.0, "depth_category": "Shallow", "date": "2015-03-28 00:00:00", "time": "10:07:17.215000", "region": "Minahassa Peninsula - Sulawesi", "year": 2015, "month": 3}}, {"type": "Feature", "geometry": {"type": "Point", "coordinates": [123.78, -7.19]}, "properties": {"magnitude": 4.7, "mag_category": "Moderate", "depth": 583.0, "depth_category": "Deep", "date": "2015-05-26 00:00:00", "time": "20:56:23.328000", "region": "Banda Sea", "year": 2015, "month": 5}}, {"type": "Feature", "geometry": {"type": "Point", "coordinates": [103.3, -3.95]}, "properties": {"magnitude": 3.3, "mag_category": "Light", "depth": 10.0, "depth_category": "Shallow", "date": "2015-02-05 00:00:00", "time": "02:46:27.164000", "region": "Southern Sumatra - Indonesia", "year": 2015, "month": 2}}, {"type": "Feature", "geometry": {"type": "Point", "coordinates": [139.63, -2.72]}, "properties": {"magnitude": 4.8, "mag_category": "Moderate", "depth": 16.0, "depth_category": "Shallow", "date": "2015-09-11 00:00:00", "time": "08:19:49.089000", "region": "Near North Coast of Irian Jaya", "year": 2015, "month": 9}}, {"type": "Feature", "geometry": {"type": "Point", "coordinates": [129.66, -2.6]}, "properties": {"magnitude": 4.1, "mag_category": "Moderate", "depth": 17.0, "depth_category": "Shallow", "date": "2015-01-09 00:00:00", "time": "13:53:44.868000", "region": "Seram - Indonesia", "year": 2015, "month": 1}}, {"type": "Feature", "geometry": {"type": "Point", "coordinates": [120.82, -2.31]}, "properties": {"magnitude": 3.2, "mag_category": "Light", "depth": 17.0, "depth_category": "Shallow", "date": "2015-06-30 00:00:00", "time": "16:10:02.565000", "region": "Sulawesi - Indonesia", "year": 2015, "month": 6}}, {"type": "Feature", "geometry": {"type": "Point", "coordinates": [98.69, 0.66]}, "properties": {"magnitude": 3.7, "mag_category": "Light", "depth": 175.0, "depth_category": "Intermediate", "date": "2015-12-27 00:00:00", "time": "02:36:36.176000", "region": "Northern Sumatra - Indonesia", "year": 2015, "month": 12}}, {"type": "Feature", "geometry": {"type": "Point", "coordinates": [127.47, 1.02]}, "properties": {"magnitude": 3.6, "mag_category": "Light", "depth": 10.0, "depth_category": "Shallow", "date": "2015-11-08 00:00:00", "time": "05:22:27.647000", "region": "Halmahera - Indonesia", "year": 2015, "month": 11}}, {"type": "Feature", "geometry": {"type": "Point", "coordinates": [129.2, -3.72]}, "properties": {"magnitude": 3.6, "mag_category": "Light", "depth": 95.0, "depth_category": "Intermediate", "date": "2015-12-29 00:00:00", "time": "17:55:57.860000", "region": "Seram - Indonesia", "year": 2015, "month": 12}}, {"type": "Feature", "geometry": {"type": "Point", "coordinates": [120.41, -1.99]}, "properties": {"magnitude": 3.4, "mag_category": "Light", "depth": 17.0, "depth_category": "Shallow", "date": "2015-01-01 00:00:00", "time": "05:13:08.163000", "region": "Sulawesi - Indonesia", "year": 2015, "month": 1}}, {"type": "Feature", "geometry": {"type": "Point", "coordinates": [117.46, 3.43]}, "properties": {"magnitude": 3.2, "mag_category": "Light", "depth": 16.0, "depth_category": "Shallow", "date": "2015-12-20 00:00:00", "time": "19:47:51.584000", "region": "Borneo", "year": 2015, "month": 12}}, {"type": "Feature", "geometry": {"type": "Point", "coordinates": [128.79, -3.66]}, "properties": {"magnitude": 3.1, "mag_category": "Light", "depth": 10.0, "depth_category": "Shallow", "date": "2015-08-18 00:00:00", "time": "11:56:15.616000", "region": "Seram - Indonesia", "year": 2015, "month": 8}}, {"type": "Feature", "geometry": {"type": "Point", "coordinates": [116.45, -9.73]}, "properties": {"magnitude": 2.5, "mag_category": "Minor", "depth": 10.0, "depth_category": "Shallow", "date": "2015-04-08 00:00:00", "time": "17:59:15.106000", "region": "Sumbawa Region - Indonesia", "year": 2015, "month": 4}}, {"type": "Feature", "geometry": {"type": "Point", "coordinates": [123.71, -9.31]}, "properties": {"magnitude": 3.6, "mag_category": "Light", "depth": 10.0, "depth_category": "Shallow", "date": "2015-04-22 00:00:00", "time": "15:41:25.100000", "region": "Timor Region", "year": 2015, "month": 4}}, {"type": "Feature", "geometry": {"type": "Point", "coordinates": [129.5, -4.05]}, "properties": {"magnitude": 3.3, "mag_category": "Light", "depth": 10.0, "depth_category": "Shallow", "date": "2015-12-14 00:00:00", "time": "08:14:43.416000", "region": "Banda Sea", "year": 2015, "month": 12}}, {"type": "Feature", "geometry": {"type": "Point", "coordinates": [124.93, -8.28]}, "properties": {"magnitude": 6.4, "mag_category": "Major", "depth": 23.0, "depth_category": "Shallow", "date": "2015-11-04 00:00:00", "time": "03:44:16.528000", "region": "Timor Region", "year": 2015, "month": 11}}, {"type": "Feature", "geometry": {"type": "Point", "coordinates": [105.11, -6.85]}, "properties": {"magnitude": 4.4, "mag_category": "Moderate", "depth": 10.0, "depth_category": "Shallow", "date": "2015-11-24 00:00:00", "time": "20:23:07.934000", "region": "Sunda Strait - Indonesia", "year": 2015, "month": 11}}, {"type": "Feature", "geometry": {"type": "Point", "coordinates": [126.13, 5.49]}, "properties": {"magnitude": 4.8, "mag_category": "Moderate", "depth": 101.0, "depth_category": "Intermediate", "date": "2015-03-07 00:00:00", "time": "16:39:00.014000", "region": "Mindanao - Philippines", "year": 2015, "month": 3}}, {"type": "Feature", "geometry": {"type": "Point", "coordinates": [110.5, -8.0]}, "properties": {"magnitude": 4.6, "mag_category": "Moderate", "depth": 10.0, "depth_category": "Shallow", "date": "2015-09-25 00:00:00", "time": "13:28:53.241000", "region": "Java - Indonesia", "year": 2015, "month": 9}}, {"type": "Feature", "geometry": {"type": "Point", "coordinates": [122.03, -0.25]}, "properties": {"magnitude": 2.9, "mag_category": "Minor", "depth": 14.0, "depth_category": "Shallow", "date": "2015-09-20 00:00:00", "time": "14:58:17.756000", "region": "Minahassa Peninsula - Sulawesi", "year": 2015, "month": 9}}, {"type": "Feature", "geometry": {"type": "Point", "coordinates": [129.48, -7.05]}, "properties": {"magnitude": 3.8, "mag_category": "Light", "depth": 208.0, "depth_category": "Intermediate", "date": "2015-04-11 00:00:00", "time": "17:40:45.355000", "region": "Banda Sea", "year": 2015, "month": 4}}, {"type": "Feature", "geometry": {"type": "Point", "coordinates": [121.54, 1.93]}, "properties": {"magnitude": 3.0, "mag_category": "Light", "depth": 10.0, "depth_category": "Shallow", "date": "2015-07-10 00:00:00", "time": "12:06:29.117000", "region": "Minahassa Peninsula - Sulawesi", "year": 2015, "month": 7}}, {"type": "Feature", "geometry": {"type": "Point", "coordinates": [126.5, 1.63]}, "properties": {"magnitude": 2.8, "mag_category": "Minor", "depth": 10.0, "depth_category": "Shallow", "date": "2015-12-14 00:00:00", "time": "16:59:20.397000", "region": "Northern Molucca Sea", "year": 2015, "month": 12}}, {"type": "Feature", "geometry": {"type": "Point", "coordinates": [122.34, -0.51]}, "properties": {"magnitude": 3.9, "mag_category": "Light", "depth": 10.0, "depth_category": "Shallow", "date": "2015-03-20 00:00:00", "time": "03:15:53.041000", "region": "Minahassa Peninsula - Sulawesi", "year": 2015, "month": 3}}, {"type": "Feature", "geometry": {"type": "Point", "coordinates": [127.39, 1.86]}, "properties": {"magnitude": 4.0, "mag_category": "Moderate", "depth": 148.0, "depth_category": "Intermediate", "date": "2015-03-23 00:00:00", "time": "05:49:55.791000", "region": "Halmahera - Indonesia", "year": 2015, "month": 3}}, {"type": "Feature", "geometry": {"type": "Point", "coordinates": [128.99, -2.92]}, "properties": {"magnitude": 3.0, "mag_category": "Light", "depth": 10.0, "depth_category": "Shallow", "date": "2015-06-23 00:00:00", "time": "06:41:29.588000", "region": "Ceram Sea", "year": 2015, "month": 6}}, {"type": "Feature", "geometry": {"type": "Point", "coordinates": [99.47, 1.37]}, "properties": {"magnitude": 3.0, "mag_category": "Light", "depth": 10.0, "depth_category": "Shallow", "date": "2015-09-18 00:00:00", "time": "19:01:06.566000", "region": "Northern Sumatra - Indonesia", "year": 2015, "month": 9}}, {"type": "Feature", "geometry": {"type": "Point", "coordinates": [127.37, -0.28]}, "properties": {"magnitude": 4.4, "mag_category": "Moderate", "depth": 137.0, "depth_category": "Intermediate", "date": "2015-10-21 00:00:00", "time": "00:48:14.008000", "region": "Halmahera - Indonesia", "year": 2015, "month": 10}}, {"type": "Feature", "geometry": {"type": "Point", "coordinates": [102.17, -2.66]}, "properties": {"magnitude": 5.8, "mag_category": "Strong", "depth": 153.0, "depth_category": "Intermediate", "date": "2015-05-15 00:00:00", "time": "20:26:56.262000", "region": "Southern Sumatra - Indonesia", "year": 2015, "month": 5}}, {"type": "Feature", "geometry": {"type": "Point", "coordinates": [116.15, -8.32]}, "properties": {"magnitude": 2.9, "mag_category": "Minor", "depth": 15.0, "depth_category": "Shallow", "date": "2015-09-09 00:00:00", "time": "16:51:53.856000", "region": "Sumbawa Region - Indonesia", "year": 2015, "month": 9}}, {"type": "Feature", "geometry": {"type": "Point", "coordinates": [132.31, -4.77]}, "properties": {"magnitude": 3.8, "mag_category": "Light", "depth": 10.0, "depth_category": "Shallow", "date": "2015-02-06 00:00:00", "time": "18:10:29.117000", "region": "Irian Jaya Region - Indonesia", "year": 2015, "month": 2}}, {"type": "Feature", "geometry": {"type": "Point", "coordinates": [127.69, -2.66]}, "properties": {"magnitude": 2.6, "mag_category": "Minor", "depth": 15.0, "depth_category": "Shallow", "date": "2015-06-14 00:00:00", "time": "05:28:05.958000", "region": "Ceram Sea", "year": 2015, "month": 6}}, {"type": "Feature", "geometry": {"type": "Point", "coordinates": [119.53, -1.59]}, "properties": {"magnitude": 3.8, "mag_category": "Light", "depth": 17.0, "depth_category": "Shallow", "date": "2015-04-22 00:00:00", "time": "05:31:26.064000", "region": "Sulawesi - Indonesia", "year": 2015, "month": 4}}, {"type": "Feature", "geometry": {"type": "Point", "coordinates": [129.74, -5.0]}, "properties": {"magnitude": 4.5, "mag_category": "Moderate", "depth": 190.0, "depth_category": "Intermediate", "date": "2015-04-28 00:00:00", "time": "23:50:14.713000", "region": "Banda Sea", "year": 2015, "month": 4}}, {"type": "Feature", "geometry": {"type": "Point", "coordinates": [119.35, -7.66]}, "properties": {"magnitude": 3.5, "mag_category": "Light", "depth": 267.0, "depth_category": "Intermediate", "date": "2015-06-10 00:00:00", "time": "13:30:49.566000", "region": "Flores Sea", "year": 2015, "month": 6}}, {"type": "Feature", "geometry": {"type": "Point", "coordinates": [103.78, -6.13]}, "properties": {"magnitude": 3.5, "mag_category": "Light", "depth": 10.0, "depth_category": "Shallow", "date": "2015-03-18 00:00:00", "time": "10:20:06.421000", "region": "Southwest of Sumatra - Indonesia", "year": 2015, "month": 3}}, {"type": "Feature", "geometry": {"type": "Point", "coordinates": [122.3, 0.57]}, "properties": {"magnitude": 2.5, "mag_category": "Minor", "depth": 70.0, "depth_category": "Intermediate", "date": "2015-11-11 00:00:00", "time": "23:54:28.708000", "region": "Minahassa Peninsula - Sulawesi", "year": 2015, "month": 11}}, {"type": "Feature", "geometry": {"type": "Point", "coordinates": [127.52, 1.06]}, "properties": {"magnitude": 4.9, "mag_category": "Moderate", "depth": 10.0, "depth_category": "Shallow", "date": "2015-11-20 00:00:00", "time": "14:50:41.945000", "region": "Halmahera - Indonesia", "year": 2015, "month": 11}}, {"type": "Feature", "geometry": {"type": "Point", "coordinates": [126.84, 1.09]}, "properties": {"magnitude": 4.2, "mag_category": "Moderate", "depth": 12.0, "depth_category": "Shallow", "date": "2015-03-02 00:00:00", "time": "10:59:59.321000", "region": "Northern Molucca Sea", "year": 2015, "month": 3}}, {"type": "Feature", "geometry": {"type": "Point", "coordinates": [123.43, -0.3]}, "properties": {"magnitude": 3.0, "mag_category": "Light", "depth": 10.0, "depth_category": "Shallow", "date": "2015-02-06 00:00:00", "time": "00:24:01.890000", "region": "Minahassa Peninsula - Sulawesi", "year": 2015, "month": 2}}, {"type": "Feature", "geometry": {"type": "Point", "coordinates": [99.75, -0.82]}, "properties": {"magnitude": 4.0, "mag_category": "Moderate", "depth": 61.0, "depth_category": "Shallow", "date": "2015-06-28 00:00:00", "time": "14:27:28.618000", "region": "Southern Sumatra - Indonesia", "year": 2015, "month": 6}}, {"type": "Feature", "geometry": {"type": "Point", "coordinates": [124.24, 0.08]}, "properties": {"magnitude": 3.9, "mag_category": "Light", "depth": 86.0, "depth_category": "Intermediate", "date": "2015-09-12 00:00:00", "time": "13:45:14.506000", "region": "Minahassa Peninsula - Sulawesi", "year": 2015, "month": 9}}, {"type": "Feature", "geometry": {"type": "Point", "coordinates": [125.65, 1.11]}, "properties": {"magnitude": 4.0, "mag_category": "Moderate", "depth": 25.0, "depth_category": "Shallow", "date": "2015-05-20 00:00:00", "time": "18:43:22.693000", "region": "Northern Molucca Sea", "year": 2015, "month": 5}}, {"type": "Feature", "geometry": {"type": "Point", "coordinates": [120.24, -4.42]}, "properties": {"magnitude": 2.1, "mag_category": "Minor", "depth": 58.0, "depth_category": "Shallow", "date": "2015-09-23 00:00:00", "time": "09:19:12.866000", "region": "Sulawesi - Indonesia", "year": 2015, "month": 9}}, {"type": "Feature", "geometry": {"type": "Point", "coordinates": [106.56, -7.65]}, "properties": {"magnitude": 3.8, "mag_category": "Light", "depth": 70.0, "depth_category": "Intermediate", "date": "2015-11-12 00:00:00", "time": "15:39:58.458000", "region": "Java - Indonesia", "year": 2015, "month": 11}}, {"type": "Feature", "geometry": {"type": "Point", "coordinates": [124.99, 3.4]}, "properties": {"magnitude": 4.1, "mag_category": "Moderate", "depth": 254.0, "depth_category": "Intermediate", "date": "2015-11-13 00:00:00", "time": "11:39:23.635000", "region": "Celebes Sea", "year": 2015, "month": 11}}, {"type": "Feature", "geometry": {"type": "Point", "coordinates": [116.26, -11.0]}, "properties": {"magnitude": 5.2, "mag_category": "Strong", "depth": 38.0, "depth_category": "Shallow", "date": "2015-08-29 00:00:00", "time": "20:02:27.128000", "region": "South of Sumbawa - Indonesia", "year": 2015, "month": 8}}, {"type": "Feature", "geometry": {"type": "Point", "coordinates": [109.86, -8.95]}, "properties": {"magnitude": 3.0, "mag_category": "Light", "depth": 22.0, "depth_category": "Shallow", "date": "2015-10-05 00:00:00", "time": "19:29:18.004000", "region": "Java - Indonesia", "year": 2015, "month": 10}}, {"type": "Feature", "geometry": {"type": "Point", "coordinates": [120.29, -4.58]}, "properties": {"magnitude": 2.1, "mag_category": "Minor", "depth": 12.0, "depth_category": "Shallow", "date": "2015-01-27 00:00:00", "time": "15:10:44.670000", "region": "Sulawesi - Indonesia", "year": 2015, "month": 1}}, {"type": "Feature", "geometry": {"type": "Point", "coordinates": [98.63, 0.41]}, "properties": {"magnitude": 4.9, "mag_category": "Moderate", "depth": 34.0, "depth_category": "Shallow", "date": "2015-03-13 00:00:00", "time": "00:54:56.931000", "region": "Northern Sumatra - Indonesia", "year": 2015, "month": 3}}, {"type": "Feature", "geometry": {"type": "Point", "coordinates": [123.44, -9.79]}, "properties": {"magnitude": 2.0, "mag_category": "Minor", "depth": 123.0, "depth_category": "Intermediate", "date": "2015-11-24 00:00:00", "time": "17:26:24.289000", "region": "Timor Region", "year": 2015, "month": 11}}, {"type": "Feature", "geometry": {"type": "Point", "coordinates": [118.79, -8.43]}, "properties": {"magnitude": 4.4, "mag_category": "Moderate", "depth": 174.0, "depth_category": "Intermediate", "date": "2015-04-05 00:00:00", "time": "18:19:27.520000", "region": "Sumbawa Region - Indonesia", "year": 2015, "month": 4}}, {"type": "Feature", "geometry": {"type": "Point", "coordinates": [125.08, 4.66]}, "properties": {"magnitude": 4.7, "mag_category": "Moderate", "depth": 292.0, "depth_category": "Intermediate", "date": "2015-01-02 00:00:00", "time": "14:48:55.062000", "region": "Talaud Islands - Indonesia", "year": 2015, "month": 1}}, {"type": "Feature", "geometry": {"type": "Point", "coordinates": [115.22, -9.61]}, "properties": {"magnitude": 2.9, "mag_category": "Minor", "depth": 29.0, "depth_category": "Shallow", "date": "2015-03-04 00:00:00", "time": "16:48:19.897000", "region": "South of Bali - Indonesia", "year": 2015, "month": 3}}, {"type": "Feature", "geometry": {"type": "Point", "coordinates": [140.1, -2.36]}, "properties": {"magnitude": 4.6, "mag_category": "Moderate", "depth": 10.0, "depth_category": "Shallow", "date": "2015-01-08 00:00:00", "time": "01:29:33.124000", "region": "Near North Coast of Irian Jaya", "year": 2015, "month": 1}}, {"type": "Feature", "geometry": {"type": "Point", "coordinates": [111.5, -9.26]}, "properties": {"magnitude": 5.0, "mag_category": "Strong", "depth": 10.0, "depth_category": "Shallow", "date": "2015-06-05 00:00:00", "time": "16:38:05.940000", "region": "South of Java - Indonesia", "year": 2015, "month": 6}}, {"type": "Feature", "geometry": {"type": "Point", "coordinates": [123.84, -8.3]}, "properties": {"magnitude": 4.2, "mag_category": "Moderate", "depth": 185.0, "depth_category": "Intermediate", "date": "2015-05-01 00:00:00", "time": "04:06:15.106000", "region": "Flores Region - Indonesia", "year": 2015, "month": 5}}, {"type": "Feature", "geometry": {"type": "Point", "coordinates": [125.81, 3.35]}, "properties": {"magnitude": 4.6, "mag_category": "Moderate", "depth": 147.0, "depth_category": "Intermediate", "date": "2015-04-15 00:00:00", "time": "03:56:38.675000", "region": "Talaud Islands - Indonesia", "year": 2015, "month": 4}}, {"type": "Feature", "geometry": {"type": "Point", "coordinates": [130.11, -2.88]}, "properties": {"magnitude": 4.5, "mag_category": "Moderate", "depth": 74.0, "depth_category": "Intermediate", "date": "2015-05-31 00:00:00", "time": "15:40:40.558000", "region": "Seram - Indonesia", "year": 2015, "month": 5}}, {"type": "Feature", "geometry": {"type": "Point", "coordinates": [120.02, -1.54]}, "properties": {"magnitude": 3.4, "mag_category": "Light", "depth": 10.0, "depth_category": "Shallow", "date": "2015-11-17 00:00:00", "time": "12:40:34.793000", "region": "Sulawesi - Indonesia", "year": 2015, "month": 11}}, {"type": "Feature", "geometry": {"type": "Point", "coordinates": [103.66, -5.61]}, "properties": {"magnitude": 3.1, "mag_category": "Light", "depth": 25.0, "depth_category": "Shallow", "date": "2015-12-25 00:00:00", "time": "02:04:04.281000", "region": "Southern Sumatra - Indonesia", "year": 2015, "month": 12}}, {"type": "Feature", "geometry": {"type": "Point", "coordinates": [104.86, -6.53]}, "properties": {"magnitude": 3.5, "mag_category": "Light", "depth": 10.0, "depth_category": "Shallow", "date": "2015-10-29 00:00:00", "time": "18:18:27.212000", "region": "Sunda Strait - Indonesia", "year": 2015, "month": 10}}, {"type": "Feature", "geometry": {"type": "Point", "coordinates": [116.01, -8.93]}, "properties": {"magnitude": 2.6, "mag_category": "Minor", "depth": 62.0, "depth_category": "Shallow", "date": "2015-01-19 00:00:00", "time": "01:36:59.108000", "region": "Sumbawa Region - Indonesia", "year": 2015, "month": 1}}, {"type": "Feature", "geometry": {"type": "Point", "coordinates": [118.78, 1.29]}, "properties": {"magnitude": 4.5, "mag_category": "Moderate", "depth": 10.0, "depth_category": "Shallow", "date": "2015-02-09 00:00:00", "time": "02:19:59.877000", "region": "Borneo", "year": 2015, "month": 2}}, {"type": "Feature", "geometry": {"type": "Point", "coordinates": [117.22, -9.0]}, "properties": {"magnitude": 2.8, "mag_category": "Minor", "depth": 12.0, "depth_category": "Shallow", "date": "2015-07-29 00:00:00", "time": "04:28:53.553000", "region": "Sumbawa Region - Indonesia", "year": 2015, "month": 7}}, {"type": "Feature", "geometry": {"type": "Point", "coordinates": [121.29, -8.47]}, "properties": {"magnitude": 4.0, "mag_category": "Moderate", "depth": 195.0, "depth_category": "Intermediate", "date": "2015-10-15 00:00:00", "time": "14:34:07.074000", "region": "Flores Region - Indonesia", "year": 2015, "month": 10}}, {"type": "Feature", "geometry": {"type": "Point", "coordinates": [128.11, -7.74]}, "properties": {"magnitude": 4.6, "mag_category": "Moderate", "depth": 202.0, "depth_category": "Intermediate", "date": "2015-06-15 00:00:00", "time": "20:46:08.572000", "region": "Banda Sea", "year": 2015, "month": 6}}, {"type": "Feature", "geometry": {"type": "Point", "coordinates": [127.43, 3.48]}, "properties": {"magnitude": 4.9, "mag_category": "Moderate", "depth": 59.0, "depth_category": "Shallow", "date": "2015-12-16 00:00:00", "time": "22:01:37.330000", "region": "Talaud Islands - Indonesia", "year": 2015, "month": 12}}, {"type": "Feature", "geometry": {"type": "Point", "coordinates": [126.53, 5.28]}, "properties": {"magnitude": 4.4, "mag_category": "Moderate", "depth": 167.0, "depth_category": "Intermediate", "date": "2015-02-26 00:00:00", "time": "07:28:13.837000", "region": "Mindanao - Philippines", "year": 2015, "month": 2}}, {"type": "Feature", "geometry": {"type": "Point", "coordinates": [95.53, 5.11]}, "properties": {"magnitude": 4.4, "mag_category": "Moderate", "depth": 49.0, "depth_category": "Shallow", "date": "2015-03-19 00:00:00", "time": "10:48:27.211000", "region": "Northern Sumatra - Indonesia", "year": 2015, "month": 3}}, {"type": "Feature", "geometry": {"type": "Point", "coordinates": [102.04, -4.41]}, "properties": {"magnitude": 3.3, "mag_category": "Light", "depth": 17.0, "depth_category": "Shallow", "date": "2015-09-21 00:00:00", "time": "00:13:49.861000", "region": "Southern Sumatra - Indonesia", "year": 2015, "month": 9}}, {"type": "Feature", "geometry": {"type": "Point", "coordinates": [125.3, 0.69]}, "properties": {"magnitude": 4.6, "mag_category": "Moderate", "depth": 84.0, "depth_category": "Intermediate", "date": "2015-08-29 00:00:00", "time": "11:35:36.942000", "region": "Northern Molucca Sea", "year": 2015, "month": 8}}, {"type": "Feature", "geometry": {"type": "Point", "coordinates": [105.67, -6.88]}, "properties": {"magnitude": 3.7, "mag_category": "Light", "depth": 11.0, "depth_category": "Shallow", "date": "2015-09-15 00:00:00", "time": "10:04:45.252000", "region": "Sunda Strait - Indonesia", "year": 2015, "month": 9}}, {"type": "Feature", "geometry": {"type": "Point", "coordinates": [127.22, 2.89]}, "properties": {"magnitude": 4.1, "mag_category": "Moderate", "depth": 10.0, "depth_category": "Shallow", "date": "2015-01-03 00:00:00", "time": "05:20:22.985000", "region": "Northern Molucca Sea", "year": 2015, "month": 1}}, {"type": "Feature", "geometry": {"type": "Point", "coordinates": [124.21, 1.28]}, "properties": {"magnitude": 3.6, "mag_category": "Light", "depth": 395.0, "depth_category": "Deep", "date": "2015-11-27 00:00:00", "time": "01:12:48.286000", "region": "Minahassa Peninsula - Sulawesi", "year": 2015, "month": 11}}, {"type": "Feature", "geometry": {"type": "Point", "coordinates": [110.52, -7.96]}, "properties": {"magnitude": 3.5, "mag_category": "Light", "depth": 10.0, "depth_category": "Shallow", "date": "2015-09-22 00:00:00", "time": "00:49:51.841000", "region": "Java - Indonesia", "year": 2015, "month": 9}}, {"type": "Feature", "geometry": {"type": "Point", "coordinates": [140.09, -3.06]}, "properties": {"magnitude": 3.9, "mag_category": "Light", "depth": 45.0, "depth_category": "Shallow", "date": "2015-03-17 00:00:00", "time": "08:17:11.779000", "region": "Irian Jaya - Indonesia", "year": 2015, "month": 3}}, {"type": "Feature", "geometry": {"type": "Point", "coordinates": [121.1, 1.35]}, "properties": {"magnitude": 5.0, "mag_category": "Strong", "depth": 39.0, "depth_category": "Shallow", "date": "2015-12-21 00:00:00", "time": "12:45:15.356000", "region": "Minahassa Peninsula - Sulawesi", "year": 2015, "month": 12}}, {"type": "Feature", "geometry": {"type": "Point", "coordinates": [122.49, -7.61]}, "properties": {"magnitude": 4.9, "mag_category": "Moderate", "depth": 565.0, "depth_category": "Deep", "date": "2015-02-27 00:00:00", "time": "15:27:56.709000", "region": "Flores Sea", "year": 2015, "month": 2}}, {"type": "Feature", "geometry": {"type": "Point", "coordinates": [134.31, -1.11]}, "properties": {"magnitude": 3.7, "mag_category": "Light", "depth": 19.0, "depth_category": "Shallow", "date": "2015-03-26 00:00:00", "time": "16:58:26.794000", "region": "Irian Jaya Region - Indonesia", "year": 2015, "month": 3}}, {"type": "Feature", "geometry": {"type": "Point", "coordinates": [123.78, -8.55]}, "properties": {"magnitude": 2.3, "mag_category": "Minor", "depth": 21.0, "depth_category": "Shallow", "date": "2015-02-07 00:00:00", "time": "12:44:08.203000", "region": "Flores Region - Indonesia", "year": 2015, "month": 2}}, {"type": "Feature", "geometry": {"type": "Point", "coordinates": [119.01, -9.2]}, "properties": {"magnitude": 3.0, "mag_category": "Light", "depth": 84.0, "depth_category": "Intermediate", "date": "2015-01-16 00:00:00", "time": "19:51:56.725000", "region": "Sumba Region - Indonesia", "year": 2015, "month": 1}}, {"type": "Feature", "geometry": {"type": "Point", "coordinates": [127.16, 1.68]}, "properties": {"magnitude": 3.9, "mag_category": "Light", "depth": 74.0, "depth_category": "Intermediate", "date": "2015-03-06 00:00:00", "time": "13:58:02.319000", "region": "Halmahera - Indonesia", "year": 2015, "month": 3}}, {"type": "Feature", "geometry": {"type": "Point", "coordinates": [128.11, 2.85]}, "properties": {"magnitude": 4.2, "mag_category": "Moderate", "depth": 140.0, "depth_category": "Intermediate", "date": "2015-02-07 00:00:00", "time": "00:49:24.953000", "region": "Halmahera - Indonesia", "year": 2015, "month": 2}}, {"type": "Feature", "geometry": {"type": "Point", "coordinates": [96.4, 3.21]}, "properties": {"magnitude": 3.2, "mag_category": "Light", "depth": 39.0, "depth_category": "Shallow", "date": "2015-10-05 00:00:00", "time": "04:29:27.695000", "region": "Northern Sumatra - Indonesia", "year": 2015, "month": 10}}, {"type": "Feature", "geometry": {"type": "Point", "coordinates": [122.4, -0.34]}, "properties": {"magnitude": 2.4, "mag_category": "Minor", "depth": 10.0, "depth_category": "Shallow", "date": "2015-01-24 00:00:00", "time": "11:59:43.669000", "region": "Minahassa Peninsula - Sulawesi", "year": 2015, "month": 1}}, {"type": "Feature", "geometry": {"type": "Point", "coordinates": [121.93, -8.3]}, "properties": {"magnitude": 4.0, "mag_category": "Moderate", "depth": 199.0, "depth_category": "Intermediate", "date": "2015-01-16 00:00:00", "time": "19:07:34.214000", "region": "Flores Region - Indonesia", "year": 2015, "month": 1}}, {"type": "Feature", "geometry": {"type": "Point", "coordinates": [113.92, -10.21]}, "properties": {"magnitude": 3.8, "mag_category": "Light", "depth": 10.0, "depth_category": "Shallow", "date": "2015-05-18 00:00:00", "time": "20:24:52.813000", "region": "South of Java - Indonesia", "year": 2015, "month": 5}}, {"type": "Feature", "geometry": {"type": "Point", "coordinates": [138.55, -2.75]}, "properties": {"magnitude": 6.9, "mag_category": "Major", "depth": 51.0, "depth_category": "Shallow", "date": "2015-07-27 00:00:00", "time": "21:41:21.882000", "region": "Irian Jaya - Indonesia", "year": 2015, "month": 7}}, {"type": "Feature", "geometry": {"type": "Point", "coordinates": [124.55, -0.02]}, "properties": {"magnitude": 4.6, "mag_category": "Moderate", "depth": 55.0, "depth_category": "Shallow", "date": "2015-08-31 00:00:00", "time": "22:25:24.250000", "region": "Southern Molucca Sea", "year": 2015, "month": 8}}, {"type": "Feature", "geometry": {"type": "Point", "coordinates": [127.32, 1.57]}, "properties": {"magnitude": 5.0, "mag_category": "Strong", "depth": 151.0, "depth_category": "Intermediate", "date": "2015-05-11 00:00:00", "time": "15:45:08.618000", "region": "Halmahera - Indonesia", "year": 2015, "month": 5}}, {"type": "Feature", "geometry": {"type": "Point", "coordinates": [127.18, 4.94]}, "properties": {"magnitude": 4.4, "mag_category": "Moderate", "depth": 106.0, "depth_category": "Intermediate", "date": "2015-12-02 00:00:00", "time": "22:51:02.380000", "region": "Talaud Islands - Indonesia", "year": 2015, "month": 12}}, {"type": "Feature", "geometry": {"type": "Point", "coordinates": [124.95, -8.15]}, "properties": {"magnitude": 4.6, "mag_category": "Moderate", "depth": 10.0, "depth_category": "Shallow", "date": "2015-11-05 00:00:00", "time": "12:24:55.986000", "region": "Timor Region", "year": 2015, "month": 11}}, {"type": "Feature", "geometry": {"type": "Point", "coordinates": [126.13, 1.12]}, "properties": {"magnitude": 3.2, "mag_category": "Light", "depth": 12.0, "depth_category": "Shallow", "date": "2015-09-01 00:00:00", "time": "14:16:37.121000", "region": "Northern Molucca Sea", "year": 2015, "month": 9}}, {"type": "Feature", "geometry": {"type": "Point", "coordinates": [98.97, 1.88]}, "properties": {"magnitude": 2.4, "mag_category": "Minor", "depth": 114.0, "depth_category": "Intermediate", "date": "2015-07-27 00:00:00", "time": "22:30:58.433000", "region": "Northern Sumatra - Indonesia", "year": 2015, "month": 7}}, {"type": "Feature", "geometry": {"type": "Point", "coordinates": [119.01, -8.97]}, "properties": {"magnitude": 3.5, "mag_category": "Light", "depth": 16.0, "depth_category": "Shallow", "date": "2015-03-24 00:00:00", "time": "14:45:33.177000", "region": "Flores Region - Indonesia", "year": 2015, "month": 3}}, {"type": "Feature", "geometry": {"type": "Point", "coordinates": [116.06, -8.47]}, "properties": {"magnitude": 1.9, "mag_category": "Minor", "depth": 24.0, "depth_category": "Shallow", "date": "2015-05-06 00:00:00", "time": "05:10:52.233000", "region": "Sumbawa Region - Indonesia", "year": 2015, "month": 5}}, {"type": "Feature", "geometry": {"type": "Point", "coordinates": [126.67, 4.32]}, "properties": {"magnitude": 3.7, "mag_category": "Light", "depth": 16.0, "depth_category": "Shallow", "date": "2015-11-28 00:00:00", "time": "22:23:29.609000", "region": "Talaud Islands - Indonesia", "year": 2015, "month": 11}}, {"type": "Feature", "geometry": {"type": "Point", "coordinates": [135.35, -4.09]}, "properties": {"magnitude": 4.8, "mag_category": "Moderate", "depth": 84.0, "depth_category": "Intermediate", "date": "2015-08-25 00:00:00", "time": "23:30:19.574000", "region": "Irian Jaya Region - Indonesia", "year": 2015, "month": 8}}, {"type": "Feature", "geometry": {"type": "Point", "coordinates": [98.48, 0.08]}, "properties": {"magnitude": 3.6, "mag_category": "Light", "depth": 10.0, "depth_category": "Shallow", "date": "2015-03-27 00:00:00", "time": "21:04:46.746000", "region": "Northern Sumatra - Indonesia", "year": 2015, "month": 3}}, {"type": "Feature", "geometry": {"type": "Point", "coordinates": [128.17, -4.51]}, "properties": {"magnitude": 4.9, "mag_category": "Moderate", "depth": 37.0, "depth_category": "Shallow", "date": "2015-06-04 00:00:00", "time": "02:34:22.507000", "region": "Banda Sea", "year": 2015, "month": 6}}, {"type": "Feature", "geometry": {"type": "Point", "coordinates": [110.31, -9.01]}, "properties": {"magnitude": 4.2, "mag_category": "Moderate", "depth": 10.0, "depth_category": "Shallow", "date": "2015-04-08 00:00:00", "time": "18:32:36.912000", "region": "South of Java - Indonesia", "year": 2015, "month": 4}}, {"type": "Feature", "geometry": {"type": "Point", "coordinates": [128.7, 1.68]}, "properties": {"magnitude": 4.7, "mag_category": "Moderate", "depth": 10.0, "depth_category": "Shallow", "date": "2015-04-23 00:00:00", "time": "10:52:17.636000", "region": "Halmahera - Indonesia", "year": 2015, "month": 4}}, {"type": "Feature", "geometry": {"type": "Point", "coordinates": [121.76, 0.47]}, "properties": {"magnitude": 2.7, "mag_category": "Minor", "depth": 112.0, "depth_category": "Intermediate", "date": "2015-03-11 00:00:00", "time": "16:29:00.425000", "region": "Minahassa Peninsula - Sulawesi", "year": 2015, "month": 3}}, {"type": "Feature", "geometry": {"type": "Point", "coordinates": [104.46, -5.74]}, "properties": {"magnitude": 4.5, "mag_category": "Moderate", "depth": 78.0, "depth_category": "Intermediate", "date": "2015-04-13 00:00:00", "time": "10:29:40.043000", "region": "Southern Sumatra - Indonesia", "year": 2015, "month": 4}}, {"type": "Feature", "geometry": {"type": "Point", "coordinates": [104.31, -8.02]}, "properties": {"magnitude": 3.7, "mag_category": "Light", "depth": 10.0, "depth_category": "Shallow", "date": "2015-06-16 00:00:00", "time": "20:34:48.029000", "region": "Southwest of Sumatra - Indonesia", "year": 2015, "month": 6}}, {"type": "Feature", "geometry": {"type": "Point", "coordinates": [98.49, 0.26]}, "properties": {"magnitude": 3.5, "mag_category": "Light", "depth": 39.0, "depth_category": "Shallow", "date": "2015-05-12 00:00:00", "time": "06:13:25.258000", "region": "Northern Sumatra - Indonesia", "year": 2015, "month": 5}}, {"type": "Feature", "geometry": {"type": "Point", "coordinates": [104.78, -5.92]}, "properties": {"magnitude": 4.2, "mag_category": "Moderate", "depth": 10.0, "depth_category": "Shallow", "date": "2015-10-08 00:00:00", "time": "10:05:27.355000", "region": "Southern Sumatra - Indonesia", "year": 2015, "month": 10}}, {"type": "Feature", "geometry": {"type": "Point", "coordinates": [127.0, 1.1]}, "properties": {"magnitude": 3.5, "mag_category": "Light", "depth": 10.0, "depth_category": "Shallow", "date": "2015-12-01 00:00:00", "time": "14:02:24.199000", "region": "Halmahera - Indonesia", "year": 2015, "month": 12}}, {"type": "Feature", "geometry": {"type": "Point", "coordinates": [127.9, 1.1]}, "properties": {"magnitude": 3.2, "mag_category": "Light", "depth": 10.0, "depth_category": "Shallow", "date": "2015-11-03 00:00:00", "time": "14:57:12.238000", "region": "Halmahera - Indonesia", "year": 2015, "month": 11}}, {"type": "Feature", "geometry": {"type": "Point", "coordinates": [116.68, -10.77]}, "properties": {"magnitude": 4.2, "mag_category": "Moderate", "depth": 10.0, "depth_category": "Shallow", "date": "2015-03-19 00:00:00", "time": "12:41:30.574000", "region": "South of Sumbawa - Indonesia", "year": 2015, "month": 3}}, {"type": "Feature", "geometry": {"type": "Point", "coordinates": [123.72, -0.06]}, "properties": {"magnitude": 3.4, "mag_category": "Light", "depth": 125.0, "depth_category": "Intermediate", "date": "2016-07-29 00:00:00", "time": "15:58:32.967000", "region": "Minahassa Peninsula - Sulawesi", "year": 2016, "month": 7}}, {"type": "Feature", "geometry": {"type": "Point", "coordinates": [126.98, 0.09]}, "properties": {"magnitude": 2.6, "mag_category": "Minor", "depth": 27.0, "depth_category": "Shallow", "date": "2016-07-21 00:00:00", "time": "05:45:25.688000", "region": "Northern Molucca Sea", "year": 2016, "month": 7}}, {"type": "Feature", "geometry": {"type": "Point", "coordinates": [131.71, -3.58]}, "properties": {"magnitude": 4.5, "mag_category": "Moderate", "depth": 94.0, "depth_category": "Intermediate", "date": "2016-08-21 00:00:00", "time": "06:09:03.079000", "region": "Irian Jaya Region - Indonesia", "year": 2016, "month": 8}}, {"type": "Feature", "geometry": {"type": "Point", "coordinates": [122.53, 1.26]}, "properties": {"magnitude": 3.1, "mag_category": "Light", "depth": 14.0, "depth_category": "Shallow", "date": "2016-08-24 00:00:00", "time": "02:53:28.504000", "region": "Minahassa Peninsula - Sulawesi", "year": 2016, "month": 8}}, {"type": "Feature", "geometry": {"type": "Point", "coordinates": [128.52, -3.69]}, "properties": {"magnitude": 2.9, "mag_category": "Minor", "depth": 102.0, "depth_category": "Intermediate", "date": "2016-09-14 00:00:00", "time": "06:47:57.872000", "region": "Seram - Indonesia", "year": 2016, "month": 9}}, {"type": "Feature", "geometry": {"type": "Point", "coordinates": [119.17, -2.58]}, "properties": {"magnitude": 2.9, "mag_category": "Minor", "depth": 10.0, "depth_category": "Shallow", "date": "2016-01-04 00:00:00", "time": "10:05:34.436000", "region": "Sulawesi - Indonesia", "year": 2016, "month": 1}}, {"type": "Feature", "geometry": {"type": "Point", "coordinates": [103.83, -4.99]}, "properties": {"magnitude": 3.3, "mag_category": "Light", "depth": 93.0, "depth_category": "Intermediate", "date": "2016-04-07 00:00:00", "time": "18:08:06.508000", "region": "Southern Sumatra - Indonesia", "year": 2016, "month": 4}}, {"type": "Feature", "geometry": {"type": "Point", "coordinates": [120.16, -10.35]}, "properties": {"magnitude": 3.6, "mag_category": "Light", "depth": 10.0, "depth_category": "Shallow", "date": "2016-03-07 00:00:00", "time": "02:09:48.265000", "region": "Sumba Region - Indonesia", "year": 2016, "month": 3}}, {"type": "Feature", "geometry": {"type": "Point", "coordinates": [129.67, -2.85]}, "properties": {"magnitude": 4.6, "mag_category": "Moderate", "depth": 27.0, "depth_category": "Shallow", "date": "2016-04-04 00:00:00", "time": "21:10:26.826000", "region": "Seram - Indonesia", "year": 2016, "month": 4}}, {"type": "Feature", "geometry": {"type": "Point", "coordinates": [123.54, -10.42]}, "properties": {"magnitude": 2.5, "mag_category": "Minor", "depth": 16.0, "depth_category": "Shallow", "date": "2016-06-25 00:00:00", "time": "11:32:19.434000", "region": "Timor Region", "year": 2016, "month": 6}}, {"type": "Feature", "geometry": {"type": "Point", "coordinates": [129.87, -6.65]}, "properties": {"magnitude": 4.6, "mag_category": "Moderate", "depth": 181.0, "depth_category": "Intermediate", "date": "2016-11-15 00:00:00", "time": "00:47:26.247000", "region": "Banda Sea", "year": 2016, "month": 11}}, {"type": "Feature", "geometry": {"type": "Point", "coordinates": [122.31, -0.56]}, "properties": {"magnitude": 3.8, "mag_category": "Light", "depth": 10.0, "depth_category": "Shallow", "date": "2016-03-11 00:00:00", "time": "09:37:45.593000", "region": "Minahassa Peninsula - Sulawesi", "year": 2016, "month": 3}}, {"type": "Feature", "geometry": {"type": "Point", "coordinates": [128.14, -2.68]}, "properties": {"magnitude": 2.8, "mag_category": "Minor", "depth": 10.0, "depth_category": "Shallow", "date": "2016-11-15 00:00:00", "time": "05:14:10.988000", "region": "Ceram Sea", "year": 2016, "month": 11}}, {"type": "Feature", "geometry": {"type": "Point", "coordinates": [127.38, -3.71]}, "properties": {"magnitude": 3.1, "mag_category": "Light", "depth": 10.0, "depth_category": "Shallow", "date": "2016-06-22 00:00:00", "time": "15:36:49.489000", "region": "Seram - Indonesia", "year": 2016, "month": 6}}, {"type": "Feature", "geometry": {"type": "Point", "coordinates": [123.88, -9.23]}, "properties": {"magnitude": 3.4, "mag_category": "Light", "depth": 36.0, "depth_category": "Shallow", "date": "2016-11-28 00:00:00", "time": "08:46:31.042000", "region": "Timor Region", "year": 2016, "month": 11}}, {"type": "Feature", "geometry": {"type": "Point", "coordinates": [98.54, 2.99]}, "properties": {"magnitude": 3.9, "mag_category": "Light", "depth": 10.0, "depth_category": "Shallow", "date": "2016-07-27 00:00:00", "time": "02:08:40.074000", "region": "Northern Sumatra - Indonesia", "year": 2016, "month": 7}}, {"type": "Feature", "geometry": {"type": "Point", "coordinates": [107.26, -7.93]}, "properties": {"magnitude": 3.6, "mag_category": "Light", "depth": 39.0, "depth_category": "Shallow", "date": "2016-03-19 00:00:00", "time": "15:19:27.090000", "region": "Java - Indonesia", "year": 2016, "month": 3}}, {"type": "Feature", "geometry": {"type": "Point", "coordinates": [121.62, -0.85]}, "properties": {"magnitude": 2.5, "mag_category": "Minor", "depth": 10.0, "depth_category": "Shallow", "date": "2016-10-14 00:00:00", "time": "19:01:16.039000", "region": "Minahassa Peninsula - Sulawesi", "year": 2016, "month": 10}}, {"type": "Feature", "geometry": {"type": "Point", "coordinates": [126.03, 0.99]}, "properties": {"magnitude": 3.8, "mag_category": "Light", "depth": 10.0, "depth_category": "Shallow", "date": "2016-02-17 00:00:00", "time": "08:20:33.017000", "region": "Northern Molucca Sea", "year": 2016, "month": 2}}, {"type": "Feature", "geometry": {"type": "Point", "coordinates": [123.07, -9.15]}, "properties": {"magnitude": 3.6, "mag_category": "Light", "depth": 83.0, "depth_category": "Intermediate", "date": "2016-02-06 00:00:00", "time": "16:30:23.425000", "region": "Timor Region", "year": 2016, "month": 2}}, {"type": "Feature", "geometry": {"type": "Point", "coordinates": [129.51, -2.77]}, "properties": {"magnitude": 3.1, "mag_category": "Light", "depth": 26.0, "depth_category": "Shallow", "date": "2016-03-06 00:00:00", "time": "07:59:46.616000", "region": "Seram - Indonesia", "year": 2016, "month": 3}}, {"type": "Feature", "geometry": {"type": "Point", "coordinates": [140.09, -3.42]}, "properties": {"magnitude": 4.6, "mag_category": "Moderate", "depth": 10.0, "depth_category": "Shallow", "date": "2016-11-08 00:00:00", "time": "00:15:57.463000", "region": "Irian Jaya - Indonesia", "year": 2016, "month": 11}}, {"type": "Feature", "geometry": {"type": "Point", "coordinates": [120.72, -2.21]}, "properties": {"magnitude": 3.2, "mag_category": "Light", "depth": 10.0, "depth_category": "Shallow", "date": "2016-10-06 00:00:00", "time": "16:56:30.338000", "region": "Sulawesi - Indonesia", "year": 2016, "month": 10}}, {"type": "Feature", "geometry": {"type": "Point", "coordinates": [122.12, 0.42]}, "properties": {"magnitude": 2.2, "mag_category": "Minor", "depth": 98.0, "depth_category": "Intermediate", "date": "2016-11-28 00:00:00", "time": "00:15:15.850000", "region": "Minahassa Peninsula - Sulawesi", "year": 2016, "month": 11}}, {"type": "Feature", "geometry": {"type": "Point", "coordinates": [105.41, -7.19]}, "properties": {"magnitude": 4.2, "mag_category": "Moderate", "depth": 16.0, "depth_category": "Shallow", "date": "2016-04-12 00:00:00", "time": "20:53:50.122000", "region": "Java - Indonesia", "year": 2016, "month": 4}}, {"type": "Feature", "geometry": {"type": "Point", "coordinates": [128.65, -7.02]}, "properties": {"magnitude": 4.6, "mag_category": "Moderate", "depth": 245.0, "depth_category": "Intermediate", "date": "2016-09-24 00:00:00", "time": "10:02:55.642000", "region": "Banda Sea", "year": 2016, "month": 9}}, {"type": "Feature", "geometry": {"type": "Point", "coordinates": [123.87, 1.15]}, "properties": {"magnitude": 4.9, "mag_category": "Moderate", "depth": 20.0, "depth_category": "Shallow", "date": "2016-02-09 00:00:00", "time": "08:14:20.009000", "region": "Minahassa Peninsula - Sulawesi", "year": 2016, "month": 2}}, {"type": "Feature", "geometry": {"type": "Point", "coordinates": [121.54, 0.55]}, "properties": {"magnitude": 3.3, "mag_category": "Light", "depth": 82.0, "depth_category": "Intermediate", "date": "2016-12-15 00:00:00", "time": "18:08:14.607000", "region": "Minahassa Peninsula - Sulawesi", "year": 2016, "month": 12}}, {"type": "Feature", "geometry": {"type": "Point", "coordinates": [119.52, -8.79]}, "properties": {"magnitude": 2.7, "mag_category": "Minor", "depth": 11.0, "depth_category": "Shallow", "date": "2016-03-01 00:00:00", "time": "22:09:42.097000", "region": "Flores Region - Indonesia", "year": 2016, "month": 3}}, {"type": "Feature", "geometry": {"type": "Point", "coordinates": [123.64, 0.59]}, "properties": {"magnitude": 5.0, "mag_category": "Strong", "depth": 259.0, "depth_category": "Intermediate", "date": "2016-06-30 00:00:00", "time": "11:43:11.471000", "region": "Minahassa Peninsula - Sulawesi", "year": 2016, "month": 6}}, {"type": "Feature", "geometry": {"type": "Point", "coordinates": [133.67, -2.3]}, "properties": {"magnitude": 4.3, "mag_category": "Moderate", "depth": 21.0, "depth_category": "Shallow", "date": "2016-12-13 00:00:00", "time": "10:42:01.995000", "region": "Irian Jaya Region - Indonesia", "year": 2016, "month": 12}}, {"type": "Feature", "geometry": {"type": "Point", "coordinates": [126.82, 4.2]}, "properties": {"magnitude": 4.5, "mag_category": "Moderate", "depth": 10.0, "depth_category": "Shallow", "date": "2016-04-16 00:00:00", "time": "23:37:00.695000", "region": "Talaud Islands - Indonesia", "year": 2016, "month": 4}}, {"type": "Feature", "geometry": {"type": "Point", "coordinates": [127.95, -2.88]}, "properties": {"magnitude": 3.0, "mag_category": "Light", "depth": 10.0, "depth_category": "Shallow", "date": "2016-04-27 00:00:00", "time": "06:45:03.163000", "region": "Ceram Sea", "year": 2016, "month": 4}}, {"type": "Feature", "geometry": {"type": "Point", "coordinates": [123.77, -9.37]}, "properties": {"magnitude": 2.8, "mag_category": "Minor", "depth": 22.0, "depth_category": "Shallow", "date": "2016-12-13 00:00:00", "time": "21:36:45.490000", "region": "Timor Region", "year": 2016, "month": 12}}, {"type": "Feature", "geometry": {"type": "Point", "coordinates": [109.11, -7.28]}, "properties": {"magnitude": 3.5, "mag_category": "Light", "depth": 228.0, "depth_category": "Intermediate", "date": "2016-07-02 00:00:00", "time": "06:08:59.700000", "region": "Java - Indonesia", "year": 2016, "month": 7}}, {"type": "Feature", "geometry": {"type": "Point", "coordinates": [119.98, -7.52]}, "properties": {"magnitude": 2.7, "mag_category": "Minor", "depth": 389.0, "depth_category": "Deep", "date": "2016-07-22 00:00:00", "time": "12:47:04.847000", "region": "Flores Sea", "year": 2016, "month": 7}}, {"type": "Feature", "geometry": {"type": "Point", "coordinates": [106.44, -7.76]}, "properties": {"magnitude": 3.7, "mag_category": "Light", "depth": 10.0, "depth_category": "Shallow", "date": "2016-02-16 00:00:00", "time": "10:59:02.920000", "region": "Java - Indonesia", "year": 2016, "month": 2}}, {"type": "Feature", "geometry": {"type": "Point", "coordinates": [131.43, -3.58]}, "properties": {"magnitude": 5.0, "mag_category": "Strong", "depth": 28.0, "depth_category": "Shallow", "date": "2016-08-21 00:00:00", "time": "00:42:52.646000", "region": "Irian Jaya Region - Indonesia", "year": 2016, "month": 8}}, {"type": "Feature", "geometry": {"type": "Point", "coordinates": [96.13, 5.32]}, "properties": {"magnitude": 3.5, "mag_category": "Light", "depth": 10.0, "depth_category": "Shallow", "date": "2016-12-07 00:00:00", "time": "00:48:56.885000", "region": "Northern Sumatra - Indonesia", "year": 2016, "month": 12}}, {"type": "Feature", "geometry": {"type": "Point", "coordinates": [128.21, 3.14]}, "properties": {"magnitude": 4.7, "mag_category": "Moderate", "depth": 10.0, "depth_category": "Shallow", "date": "2016-01-17 00:00:00", "time": "16:53:48.746000", "region": "North of Halmahera - Indonesia", "year": 2016, "month": 1}}, {"type": "Feature", "geometry": {"type": "Point", "coordinates": [126.75, 4.27]}, "properties": {"magnitude": 4.5, "mag_category": "Moderate", "depth": 18.0, "depth_category": "Shallow", "date": "2016-04-07 00:00:00", "time": "13:24:41.018000", "region": "Talaud Islands - Indonesia", "year": 2016, "month": 4}}, {"type": "Feature", "geometry": {"type": "Point", "coordinates": [102.55, -5.32]}, "properties": {"magnitude": 3.4, "mag_category": "Light", "depth": 26.0, "depth_category": "Shallow", "date": "2016-01-03 00:00:00", "time": "03:51:19.413000", "region": "Southern Sumatra - Indonesia", "year": 2016, "month": 1}}, {"type": "Feature", "geometry": {"type": "Point", "coordinates": [126.06, 4.14]}, "properties": {"magnitude": 3.8, "mag_category": "Light", "depth": 11.0, "depth_category": "Shallow", "date": "2016-10-07 00:00:00", "time": "05:34:31.401000", "region": "Talaud Islands - Indonesia", "year": 2016, "month": 10}}, {"type": "Feature", "geometry": {"type": "Point", "coordinates": [128.79, -8.2]}, "properties": {"magnitude": 4.7, "mag_category": "Moderate", "depth": 10.0, "depth_category": "Shallow", "date": "2016-12-04 00:00:00", "time": "07:19:18.754000", "region": "Timor Sea", "year": 2016, "month": 12}}, {"type": "Feature", "geometry": {"type": "Point", "coordinates": [120.18, -0.8]}, "properties": {"magnitude": 3.6, "mag_category": "Light", "depth": 11.0, "depth_category": "Shallow", "date": "2016-09-07 00:00:00", "time": "21:10:03.553000", "region": "Minahassa Peninsula - Sulawesi", "year": 2016, "month": 9}}, {"type": "Feature", "geometry": {"type": "Point", "coordinates": [96.22, 5.27]}, "properties": {"magnitude": 3.2, "mag_category": "Light", "depth": 10.0, "depth_category": "Shallow", "date": "2016-12-11 00:00:00", "time": "05:17:58.195000", "region": "Northern Sumatra - Indonesia", "year": 2016, "month": 12}}, {"type": "Feature", "geometry": {"type": "Point", "coordinates": [138.12, -1.9]}, "properties": {"magnitude": 4.3, "mag_category": "Moderate", "depth": 28.0, "depth_category": "Shallow", "date": "2016-11-24 00:00:00", "time": "01:32:59.260000", "region": "Near North Coast of Irian Jaya", "year": 2016, "month": 11}}, {"type": "Feature", "geometry": {"type": "Point", "coordinates": [119.23, -9.31]}, "properties": {"magnitude": 3.6, "mag_category": "Light", "depth": 49.0, "depth_category": "Shallow", "date": "2016-09-12 00:00:00", "time": "18:58:05.923000", "region": "Sumba Region - Indonesia", "year": 2016, "month": 9}}, {"type": "Feature", "geometry": {"type": "Point", "coordinates": [126.09, 3.85]}, "properties": {"magnitude": 4.6, "mag_category": "Moderate", "depth": 132.0, "depth_category": "Intermediate", "date": "2016-11-07 00:00:00", "time": "07:29:48.697000", "region": "Talaud Islands - Indonesia", "year": 2016, "month": 11}}, {"type": "Feature", "geometry": {"type": "Point", "coordinates": [128.84, 3.6]}, "properties": {"magnitude": 4.3, "mag_category": "Moderate", "depth": 61.0, "depth_category": "Shallow", "date": "2016-02-01 00:00:00", "time": "18:54:31.252000", "region": "North of Halmahera - Indonesia", "year": 2016, "month": 2}}, {"type": "Feature", "geometry": {"type": "Point", "coordinates": [120.57, -8.49]}, "properties": {"magnitude": 2.9, "mag_category": "Minor", "depth": 10.0, "depth_category": "Shallow", "date": "2016-08-28 00:00:00", "time": "03:45:53.810000", "region": "Flores Region - Indonesia", "year": 2016, "month": 8}}, {"type": "Feature", "geometry": {"type": "Point", "coordinates": [119.88, 0.25]}, "properties": {"magnitude": 3.5, "mag_category": "Light", "depth": 45.0, "depth_category": "Shallow", "date": "2016-07-21 00:00:00", "time": "15:34:49.638000", "region": "Minahassa Peninsula - Sulawesi", "year": 2016, "month": 7}}, {"type": "Feature", "geometry": {"type": "Point", "coordinates": [135.74, -3.48]}, "properties": {"magnitude": 4.3, "mag_category": "Moderate", "depth": 35.0, "depth_category": "Shallow", "date": "2016-12-03 00:00:00", "time": "10:34:35.224000", "region": "Irian Jaya Region - Indonesia", "year": 2016, "month": 12}}, {"type": "Feature", "geometry": {"type": "Point", "coordinates": [129.43, -4.89]}, "properties": {"magnitude": 4.5, "mag_category": "Moderate", "depth": 218.0, "depth_category": "Intermediate", "date": "2016-01-19 00:00:00", "time": "09:34:00.152000", "region": "Banda Sea", "year": 2016, "month": 1}}, {"type": "Feature", "geometry": {"type": "Point", "coordinates": [105.82, -6.16]}, "properties": {"magnitude": 3.1, "mag_category": "Light", "depth": 18.0, "depth_category": "Shallow", "date": "2016-02-25 00:00:00", "time": "07:31:37.373000", "region": "Sunda Strait - Indonesia", "year": 2016, "month": 2}}, {"type": "Feature", "geometry": {"type": "Point", "coordinates": [107.07, -6.15]}, "properties": {"magnitude": 4.6, "mag_category": "Moderate", "depth": 247.0, "depth_category": "Intermediate", "date": "2016-11-25 00:00:00", "time": "05:31:52.788000", "region": "Java - Indonesia", "year": 2016, "month": 11}}, {"type": "Feature", "geometry": {"type": "Point", "coordinates": [127.32, -0.63]}, "properties": {"magnitude": 4.0, "mag_category": "Moderate", "depth": 96.0, "depth_category": "Intermediate", "date": "2016-03-11 00:00:00", "time": "03:22:28.847000", "region": "Halmahera - Indonesia", "year": 2016, "month": 3}}, {"type": "Feature", "geometry": {"type": "Point", "coordinates": [126.09, 0.84]}, "properties": {"magnitude": 4.0, "mag_category": "Moderate", "depth": 10.0, "depth_category": "Shallow", "date": "2016-09-12 00:00:00", "time": "18:47:56.408000", "region": "Northern Molucca Sea", "year": 2016, "month": 9}}, {"type": "Feature", "geometry": {"type": "Point", "coordinates": [129.81, -7.44]}, "properties": {"magnitude": 4.7, "mag_category": "Moderate", "depth": 105.0, "depth_category": "Intermediate", "date": "2016-12-15 00:00:00", "time": "00:13:09.499000", "region": "Banda Sea", "year": 2016, "month": 12}}, {"type": "Feature", "geometry": {"type": "Point", "coordinates": [122.45, 1.03]}, "properties": {"magnitude": 2.6, "mag_category": "Minor", "depth": 29.0, "depth_category": "Shallow", "date": "2016-12-19 00:00:00", "time": "19:58:02.303000", "region": "Minahassa Peninsula - Sulawesi", "year": 2016, "month": 12}}, {"type": "Feature", "geometry": {"type": "Point", "coordinates": [124.8, -1.97]}, "properties": {"magnitude": 4.6, "mag_category": "Moderate", "depth": 10.0, "depth_category": "Shallow", "date": "2016-10-05 00:00:00", "time": "16:59:55.782000", "region": "Southern Molucca Sea", "year": 2016, "month": 10}}, {"type": "Feature", "geometry": {"type": "Point", "coordinates": [114.16, -7.92]}, "properties": {"magnitude": 2.7, "mag_category": "Minor", "depth": 13.0, "depth_category": "Shallow", "date": "2016-03-25 00:00:00", "time": "01:18:21.743000", "region": "Bali Sea", "year": 2016, "month": 3}}, {"type": "Feature", "geometry": {"type": "Point", "coordinates": [128.02, -1.6]}, "properties": {"magnitude": 2.7, "mag_category": "Minor", "depth": 248.0, "depth_category": "Intermediate", "date": "2016-11-15 00:00:00", "time": "11:42:11.269000", "region": "Halmahera - Indonesia", "year": 2016, "month": 11}}, {"type": "Feature", "geometry": {"type": "Point", "coordinates": [128.95, 2.32]}, "properties": {"magnitude": 4.0, "mag_category": "Moderate", "depth": 10.0, "depth_category": "Shallow", "date": "2016-02-19 00:00:00", "time": "12:03:53.265000", "region": "Halmahera - Indonesia", "year": 2016, "month": 2}}, {"type": "Feature", "geometry": {"type": "Point", "coordinates": [111.85, -7.5]}, "properties": {"magnitude": 2.3, "mag_category": "Minor", "depth": 12.0, "depth_category": "Shallow", "date": "2016-02-19 00:00:00", "time": "19:10:17.700000", "region": "Java - Indonesia", "year": 2016, "month": 2}}, {"type": "Feature", "geometry": {"type": "Point", "coordinates": [130.93, 5.93]}, "properties": {"magnitude": 4.8, "mag_category": "Moderate", "depth": 57.0, "depth_category": "Shallow", "date": "2016-12-03 00:00:00", "time": "02:24:21.109000", "region": "East of Philippine Islands", "year": 2016, "month": 12}}, {"type": "Feature", "geometry": {"type": "Point", "coordinates": [96.26, 5.17]}, "properties": {"magnitude": 3.1, "mag_category": "Light", "depth": 10.0, "depth_category": "Shallow", "date": "2016-12-08 00:00:00", "time": "00:30:28.761000", "region": "Northern Sumatra - Indonesia", "year": 2016, "month": 12}}, {"type": "Feature", "geometry": {"type": "Point", "coordinates": [118.43, -7.85]}, "properties": {"magnitude": 3.6, "mag_category": "Light", "depth": 27.0, "depth_category": "Shallow", "date": "2016-07-25 00:00:00", "time": "06:54:27.357000", "region": "Flores Sea", "year": 2016, "month": 7}}, {"type": "Feature", "geometry": {"type": "Point", "coordinates": [123.57, -3.86]}, "properties": {"magnitude": 3.9, "mag_category": "Light", "depth": 153.0, "depth_category": "Intermediate", "date": "2016-01-14 00:00:00", "time": "13:28:25.560000", "region": "Sulawesi - Indonesia", "year": 2016, "month": 1}}, {"type": "Feature", "geometry": {"type": "Point", "coordinates": [137.04, -3.36]}, "properties": {"magnitude": 4.5, "mag_category": "Moderate", "depth": 102.0, "depth_category": "Intermediate", "date": "2016-10-23 00:00:00", "time": "10:37:25.664000", "region": "Irian Jaya - Indonesia", "year": 2016, "month": 10}}, {"type": "Feature", "geometry": {"type": "Point", "coordinates": [128.68, 1.62]}, "properties": {"magnitude": 3.4, "mag_category": "Light", "depth": 10.0, "depth_category": "Shallow", "date": "2016-11-27 00:00:00", "time": "14:02:50.697000", "region": "Halmahera - Indonesia", "year": 2016, "month": 11}}, {"type": "Feature", "geometry": {"type": "Point", "coordinates": [120.15, -1.0]}, "properties": {"magnitude": 3.5, "mag_category": "Light", "depth": 10.0, "depth_category": "Shallow", "date": "2016-08-30 00:00:00", "time": "15:50:58.198000", "region": "Minahassa Peninsula - Sulawesi", "year": 2016, "month": 8}}, {"type": "Feature", "geometry": {"type": "Point", "coordinates": [111.62, -7.55]}, "properties": {"magnitude": 2.8, "mag_category": "Minor", "depth": 234.0, "depth_category": "Intermediate", "date": "2016-11-12 00:00:00", "time": "15:19:27.521000", "region": "Java - Indonesia", "year": 2016, "month": 11}}, {"type": "Feature", "geometry": {"type": "Point", "coordinates": [125.48, -4.54]}, "properties": {"magnitude": 4.8, "mag_category": "Moderate", "depth": 476.0, "depth_category": "Deep", "date": "2016-04-28 00:00:00", "time": "04:22:36.666000", "region": "Banda Sea", "year": 2016, "month": 4}}, {"type": "Feature", "geometry": {"type": "Point", "coordinates": [96.2, 5.3]}, "properties": {"magnitude": 4.7, "mag_category": "Moderate", "depth": 10.0, "depth_category": "Shallow", "date": "2016-12-06 00:00:00", "time": "22:40:51.303000", "region": "Northern Sumatra - Indonesia", "year": 2016, "month": 12}}, {"type": "Feature", "geometry": {"type": "Point", "coordinates": [123.63, -10.31]}, "properties": {"magnitude": 3.2, "mag_category": "Light", "depth": 10.0, "depth_category": "Shallow", "date": "2016-02-07 00:00:00", "time": "23:21:03.924000", "region": "Timor Region", "year": 2016, "month": 2}}, {"type": "Feature", "geometry": {"type": "Point", "coordinates": [128.56, -8.55]}, "properties": {"magnitude": 4.3, "mag_category": "Moderate", "depth": 120.0, "depth_category": "Intermediate", "date": "2016-04-17 00:00:00", "time": "02:37:57.023000", "region": "Timor Sea", "year": 2016, "month": 4}}, {"type": "Feature", "geometry": {"type": "Point", "coordinates": [108.31, -8.18]}, "properties": {"magnitude": 3.1, "mag_category": "Light", "depth": 88.0, "depth_category": "Intermediate", "date": "2016-01-06 00:00:00", "time": "18:47:02.486000", "region": "Java - Indonesia", "year": 2016, "month": 1}}, {"type": "Feature", "geometry": {"type": "Point", "coordinates": [138.56, -2.85]}, "properties": {"magnitude": 4.0, "mag_category": "Moderate", "depth": 25.0, "depth_category": "Shallow", "date": "2016-04-14 00:00:00", "time": "08:03:31.364000", "region": "Irian Jaya - Indonesia", "year": 2016, "month": 4}}, {"type": "Feature", "geometry": {"type": "Point", "coordinates": [117.58, -9.52]}, "properties": {"magnitude": 2.2, "mag_category": "Minor", "depth": 24.0, "depth_category": "Shallow", "date": "2016-10-02 00:00:00", "time": "04:09:47.268000", "region": "Sumbawa Region - Indonesia", "year": 2016, "month": 10}}, {"type": "Feature", "geometry": {"type": "Point", "coordinates": [126.7, 2.09]}, "properties": {"magnitude": 4.8, "mag_category": "Moderate", "depth": 62.0, "depth_category": "Shallow", "date": "2016-02-29 00:00:00", "time": "10:40:34.910000", "region": "Northern Molucca Sea", "year": 2016, "month": 2}}, {"type": "Feature", "geometry": {"type": "Point", "coordinates": [127.88, -3.0]}, "properties": {"magnitude": 4.9, "mag_category": "Moderate", "depth": 44.0, "depth_category": "Shallow", "date": "2016-09-29 00:00:00", "time": "10:27:36.354000", "region": "Seram - Indonesia", "year": 2016, "month": 9}}, {"type": "Feature", "geometry": {"type": "Point", "coordinates": [128.35, -3.04]}, "properties": {"magnitude": 2.4, "mag_category": "Minor", "depth": 122.0, "depth_category": "Intermediate", "date": "2016-01-30 00:00:00", "time": "18:06:39", "region": "Seram - Indonesia", "year": 2016, "month": 1}}, {"type": "Feature", "geometry": {"type": "Point", "coordinates": [107.07, -7.99]}, "properties": {"magnitude": 2.9, "mag_category": "Minor", "depth": 21.0, "depth_category": "Shallow", "date": "2016-02-19 00:00:00", "time": "12:34:59.645000", "region": "Java - Indonesia", "year": 2016, "month": 2}}, {"type": "Feature", "geometry": {"type": "Point", "coordinates": [120.13, 1.08]}, "properties": {"magnitude": 3.6, "mag_category": "Light", "depth": 11.0, "depth_category": "Shallow", "date": "2016-11-08 00:00:00", "time": "08:35:21.020000", "region": "Minahassa Peninsula - Sulawesi", "year": 2016, "month": 11}}, {"type": "Feature", "geometry": {"type": "Point", "coordinates": [100.58, -2.22]}, "properties": {"magnitude": 4.4, "mag_category": "Moderate", "depth": 15.0, "depth_category": "Shallow", "date": "2016-11-18 00:00:00", "time": "06:58:39.954000", "region": "Southern Sumatra - Indonesia", "year": 2016, "month": 11}}, {"type": "Feature", "geometry": {"type": "Point", "coordinates": [121.84, 0.3]}, "properties": {"magnitude": 2.5, "mag_category": "Minor", "depth": 160.0, "depth_category": "Intermediate", "date": "2016-03-07 00:00:00", "time": "05:20:10.927000", "region": "Minahassa Peninsula - Sulawesi", "year": 2016, "month": 3}}, {"type": "Feature", "geometry": {"type": "Point", "coordinates": [122.81, -0.12]}, "properties": {"magnitude": 2.7, "mag_category": "Minor", "depth": 103.0, "depth_category": "Intermediate", "date": "2016-11-22 00:00:00", "time": "23:16:50.570000", "region": "Minahassa Peninsula - Sulawesi", "year": 2016, "month": 11}}, {"type": "Feature", "geometry": {"type": "Point", "coordinates": [123.07, -3.27]}, "properties": {"magnitude": 4.0, "mag_category": "Moderate", "depth": 80.0, "depth_category": "Intermediate", "date": "2016-09-07 00:00:00", "time": "23:25:21.410000", "region": "Sulawesi - Indonesia", "year": 2016, "month": 9}}, {"type": "Feature", "geometry": {"type": "Point", "coordinates": [105.7, -6.06]}, "properties": {"magnitude": 3.6, "mag_category": "Light", "depth": 161.0, "depth_category": "Intermediate", "date": "2016-12-31 00:00:00", "time": "11:29:16.986000", "region": "Sunda Strait - Indonesia", "year": 2016, "month": 12}}, {"type": "Feature", "geometry": {"type": "Point", "coordinates": [130.99, -5.46]}, "properties": {"magnitude": 4.6, "mag_category": "Moderate", "depth": 107.0, "depth_category": "Intermediate", "date": "2016-06-30 00:00:00", "time": "00:22:32.512000", "region": "Banda Sea", "year": 2016, "month": 6}}, {"type": "Feature", "geometry": {"type": "Point", "coordinates": [115.94, -8.4]}, "properties": {"magnitude": 3.0, "mag_category": "Light", "depth": 13.0, "depth_category": "Shallow", "date": "2016-01-15 00:00:00", "time": "22:05:06.576000", "region": "Bali Region - Indonesia", "year": 2016, "month": 1}}, {"type": "Feature", "geometry": {"type": "Point", "coordinates": [126.64, 5.59]}, "properties": {"magnitude": 4.6, "mag_category": "Moderate", "depth": 99.0, "depth_category": "Intermediate", "date": "2016-04-20 00:00:00", "time": "16:03:30.708000", "region": "Mindanao - Philippines", "year": 2016, "month": 4}}, {"type": "Feature", "geometry": {"type": "Point", "coordinates": [122.55, 0.94]}, "properties": {"magnitude": 4.6, "mag_category": "Moderate", "depth": 54.0, "depth_category": "Shallow", "date": "2016-01-07 00:00:00", "time": "15:39:27.647000", "region": "Minahassa Peninsula - Sulawesi", "year": 2016, "month": 1}}, {"type": "Feature", "geometry": {"type": "Point", "coordinates": [128.08, -3.25]}, "properties": {"magnitude": 2.2, "mag_category": "Minor", "depth": 25.0, "depth_category": "Shallow", "date": "2016-01-12 00:00:00", "time": "22:01:55.821000", "region": "Seram - Indonesia", "year": 2016, "month": 1}}, {"type": "Feature", "geometry": {"type": "Point", "coordinates": [125.96, 1.58]}, "properties": {"magnitude": 4.1, "mag_category": "Moderate", "depth": 95.0, "depth_category": "Intermediate", "date": "2016-09-16 00:00:00", "time": "21:11:53.834000", "region": "Northern Molucca Sea", "year": 2016, "month": 9}}, {"type": "Feature", "geometry": {"type": "Point", "coordinates": [98.84, 0.63]}, "properties": {"magnitude": 3.8, "mag_category": "Light", "depth": 10.0, "depth_category": "Shallow", "date": "2016-02-09 00:00:00", "time": "10:58:15.027000", "region": "Northern Sumatra - Indonesia", "year": 2016, "month": 2}}, {"type": "Feature", "geometry": {"type": "Point", "coordinates": [126.88, 3.78]}, "properties": {"magnitude": 6.4, "mag_category": "Major", "depth": 61.0, "depth_category": "Shallow", "date": "2016-01-11 00:00:00", "time": "16:38:11.078000", "region": "Talaud Islands - Indonesia", "year": 2016, "month": 1}}, {"type": "Feature", "geometry": {"type": "Point", "coordinates": [95.71, 2.73]}, "properties": {"magnitude": 4.4, "mag_category": "Moderate", "depth": 18.0, "depth_category": "Shallow", "date": "2016-01-15 00:00:00", "time": "08:31:28.616000", "region": "Off West Coast of Northern Sumatra", "year": 2016, "month": 1}}, {"type": "Feature", "geometry": {"type": "Point", "coordinates": [121.05, -2.45]}, "properties": {"magnitude": 4.1, "mag_category": "Moderate", "depth": 26.0, "depth_category": "Shallow", "date": "2016-11-03 00:00:00", "time": "17:42:28.472000", "region": "Sulawesi - Indonesia", "year": 2016, "month": 11}}, {"type": "Feature", "geometry": {"type": "Point", "coordinates": [113.11, -9.34]}, "properties": {"magnitude": 3.3, "mag_category": "Light", "depth": 10.0, "depth_category": "Shallow", "date": "2016-12-07 00:00:00", "time": "14:29:03.504000", "region": "South of Java - Indonesia", "year": 2016, "month": 12}}, {"type": "Feature", "geometry": {"type": "Point", "coordinates": [99.25, 1.78]}, "properties": {"magnitude": 2.8, "mag_category": "Minor", "depth": 10.0, "depth_category": "Shallow", "date": "2016-01-08 00:00:00", "time": "09:03:41.660000", "region": "Northern Sumatra - Indonesia", "year": 2016, "month": 1}}, {"type": "Feature", "geometry": {"type": "Point", "coordinates": [128.17, -3.64]}, "properties": {"magnitude": 2.7, "mag_category": "Minor", "depth": 10.0, "depth_category": "Shallow", "date": "2016-08-06 00:00:00", "time": "04:52:28.098000", "region": "Seram - Indonesia", "year": 2016, "month": 8}}, {"type": "Feature", "geometry": {"type": "Point", "coordinates": [126.81, 4.25]}, "properties": {"magnitude": 3.9, "mag_category": "Light", "depth": 17.0, "depth_category": "Shallow", "date": "2016-04-05 00:00:00", "time": "20:00:17.694000", "region": "Talaud Islands - Indonesia", "year": 2016, "month": 4}}, {"type": "Feature", "geometry": {"type": "Point", "coordinates": [102.91, -5.11]}, "properties": {"magnitude": 4.0, "mag_category": "Moderate", "depth": 16.0, "depth_category": "Shallow", "date": "2016-06-15 00:00:00", "time": "03:27:04.110000", "region": "Southern Sumatra - Indonesia", "year": 2016, "month": 6}}, {"type": "Feature", "geometry": {"type": "Point", "coordinates": [122.94, -0.06]}, "properties": {"magnitude": 3.0, "mag_category": "Light", "depth": 10.0, "depth_category": "Shallow", "date": "2016-09-03 00:00:00", "time": "06:37:02.582000", "region": "Minahassa Peninsula - Sulawesi", "year": 2016, "month": 9}}, {"type": "Feature", "geometry": {"type": "Point", "coordinates": [128.8, -2.75]}, "properties": {"magnitude": 2.8, "mag_category": "Minor", "depth": 10.0, "depth_category": "Shallow", "date": "2016-11-02 00:00:00", "time": "13:03:52.270000", "region": "Ceram Sea", "year": 2016, "month": 11}}, {"type": "Feature", "geometry": {"type": "Point", "coordinates": [127.42, -0.66]}, "properties": {"magnitude": 4.2, "mag_category": "Moderate", "depth": 10.0, "depth_category": "Shallow", "date": "2016-02-16 00:00:00", "time": "18:54:12.618000", "region": "Halmahera - Indonesia", "year": 2016, "month": 2}}, {"type": "Feature", "geometry": {"type": "Point", "coordinates": [126.75, 3.49]}, "properties": {"magnitude": 4.1, "mag_category": "Moderate", "depth": 57.0, "depth_category": "Shallow", "date": "2016-12-26 00:00:00", "time": "13:10:32.730000", "region": "Talaud Islands - Indonesia", "year": 2016, "month": 12}}, {"type": "Feature", "geometry": {"type": "Point", "coordinates": [105.55, -5.97]}, "properties": {"magnitude": 4.3, "mag_category": "Moderate", "depth": 145.0, "depth_category": "Intermediate", "date": "2016-12-25 00:00:00", "time": "08:55:09.031000", "region": "Sunda Strait - Indonesia", "year": 2016, "month": 12}}, {"type": "Feature", "geometry": {"type": "Point", "coordinates": [126.87, 4.18]}, "properties": {"magnitude": 4.0, "mag_category": "Moderate", "depth": 10.0, "depth_category": "Shallow", "date": "2016-01-13 00:00:00", "time": "21:03:27.508000", "region": "Talaud Islands - Indonesia", "year": 2016, "month": 1}}, {"type": "Feature", "geometry": {"type": "Point", "coordinates": [122.96, 0.11]}, "properties": {"magnitude": 2.2, "mag_category": "Minor", "depth": 108.0, "depth_category": "Intermediate", "date": "2016-04-06 00:00:00", "time": "03:33:53.108000", "region": "Minahassa Peninsula - Sulawesi", "year": 2016, "month": 4}}, {"type": "Feature", "geometry": {"type": "Point", "coordinates": [126.35, 4.13]}, "properties": {"magnitude": 4.7, "mag_category": "Moderate", "depth": 42.0, "depth_category": "Shallow", "date": "2016-10-21 00:00:00", "time": "10:34:15.711000", "region": "Talaud Islands - Indonesia", "year": 2016, "month": 10}}, {"type": "Feature", "geometry": {"type": "Point", "coordinates": [129.61, -4.9]}, "properties": {"magnitude": 4.4, "mag_category": "Moderate", "depth": 156.0, "depth_category": "Intermediate", "date": "2016-02-17 00:00:00", "time": "20:28:54.466000", "region": "Banda Sea", "year": 2016, "month": 2}}, {"type": "Feature", "geometry": {"type": "Point", "coordinates": [121.89, 0.36]}, "properties": {"magnitude": 2.0, "mag_category": "Minor", "depth": 176.0, "depth_category": "Intermediate", "date": "2016-09-02 00:00:00", "time": "15:48:10.288000", "region": "Minahassa Peninsula - Sulawesi", "year": 2016, "month": 9}}, {"type": "Feature", "geometry": {"type": "Point", "coordinates": [128.52, -2.77]}, "properties": {"magnitude": 3.0, "mag_category": "Light", "depth": 10.0, "depth_category": "Shallow", "date": "2016-03-16 00:00:00", "time": "10:35:12.086000", "region": "Ceram Sea", "year": 2016, "month": 3}}, {"type": "Feature", "geometry": {"type": "Point", "coordinates": [96.61, 1.85]}, "properties": {"magnitude": 4.9, "mag_category": "Moderate", "depth": 37.0, "depth_category": "Shallow", "date": "2016-07-30 00:00:00", "time": "22:42:08.642000", "region": "Off West Coast of Northern Sumatra", "year": 2016, "month": 7}}, {"type": "Feature", "geometry": {"type": "Point", "coordinates": [126.16, 1.04]}, "properties": {"magnitude": 5.1, "mag_category": "Strong", "depth": 64.0, "depth_category": "Shallow", "date": "2016-06-19 00:00:00", "time": "05:00:14.702000", "region": "Northern Molucca Sea", "year": 2016, "month": 6}}, {"type": "Feature", "geometry": {"type": "Point", "coordinates": [125.13, 4.42]}, "properties": {"magnitude": 4.6, "mag_category": "Moderate", "depth": 21.0, "depth_category": "Shallow", "date": "2016-01-07 00:00:00", "time": "21:37:08.316000", "region": "Talaud Islands - Indonesia", "year": 2016, "month": 1}}, {"type": "Feature", "geometry": {"type": "Point", "coordinates": [110.26, -9.21]}, "properties": {"magnitude": 3.8, "mag_category": "Light", "depth": 10.0, "depth_category": "Shallow", "date": "2016-11-24 00:00:00", "time": "07:50:46.841000", "region": "South of Java - Indonesia", "year": 2016, "month": 11}}, {"type": "Feature", "geometry": {"type": "Point", "coordinates": [106.98, -7.13]}, "properties": {"magnitude": 2.9, "mag_category": "Minor", "depth": 12.0, "depth_category": "Shallow", "date": "2016-04-19 00:00:00", "time": "05:24:38.793000", "region": "Java - Indonesia", "year": 2016, "month": 4}}, {"type": "Feature", "geometry": {"type": "Point", "coordinates": [126.85, 5.1]}, "properties": {"magnitude": 4.2, "mag_category": "Moderate", "depth": 27.0, "depth_category": "Shallow", "date": "2016-10-11 00:00:00", "time": "03:41:49.151000", "region": "Mindanao - Philippines", "year": 2016, "month": 10}}, {"type": "Feature", "geometry": {"type": "Point", "coordinates": [123.09, -0.08]}, "properties": {"magnitude": 2.9, "mag_category": "Minor", "depth": 147.0, "depth_category": "Intermediate", "date": "2016-03-26 00:00:00", "time": "07:04:56.153000", "region": "Minahassa Peninsula - Sulawesi", "year": 2016, "month": 3}}, {"type": "Feature", "geometry": {"type": "Point", "coordinates": [107.45, -8.06]}, "properties": {"magnitude": 2.5, "mag_category": "Minor", "depth": 28.0, "depth_category": "Shallow", "date": "2016-04-06 00:00:00", "time": "16:20:09.581000", "region": "Java - Indonesia", "year": 2016, "month": 4}}, {"type": "Feature", "geometry": {"type": "Point", "coordinates": [121.9, 0.13]}, "properties": {"magnitude": 1.8, "mag_category": "Minor", "depth": 19.0, "depth_category": "Shallow", "date": "2016-11-15 00:00:00", "time": "15:03:30.676000", "region": "Minahassa Peninsula - Sulawesi", "year": 2016, "month": 11}}, {"type": "Feature", "geometry": {"type": "Point", "coordinates": [102.53, -6.41]}, "properties": {"magnitude": 4.8, "mag_category": "Moderate", "depth": 21.0, "depth_category": "Shallow", "date": "2016-02-20 00:00:00", "time": "03:23:28.660000", "region": "Southwest of Sumatra - Indonesia", "year": 2016, "month": 2}}, {"type": "Feature", "geometry": {"type": "Point", "coordinates": [120.21, -4.67]}, "properties": {"magnitude": 2.1, "mag_category": "Minor", "depth": 23.0, "depth_category": "Shallow", "date": "2016-01-01 00:00:00", "time": "08:12:32.904000", "region": "Sulawesi - Indonesia", "year": 2016, "month": 1}}, {"type": "Feature", "geometry": {"type": "Point", "coordinates": [111.79, -7.44]}, "properties": {"magnitude": 2.7, "mag_category": "Minor", "depth": 10.0, "depth_category": "Shallow", "date": "2016-02-14 00:00:00", "time": "00:17:31.948000", "region": "Java - Indonesia", "year": 2016, "month": 2}}, {"type": "Feature", "geometry": {"type": "Point", "coordinates": [128.44, -3.98]}, "properties": {"magnitude": 3.9, "mag_category": "Light", "depth": 10.0, "depth_category": "Shallow", "date": "2016-06-24 00:00:00", "time": "17:31:03.795000", "region": "Seram - Indonesia", "year": 2016, "month": 6}}, {"type": "Feature", "geometry": {"type": "Point", "coordinates": [131.31, -3.4]}, "properties": {"magnitude": 3.6, "mag_category": "Light", "depth": 10.0, "depth_category": "Shallow", "date": "2016-08-21 00:00:00", "time": "05:26:40.721000", "region": "Irian Jaya Region - Indonesia", "year": 2016, "month": 8}}, {"type": "Feature", "geometry": {"type": "Point", "coordinates": [123.23, -0.53]}, "properties": {"magnitude": 4.7, "mag_category": "Moderate", "depth": 10.0, "depth_category": "Shallow", "date": "2016-10-31 00:00:00", "time": "01:08:19.960000", "region": "Minahassa Peninsula - Sulawesi", "year": 2016, "month": 10}}, {"type": "Feature", "geometry": {"type": "Point", "coordinates": [123.35, -0.17]}, "properties": {"magnitude": 3.3, "mag_category": "Light", "depth": 110.0, "depth_category": "Intermediate", "date": "2016-12-30 00:00:00", "time": "11:31:59.786000", "region": "Minahassa Peninsula - Sulawesi", "year": 2016, "month": 12}}, {"type": "Feature", "geometry": {"type": "Point", "coordinates": [120.81, -2.36]}, "properties": {"magnitude": 3.7, "mag_category": "Light", "depth": 18.0, "depth_category": "Shallow", "date": "2016-11-04 00:00:00", "time": "02:43:40.942000", "region": "Sulawesi - Indonesia", "year": 2016, "month": 11}}, {"type": "Feature", "geometry": {"type": "Point", "coordinates": [122.91, 0.0]}, "properties": {"magnitude": 5.2, "mag_category": "Strong", "depth": 174.0, "depth_category": "Intermediate", "date": "2016-07-20 00:00:00", "time": "03:58:31.323000", "region": "Minahassa Peninsula - Sulawesi", "year": 2016, "month": 7}}, {"type": "Feature", "geometry": {"type": "Point", "coordinates": [127.03, -1.05]}, "properties": {"magnitude": 3.0, "mag_category": "Light", "depth": 10.0, "depth_category": "Shallow", "date": "2016-09-27 00:00:00", "time": "18:07:02.974000", "region": "Halmahera - Indonesia", "year": 2016, "month": 9}}, {"type": "Feature", "geometry": {"type": "Point", "coordinates": [108.23, -8.29]}, "properties": {"magnitude": 3.9, "mag_category": "Light", "depth": 19.0, "depth_category": "Shallow", "date": "2016-03-31 00:00:00", "time": "16:17:47.422000", "region": "Java - Indonesia", "year": 2016, "month": 3}}, {"type": "Feature", "geometry": {"type": "Point", "coordinates": [116.06, -9.72]}, "properties": {"magnitude": 4.0, "mag_category": "Moderate", "depth": 31.0, "depth_category": "Shallow", "date": "2016-03-25 00:00:00", "time": "16:23:58.462000", "region": "Sumbawa Region - Indonesia", "year": 2016, "month": 3}}, {"type": "Feature", "geometry": {"type": "Point", "coordinates": [108.53, -9.47]}, "properties": {"magnitude": 4.7, "mag_category": "Moderate", "depth": 33.0, "depth_category": "Shallow", "date": "2016-02-13 00:00:00", "time": "20:45:40.277000", "region": "South of Java - Indonesia", "year": 2016, "month": 2}}, {"type": "Feature", "geometry": {"type": "Point", "coordinates": [98.95, 1.53]}, "properties": {"magnitude": 2.5, "mag_category": "Minor", "depth": 76.0, "depth_category": "Intermediate", "date": "2016-01-17 00:00:00", "time": "01:42:23.956000", "region": "Northern Sumatra - Indonesia", "year": 2016, "month": 1}}, {"type": "Feature", "geometry": {"type": "Point", "coordinates": [123.79, -0.7]}, "properties": {"magnitude": 3.3, "mag_category": "Light", "depth": 10.0, "depth_category": "Shallow", "date": "2016-07-01 00:00:00", "time": "02:41:35.536000", "region": "Minahassa Peninsula - Sulawesi", "year": 2016, "month": 7}}, {"type": "Feature", "geometry": {"type": "Point", "coordinates": [132.4, -1.45]}, "properties": {"magnitude": 4.1, "mag_category": "Moderate", "depth": 10.0, "depth_category": "Shallow", "date": "2016-03-29 00:00:00", "time": "00:01:39.142000", "region": "Irian Jaya Region - Indonesia", "year": 2016, "month": 3}}, {"type": "Feature", "geometry": {"type": "Point", "coordinates": [127.02, 3.88]}, "properties": {"magnitude": 4.6, "mag_category": "Moderate", "depth": 16.0, "depth_category": "Shallow", "date": "2016-01-14 00:00:00", "time": "00:10:19.627000", "region": "Talaud Islands - Indonesia", "year": 2016, "month": 1}}, {"type": "Feature", "geometry": {"type": "Point", "coordinates": [130.77, -3.22]}, "properties": {"magnitude": 3.4, "mag_category": "Light", "depth": 101.0, "depth_category": "Intermediate", "date": "2016-11-05 00:00:00", "time": "18:52:50.171000", "region": "Seram - Indonesia", "year": 2016, "month": 11}}, {"type": "Feature", "geometry": {"type": "Point", "coordinates": [107.39, -7.91]}, "properties": {"magnitude": 3.6, "mag_category": "Light", "depth": 37.0, "depth_category": "Shallow", "date": "2016-01-04 00:00:00", "time": "17:31:57.852000", "region": "Java - Indonesia", "year": 2016, "month": 1}}, {"type": "Feature", "geometry": {"type": "Point", "coordinates": [121.96, -0.0]}, "properties": {"magnitude": 3.1, "mag_category": "Light", "depth": 248.0, "depth_category": "Intermediate", "date": "2016-12-18 00:00:00", "time": "06:37:19.753000", "region": "Minahassa Peninsula - Sulawesi", "year": 2016, "month": 12}}, {"type": "Feature", "geometry": {"type": "Point", "coordinates": [115.13, -9.46]}, "properties": {"magnitude": 2.8, "mag_category": "Minor", "depth": 30.0, "depth_category": "Shallow", "date": "2016-07-01 00:00:00", "time": "11:51:09.756000", "region": "South of Bali - Indonesia", "year": 2016, "month": 7}}, {"type": "Feature", "geometry": {"type": "Point", "coordinates": [129.93, -6.95]}, "properties": {"magnitude": 4.8, "mag_category": "Moderate", "depth": 131.0, "depth_category": "Intermediate", "date": "2016-10-05 00:00:00", "time": "23:07:01.220000", "region": "Banda Sea", "year": 2016, "month": 10}}, {"type": "Feature", "geometry": {"type": "Point", "coordinates": [129.23, -2.83]}, "properties": {"magnitude": 3.5, "mag_category": "Light", "depth": 10.0, "depth_category": "Shallow", "date": "2016-01-18 00:00:00", "time": "09:55:32.574000", "region": "Seram - Indonesia", "year": 2016, "month": 1}}, {"type": "Feature", "geometry": {"type": "Point", "coordinates": [127.39, 1.07]}, "properties": {"magnitude": 5.1, "mag_category": "Strong", "depth": 11.0, "depth_category": "Shallow", "date": "2016-02-23 00:00:00", "time": "20:47:35.946000", "region": "Halmahera - Indonesia", "year": 2016, "month": 2}}, {"type": "Feature", "geometry": {"type": "Point", "coordinates": [128.81, -3.31]}, "properties": {"magnitude": 3.7, "mag_category": "Light", "depth": 10.0, "depth_category": "Shallow", "date": "2016-08-24 00:00:00", "time": "00:04:34.143000", "region": "Seram - Indonesia", "year": 2016, "month": 8}}, {"type": "Feature", "geometry": {"type": "Point", "coordinates": [98.49, 3.3]}, "properties": {"magnitude": 2.8, "mag_category": "Minor", "depth": 10.0, "depth_category": "Shallow", "date": "2017-02-14 00:00:00", "time": "05:07:58.900000", "region": "Northern Sumatra - Indonesia", "year": 2017, "month": 2}}, {"type": "Feature", "geometry": {"type": "Point", "coordinates": [139.07, -4.49]}, "properties": {"magnitude": 4.6, "mag_category": "Moderate", "depth": 123.0, "depth_category": "Intermediate", "date": "2017-02-08 00:00:00", "time": "12:00:01.464000", "region": "Irian Jaya - Indonesia", "year": 2017, "month": 2}}, {"type": "Feature", "geometry": {"type": "Point", "coordinates": [106.63, -8.04]}, "properties": {"magnitude": 3.6, "mag_category": "Light", "depth": 10.0, "depth_category": "Shallow", "date": "2017-02-20 00:00:00", "time": "13:55:31.203000", "region": "South of Java - Indonesia", "year": 2017, "month": 2}}, {"type": "Feature", "geometry": {"type": "Point", "coordinates": [127.13, 0.93]}, "properties": {"magnitude": 3.3, "mag_category": "Light", "depth": 19.0, "depth_category": "Shallow", "date": "2017-08-30 00:00:00", "time": "00:07:40.966000", "region": "Halmahera - Indonesia", "year": 2017, "month": 8}}, {"type": "Feature", "geometry": {"type": "Point", "coordinates": [111.8, -9.72]}, "properties": {"magnitude": 5.5, "mag_category": "Strong", "depth": 22.0, "depth_category": "Shallow", "date": "2017-04-29 00:00:00", "time": "10:02:14.991000", "region": "South of Java - Indonesia", "year": 2017, "month": 4}}, {"type": "Feature", "geometry": {"type": "Point", "coordinates": [127.22, 3.62]}, "properties": {"magnitude": 4.4, "mag_category": "Moderate", "depth": 24.0, "depth_category": "Shallow", "date": "2017-11-04 00:00:00", "time": "08:47:09.750000", "region": "Talaud Islands - Indonesia", "year": 2017, "month": 11}}, {"type": "Feature", "geometry": {"type": "Point", "coordinates": [127.81, -7.62]}, "properties": {"magnitude": 4.1, "mag_category": "Moderate", "depth": 218.0, "depth_category": "Intermediate", "date": "2017-02-27 00:00:00", "time": "10:16:31.726000", "region": "Banda Sea", "year": 2017, "month": 2}}, {"type": "Feature", "geometry": {"type": "Point", "coordinates": [127.83, -3.77]}, "properties": {"magnitude": 4.4, "mag_category": "Moderate", "depth": 10.0, "depth_category": "Shallow", "date": "2017-11-07 00:00:00", "time": "02:51:02.145000", "region": "Seram - Indonesia", "year": 2017, "month": 11}}, {"type": "Feature", "geometry": {"type": "Point", "coordinates": [118.16, -4.93]}, "properties": {"magnitude": 2.9, "mag_category": "Minor", "depth": 10.0, "depth_category": "Shallow", "date": "2017-12-30 00:00:00", "time": "17:57:40.908000", "region": "Sulawesi - Indonesia", "year": 2017, "month": 12}}, {"type": "Feature", "geometry": {"type": "Point", "coordinates": [123.47, -8.02]}, "properties": {"magnitude": 3.3, "mag_category": "Light", "depth": 10.0, "depth_category": "Shallow", "date": "2017-07-08 00:00:00", "time": "07:26:07.873000", "region": "Flores Region - Indonesia", "year": 2017, "month": 7}}, {"type": "Feature", "geometry": {"type": "Point", "coordinates": [115.59, -9.25]}, "properties": {"magnitude": 4.3, "mag_category": "Moderate", "depth": 100.0, "depth_category": "Intermediate", "date": "2017-01-15 00:00:00", "time": "03:44:13.341000", "region": "South of Bali - Indonesia", "year": 2017, "month": 1}}, {"type": "Feature", "geometry": {"type": "Point", "coordinates": [127.08, 1.58]}, "properties": {"magnitude": 4.2, "mag_category": "Moderate", "depth": 12.0, "depth_category": "Shallow", "date": "2017-08-19 00:00:00", "time": "18:38:27.989000", "region": "Halmahera - Indonesia", "year": 2017, "month": 8}}, {"type": "Feature", "geometry": {"type": "Point", "coordinates": [140.02, -2.23]}, "properties": {"magnitude": 4.2, "mag_category": "Moderate", "depth": 10.0, "depth_category": "Shallow", "date": "2017-07-04 00:00:00", "time": "19:51:25.968000", "region": "Near North Coast of Irian Jaya", "year": 2017, "month": 7}}, {"type": "Feature", "geometry": {"type": "Point", "coordinates": [128.8, 1.9]}, "properties": {"magnitude": 5.2, "mag_category": "Strong", "depth": 51.0, "depth_category": "Shallow", "date": "2017-09-30 00:00:00", "time": "10:30:03.412000", "region": "Halmahera - Indonesia", "year": 2017, "month": 9}}, {"type": "Feature", "geometry": {"type": "Point", "coordinates": [120.4, -1.38]}, "properties": {"magnitude": 3.0, "mag_category": "Light", "depth": 10.0, "depth_category": "Shallow", "date": "2017-12-30 00:00:00", "time": "00:33:03.668000", "region": "Sulawesi - Indonesia", "year": 2017, "month": 12}}, {"type": "Feature", "geometry": {"type": "Point", "coordinates": [111.12, -10.21]}, "properties": {"magnitude": 4.3, "mag_category": "Moderate", "depth": 10.0, "depth_category": "Shallow", "date": "2017-08-27 00:00:00", "time": "00:14:11.886000", "region": "South of Java - Indonesia", "year": 2017, "month": 8}}, {"type": "Feature", "geometry": {"type": "Point", "coordinates": [127.95, -3.83]}, "properties": {"magnitude": 2.6, "mag_category": "Minor", "depth": 10.0, "depth_category": "Shallow", "date": "2017-10-31 00:00:00", "time": "13:11:00.249000", "region": "Seram - Indonesia", "year": 2017, "month": 10}}, {"type": "Feature", "geometry": {"type": "Point", "coordinates": [123.75, 0.05]}, "properties": {"magnitude": 3.9, "mag_category": "Light", "depth": 123.0, "depth_category": "Intermediate", "date": "2017-01-18 00:00:00", "time": "03:34:52.576000", "region": "Minahassa Peninsula - Sulawesi", "year": 2017, "month": 1}}, {"type": "Feature", "geometry": {"type": "Point", "coordinates": [129.49, -7.31]}, "properties": {"magnitude": 4.5, "mag_category": "Moderate", "depth": 175.0, "depth_category": "Intermediate", "date": "2017-06-02 00:00:00", "time": "15:32:22.767000", "region": "Banda Sea", "year": 2017, "month": 6}}, {"type": "Feature", "geometry": {"type": "Point", "coordinates": [118.01, -8.42]}, "properties": {"magnitude": 3.2, "mag_category": "Light", "depth": 184.0, "depth_category": "Intermediate", "date": "2017-12-16 00:00:00", "time": "02:01:27.066000", "region": "Sumbawa Region - Indonesia", "year": 2017, "month": 12}}, {"type": "Feature", "geometry": {"type": "Point", "coordinates": [110.23, -9.05]}, "properties": {"magnitude": 3.5, "mag_category": "Light", "depth": 10.0, "depth_category": "Shallow", "date": "2017-08-27 00:00:00", "time": "03:39:30.877000", "region": "South of Java - Indonesia", "year": 2017, "month": 8}}, {"type": "Feature", "geometry": {"type": "Point", "coordinates": [98.46, 3.41]}, "properties": {"magnitude": 5.6, "mag_category": "Strong", "depth": 16.0, "depth_category": "Shallow", "date": "2017-01-16 00:00:00", "time": "12:42:13.255000", "region": "Northern Sumatra - Indonesia", "year": 2017, "month": 1}}, {"type": "Feature", "geometry": {"type": "Point", "coordinates": [120.43, -1.23]}, "properties": {"magnitude": 3.1, "mag_category": "Light", "depth": 10.0, "depth_category": "Shallow", "date": "2017-05-29 00:00:00", "time": "23:23:25.714000", "region": "Sulawesi - Indonesia", "year": 2017, "month": 5}}, {"type": "Feature", "geometry": {"type": "Point", "coordinates": [133.24, -0.79]}, "properties": {"magnitude": 4.4, "mag_category": "Moderate", "depth": 10.0, "depth_category": "Shallow", "date": "2017-12-03 00:00:00", "time": "09:29:16.665000", "region": "Irian Jaya Region - Indonesia", "year": 2017, "month": 12}}, {"type": "Feature", "geometry": {"type": "Point", "coordinates": [96.16, 5.19]}, "properties": {"magnitude": 5.4, "mag_category": "Strong", "depth": 27.0, "depth_category": "Shallow", "date": "2017-02-15 00:00:00", "time": "19:47:10.259000", "region": "Northern Sumatra - Indonesia", "year": 2017, "month": 2}}, {"type": "Feature", "geometry": {"type": "Point", "coordinates": [101.82, -1.95]}, "properties": {"magnitude": 3.8, "mag_category": "Light", "depth": 158.0, "depth_category": "Intermediate", "date": "2017-09-17 00:00:00", "time": "09:23:10.984000", "region": "Southern Sumatra - Indonesia", "year": 2017, "month": 9}}, {"type": "Feature", "geometry": {"type": "Point", "coordinates": [99.44, 0.33]}, "properties": {"magnitude": 4.4, "mag_category": "Moderate", "depth": 104.0, "depth_category": "Intermediate", "date": "2017-06-05 00:00:00", "time": "14:46:10.134000", "region": "Northern Sumatra - Indonesia", "year": 2017, "month": 6}}, {"type": "Feature", "geometry": {"type": "Point", "coordinates": [123.23, -0.23]}, "properties": {"magnitude": 4.1, "mag_category": "Moderate", "depth": 68.0, "depth_category": "Shallow", "date": "2017-08-12 00:00:00", "time": "20:39:27.824000", "region": "Minahassa Peninsula - Sulawesi", "year": 2017, "month": 8}}, {"type": "Feature", "geometry": {"type": "Point", "coordinates": [124.24, -0.32]}, "properties": {"magnitude": 3.6, "mag_category": "Light", "depth": 10.0, "depth_category": "Shallow", "date": "2017-10-07 00:00:00", "time": "00:46:29.569000", "region": "Southern Molucca Sea", "year": 2017, "month": 10}}, {"type": "Feature", "geometry": {"type": "Point", "coordinates": [120.05, -1.13]}, "properties": {"magnitude": 2.8, "mag_category": "Minor", "depth": 10.0, "depth_category": "Shallow", "date": "2017-11-03 00:00:00", "time": "18:14:07.404000", "region": "Sulawesi - Indonesia", "year": 2017, "month": 11}}, {"type": "Feature", "geometry": {"type": "Point", "coordinates": [115.47, -8.27]}, "properties": {"magnitude": 2.4, "mag_category": "Minor", "depth": 10.0, "depth_category": "Shallow", "date": "2017-09-24 00:00:00", "time": "03:29:08.014000", "region": "Bali Region - Indonesia", "year": 2017, "month": 9}}, {"type": "Feature", "geometry": {"type": "Point", "coordinates": [126.94, 2.54]}, "properties": {"magnitude": 4.0, "mag_category": "Moderate", "depth": 28.0, "depth_category": "Shallow", "date": "2017-11-04 00:00:00", "time": "09:24:26.692000", "region": "Northern Molucca Sea", "year": 2017, "month": 11}}, {"type": "Feature", "geometry": {"type": "Point", "coordinates": [123.96, -0.63]}, "properties": {"magnitude": 3.5, "mag_category": "Light", "depth": 10.0, "depth_category": "Shallow", "date": "2017-03-31 00:00:00", "time": "09:18:38.039000", "region": "Minahassa Peninsula - Sulawesi", "year": 2017, "month": 3}}, {"type": "Feature", "geometry": {"type": "Point", "coordinates": [121.67, 0.27]}, "properties": {"magnitude": 2.6, "mag_category": "Minor", "depth": 129.0, "depth_category": "Intermediate", "date": "2017-12-01 00:00:00", "time": "00:04:35.991000", "region": "Minahassa Peninsula - Sulawesi", "year": 2017, "month": 12}}, {"type": "Feature", "geometry": {"type": "Point", "coordinates": [125.37, 1.09]}, "properties": {"magnitude": 3.5, "mag_category": "Light", "depth": 68.0, "depth_category": "Shallow", "date": "2017-03-29 00:00:00", "time": "15:42:58.914000", "region": "Northern Molucca Sea", "year": 2017, "month": 3}}, {"type": "Feature", "geometry": {"type": "Point", "coordinates": [126.19, 1.06]}, "properties": {"magnitude": 3.8, "mag_category": "Light", "depth": 10.0, "depth_category": "Shallow", "date": "2017-06-19 00:00:00", "time": "04:33:29.477000", "region": "Northern Molucca Sea", "year": 2017, "month": 6}}, {"type": "Feature", "geometry": {"type": "Point", "coordinates": [117.47, -8.93]}, "properties": {"magnitude": 3.7, "mag_category": "Light", "depth": 10.0, "depth_category": "Shallow", "date": "2017-06-23 00:00:00", "time": "07:43:07.905000", "region": "Sumbawa Region - Indonesia", "year": 2017, "month": 6}}, {"type": "Feature", "geometry": {"type": "Point", "coordinates": [115.45, -8.3]}, "properties": {"magnitude": 2.7, "mag_category": "Minor", "depth": 10.0, "depth_category": "Shallow", "date": "2017-09-26 00:00:00", "time": "15:04:19.635000", "region": "Bali Region - Indonesia", "year": 2017, "month": 9}}, {"type": "Feature", "geometry": {"type": "Point", "coordinates": [98.52, 3.23]}, "properties": {"magnitude": 3.8, "mag_category": "Light", "depth": 10.0, "depth_category": "Shallow", "date": "2017-01-31 00:00:00", "time": "15:10:37.550000", "region": "Northern Sumatra - Indonesia", "year": 2017, "month": 1}}, {"type": "Feature", "geometry": {"type": "Point", "coordinates": [117.44, -8.17]}, "properties": {"magnitude": 3.4, "mag_category": "Light", "depth": 185.0, "depth_category": "Intermediate", "date": "2017-08-31 00:00:00", "time": "14:14:37.698000", "region": "Sumbawa Region - Indonesia", "year": 2017, "month": 8}}, {"type": "Feature", "geometry": {"type": "Point", "coordinates": [108.73, -8.95]}, "properties": {"magnitude": 5.3, "mag_category": "Strong", "depth": 57.0, "depth_category": "Shallow", "date": "2017-01-02 00:00:00", "time": "21:02:25.566000", "region": "Java - Indonesia", "year": 2017, "month": 1}}, {"type": "Feature", "geometry": {"type": "Point", "coordinates": [123.86, -9.22]}, "properties": {"magnitude": 4.5, "mag_category": "Moderate", "depth": 76.0, "depth_category": "Intermediate", "date": "2017-09-06 00:00:00", "time": "13:49:33.727000", "region": "Timor Region", "year": 2017, "month": 9}}, {"type": "Feature", "geometry": {"type": "Point", "coordinates": [125.26, 0.5]}, "properties": {"magnitude": 3.6, "mag_category": "Light", "depth": 27.0, "depth_category": "Shallow", "date": "2017-08-26 00:00:00", "time": "14:02:58.273000", "region": "Northern Molucca Sea", "year": 2017, "month": 8}}, {"type": "Feature", "geometry": {"type": "Point", "coordinates": [122.34, -2.8]}, "properties": {"magnitude": 4.8, "mag_category": "Moderate", "depth": 11.0, "depth_category": "Shallow", "date": "2017-12-17 00:00:00", "time": "02:31:43.998000", "region": "Sulawesi - Indonesia", "year": 2017, "month": 12}}, {"type": "Feature", "geometry": {"type": "Point", "coordinates": [122.21, 1.41]}, "properties": {"magnitude": 3.5, "mag_category": "Light", "depth": 13.0, "depth_category": "Shallow", "date": "2017-06-18 00:00:00", "time": "17:57:30.691000", "region": "Minahassa Peninsula - Sulawesi", "year": 2017, "month": 6}}, {"type": "Feature", "geometry": {"type": "Point", "coordinates": [99.31, -1.54]}, "properties": {"magnitude": 3.4, "mag_category": "Light", "depth": 28.0, "depth_category": "Shallow", "date": "2017-02-10 00:00:00", "time": "18:36:52.354000", "region": "Southern Sumatra - Indonesia", "year": 2017, "month": 2}}, {"type": "Feature", "geometry": {"type": "Point", "coordinates": [127.5, 1.05]}, "properties": {"magnitude": 3.0, "mag_category": "Light", "depth": 12.0, "depth_category": "Shallow", "date": "2017-10-04 00:00:00", "time": "21:00:19.494000", "region": "Halmahera - Indonesia", "year": 2017, "month": 10}}, {"type": "Feature", "geometry": {"type": "Point", "coordinates": [107.28, -8.17]}, "properties": {"magnitude": 3.7, "mag_category": "Light", "depth": 21.0, "depth_category": "Shallow", "date": "2017-06-16 00:00:00", "time": "04:07:35.741000", "region": "Java - Indonesia", "year": 2017, "month": 6}}, {"type": "Feature", "geometry": {"type": "Point", "coordinates": [98.59, 3.16]}, "properties": {"magnitude": 4.4, "mag_category": "Moderate", "depth": 10.0, "depth_category": "Shallow", "date": "2017-10-31 00:00:00", "time": "00:31:37.066000", "region": "Northern Sumatra - Indonesia", "year": 2017, "month": 10}}, {"type": "Feature", "geometry": {"type": "Point", "coordinates": [120.2, 0.63]}, "properties": {"magnitude": 4.0, "mag_category": "Moderate", "depth": 10.0, "depth_category": "Shallow", "date": "2017-05-28 00:00:00", "time": "10:14:25.371000", "region": "Minahassa Peninsula - Sulawesi", "year": 2017, "month": 5}}, {"type": "Feature", "geometry": {"type": "Point", "coordinates": [124.27, 4.22]}, "properties": {"magnitude": 3.7, "mag_category": "Light", "depth": 10.0, "depth_category": "Shallow", "date": "2017-07-17 00:00:00", "time": "18:55:30.296000", "region": "Celebes Sea", "year": 2017, "month": 7}}, {"type": "Feature", "geometry": {"type": "Point", "coordinates": [122.21, 1.42]}, "properties": {"magnitude": 3.0, "mag_category": "Light", "depth": 10.0, "depth_category": "Shallow", "date": "2017-06-16 00:00:00", "time": "12:47:07.522000", "region": "Minahassa Peninsula - Sulawesi", "year": 2017, "month": 6}}, {"type": "Feature", "geometry": {"type": "Point", "coordinates": [120.34, -1.12]}, "properties": {"magnitude": 3.1, "mag_category": "Light", "depth": 13.0, "depth_category": "Shallow", "date": "2017-06-27 00:00:00", "time": "00:01:26.756000", "region": "Sulawesi - Indonesia", "year": 2017, "month": 6}}, {"type": "Feature", "geometry": {"type": "Point", "coordinates": [129.39, -4.85]}, "properties": {"magnitude": 5.0, "mag_category": "Strong", "depth": 225.0, "depth_category": "Intermediate", "date": "2017-09-25 00:00:00", "time": "08:02:26.373000", "region": "Banda Sea", "year": 2017, "month": 9}}, {"type": "Feature", "geometry": {"type": "Point", "coordinates": [115.46, -8.32]}, "properties": {"magnitude": 3.0, "mag_category": "Light", "depth": 10.0, "depth_category": "Shallow", "date": "2017-09-26 00:00:00", "time": "13:36:26.063000", "region": "Bali Region - Indonesia", "year": 2017, "month": 9}}, {"type": "Feature", "geometry": {"type": "Point", "coordinates": [116.55, -8.16]}, "properties": {"magnitude": 3.4, "mag_category": "Light", "depth": 188.0, "depth_category": "Intermediate", "date": "2017-05-12 00:00:00", "time": "02:32:11.622000", "region": "Sumbawa Region - Indonesia", "year": 2017, "month": 5}}, {"type": "Feature", "geometry": {"type": "Point", "coordinates": [120.48, -1.19]}, "properties": {"magnitude": 3.1, "mag_category": "Light", "depth": 10.0, "depth_category": "Shallow", "date": "2017-07-09 00:00:00", "time": "19:09:17.533000", "region": "Sulawesi - Indonesia", "year": 2017, "month": 7}}, {"type": "Feature", "geometry": {"type": "Point", "coordinates": [115.17, -9.31]}, "properties": {"magnitude": 3.3, "mag_category": "Light", "depth": 32.0, "depth_category": "Shallow", "date": "2017-11-16 00:00:00", "time": "01:49:51.641000", "region": "South of Bali - Indonesia", "year": 2017, "month": 11}}, {"type": "Feature", "geometry": {"type": "Point", "coordinates": [107.27, -7.64]}, "properties": {"magnitude": 2.7, "mag_category": "Minor", "depth": 61.0, "depth_category": "Shallow", "date": "2017-10-18 00:00:00", "time": "07:55:46.337000", "region": "Java - Indonesia", "year": 2017, "month": 10}}, {"type": "Feature", "geometry": {"type": "Point", "coordinates": [102.83, -2.41]}, "properties": {"magnitude": 3.7, "mag_category": "Light", "depth": 16.0, "depth_category": "Shallow", "date": "2017-01-31 00:00:00", "time": "06:34:47.776000", "region": "Southern Sumatra - Indonesia", "year": 2017, "month": 1}}, {"type": "Feature", "geometry": {"type": "Point", "coordinates": [130.91, -5.95]}, "properties": {"magnitude": 4.4, "mag_category": "Moderate", "depth": 24.0, "depth_category": "Shallow", "date": "2017-07-24 00:00:00", "time": "23:59:23.990000", "region": "Banda Sea", "year": 2017, "month": 7}}, {"type": "Feature", "geometry": {"type": "Point", "coordinates": [120.55, -1.31]}, "properties": {"magnitude": 3.7, "mag_category": "Light", "depth": 10.0, "depth_category": "Shallow", "date": "2017-09-30 00:00:00", "time": "00:47:14.959000", "region": "Sulawesi - Indonesia", "year": 2017, "month": 9}}, {"type": "Feature", "geometry": {"type": "Point", "coordinates": [122.45, -8.53]}, "properties": {"magnitude": 4.8, "mag_category": "Moderate", "depth": 187.0, "depth_category": "Intermediate", "date": "2017-07-04 00:00:00", "time": "09:25:11.134000", "region": "Flores Region - Indonesia", "year": 2017, "month": 7}}, {"type": "Feature", "geometry": {"type": "Point", "coordinates": [123.63, -7.84]}, "properties": {"magnitude": 3.5, "mag_category": "Light", "depth": 10.0, "depth_category": "Shallow", "date": "2017-08-11 00:00:00", "time": "10:53:31.627000", "region": "Banda Sea", "year": 2017, "month": 8}}, {"type": "Feature", "geometry": {"type": "Point", "coordinates": [108.13, -8.75]}, "properties": {"magnitude": 3.9, "mag_category": "Light", "depth": 10.0, "depth_category": "Shallow", "date": "2017-07-17 00:00:00", "time": "06:50:44.981000", "region": "Java - Indonesia", "year": 2017, "month": 7}}, {"type": "Feature", "geometry": {"type": "Point", "coordinates": [120.31, -1.26]}, "properties": {"magnitude": 3.3, "mag_category": "Light", "depth": 10.0, "depth_category": "Shallow", "date": "2017-05-29 00:00:00", "time": "18:42:19.809000", "region": "Sulawesi - Indonesia", "year": 2017, "month": 5}}, {"type": "Feature", "geometry": {"type": "Point", "coordinates": [115.47, -8.31]}, "properties": {"magnitude": 2.6, "mag_category": "Minor", "depth": 11.0, "depth_category": "Shallow", "date": "2017-09-24 00:00:00", "time": "18:26:54.969000", "region": "Bali Region - Indonesia", "year": 2017, "month": 9}}, {"type": "Feature", "geometry": {"type": "Point", "coordinates": [120.57, -8.47]}, "properties": {"magnitude": 3.8, "mag_category": "Light", "depth": 165.0, "depth_category": "Intermediate", "date": "2017-02-13 00:00:00", "time": "07:21:07.317000", "region": "Flores Region - Indonesia", "year": 2017, "month": 2}}, {"type": "Feature", "geometry": {"type": "Point", "coordinates": [134.28, -2.39]}, "properties": {"magnitude": 3.8, "mag_category": "Light", "depth": 13.0, "depth_category": "Shallow", "date": "2017-08-18 00:00:00", "time": "09:23:09.823000", "region": "Irian Jaya Region - Indonesia", "year": 2017, "month": 8}}, {"type": "Feature", "geometry": {"type": "Point", "coordinates": [121.52, 0.43]}, "properties": {"magnitude": 2.7, "mag_category": "Minor", "depth": 85.0, "depth_category": "Intermediate", "date": "2017-11-08 00:00:00", "time": "10:32:21.030000", "region": "Minahassa Peninsula - Sulawesi", "year": 2017, "month": 11}}, {"type": "Feature", "geometry": {"type": "Point", "coordinates": [107.36, -8.11]}, "properties": {"magnitude": 3.1, "mag_category": "Light", "depth": 15.0, "depth_category": "Shallow", "date": "2017-12-20 00:00:00", "time": "15:14:06.327000", "region": "Java - Indonesia", "year": 2017, "month": 12}}, {"type": "Feature", "geometry": {"type": "Point", "coordinates": [101.92, -4.47]}, "properties": {"magnitude": 4.8, "mag_category": "Moderate", "depth": 62.0, "depth_category": "Shallow", "date": "2017-12-22 00:00:00", "time": "17:41:16.114000", "region": "Southern Sumatra - Indonesia", "year": 2017, "month": 12}}, {"type": "Feature", "geometry": {"type": "Point", "coordinates": [120.32, 1.14]}, "properties": {"magnitude": 4.3, "mag_category": "Moderate", "depth": 10.0, "depth_category": "Shallow", "date": "2017-12-27 00:00:00", "time": "12:46:57.171000", "region": "Minahassa Peninsula - Sulawesi", "year": 2017, "month": 12}}, {"type": "Feature", "geometry": {"type": "Point", "coordinates": [110.8, -8.76]}, "properties": {"magnitude": 3.7, "mag_category": "Light", "depth": 90.0, "depth_category": "Intermediate", "date": "2017-10-27 00:00:00", "time": "05:53:57.716000", "region": "Java - Indonesia", "year": 2017, "month": 10}}, {"type": "Feature", "geometry": {"type": "Point", "coordinates": [127.49, -7.7]}, "properties": {"magnitude": 4.3, "mag_category": "Moderate", "depth": 173.0, "depth_category": "Intermediate", "date": "2017-10-08 00:00:00", "time": "06:33:33.013000", "region": "Banda Sea", "year": 2017, "month": 10}}, {"type": "Feature", "geometry": {"type": "Point", "coordinates": [119.25, -10.7]}, "properties": {"magnitude": 4.7, "mag_category": "Moderate", "depth": 53.0, "depth_category": "Shallow", "date": "2017-01-05 00:00:00", "time": "18:48:59.296000", "region": "Sumba Region - Indonesia", "year": 2017, "month": 1}}, {"type": "Feature", "geometry": {"type": "Point", "coordinates": [115.44, -8.28]}, "properties": {"magnitude": 2.8, "mag_category": "Minor", "depth": 16.0, "depth_category": "Shallow", "date": "2017-09-26 00:00:00", "time": "04:02:06.458000", "region": "Bali Region - Indonesia", "year": 2017, "month": 9}}, {"type": "Feature", "geometry": {"type": "Point", "coordinates": [109.95, -8.88]}, "properties": {"magnitude": 3.8, "mag_category": "Light", "depth": 10.0, "depth_category": "Shallow", "date": "2017-05-06 00:00:00", "time": "23:17:49.857000", "region": "Java - Indonesia", "year": 2017, "month": 5}}, {"type": "Feature", "geometry": {"type": "Point", "coordinates": [115.45, -8.33]}, "properties": {"magnitude": 2.6, "mag_category": "Minor", "depth": 10.0, "depth_category": "Shallow", "date": "2017-09-23 00:00:00", "time": "19:16:31.894000", "region": "Bali Region - Indonesia", "year": 2017, "month": 9}}, {"type": "Feature", "geometry": {"type": "Point", "coordinates": [115.51, -8.25]}, "properties": {"magnitude": 2.7, "mag_category": "Minor", "depth": 14.0, "depth_category": "Shallow", "date": "2017-09-27 00:00:00", "time": "07:16:10.841000", "region": "Bali Region - Indonesia", "year": 2017, "month": 9}}, {"type": "Feature", "geometry": {"type": "Point", "coordinates": [117.6, -9.24]}, "properties": {"magnitude": 2.8, "mag_category": "Minor", "depth": 55.0, "depth_category": "Shallow", "date": "2017-01-26 00:00:00", "time": "12:32:12.035000", "region": "Sumbawa Region - Indonesia", "year": 2017, "month": 1}}, {"type": "Feature", "geometry": {"type": "Point", "coordinates": [126.9, -4.21]}, "properties": {"magnitude": 4.3, "mag_category": "Moderate", "depth": 302.0, "depth_category": "Deep", "date": "2017-06-10 00:00:00", "time": "15:51:06.082000", "region": "Banda Sea", "year": 2017, "month": 6}}, {"type": "Feature", "geometry": {"type": "Point", "coordinates": [136.92, -3.05]}, "properties": {"magnitude": 5.0, "mag_category": "Strong", "depth": 48.0, "depth_category": "Shallow", "date": "2017-03-25 00:00:00", "time": "20:03:56.956000", "region": "Irian Jaya - Indonesia", "year": 2017, "month": 3}}, {"type": "Feature", "geometry": {"type": "Point", "coordinates": [98.62, 1.6]}, "properties": {"magnitude": 4.6, "mag_category": "Moderate", "depth": 85.0, "depth_category": "Intermediate", "date": "2017-04-30 00:00:00", "time": "08:28:51.599000", "region": "Northern Sumatra - Indonesia", "year": 2017, "month": 4}}, {"type": "Feature", "geometry": {"type": "Point", "coordinates": [126.05, 2.8]}, "properties": {"magnitude": 5.2, "mag_category": "Strong", "depth": 116.0, "depth_category": "Intermediate", "date": "2017-03-29 00:00:00", "time": "03:30:26.247000", "region": "Northern Molucca Sea", "year": 2017, "month": 3}}, {"type": "Feature", "geometry": {"type": "Point", "coordinates": [115.47, -8.37]}, "properties": {"magnitude": 2.6, "mag_category": "Minor", "depth": 10.0, "depth_category": "Shallow", "date": "2017-09-21 00:00:00", "time": "15:47:13.056000", "region": "Bali Region - Indonesia", "year": 2017, "month": 9}}, {"type": "Feature", "geometry": {"type": "Point", "coordinates": [107.6, -7.34]}, "properties": {"magnitude": 3.8, "mag_category": "Light", "depth": 10.0, "depth_category": "Shallow", "date": "2017-08-25 00:00:00", "time": "06:02:36.302000", "region": "Java - Indonesia", "year": 2017, "month": 8}}, {"type": "Feature", "geometry": {"type": "Point", "coordinates": [122.54, 0.75]}, "properties": {"magnitude": 2.0, "mag_category": "Minor", "depth": 10.0, "depth_category": "Shallow", "date": "2017-06-13 00:00:00", "time": "19:29:26.007000", "region": "Minahassa Peninsula - Sulawesi", "year": 2017, "month": 6}}, {"type": "Feature", "geometry": {"type": "Point", "coordinates": [126.54, 0.84]}, "properties": {"magnitude": 4.3, "mag_category": "Moderate", "depth": 10.0, "depth_category": "Shallow", "date": "2017-04-03 00:00:00", "time": "05:32:48.989000", "region": "Northern Molucca Sea", "year": 2017, "month": 4}}, {"type": "Feature", "geometry": {"type": "Point", "coordinates": [98.73, 0.59]}, "properties": {"magnitude": 3.4, "mag_category": "Light", "depth": 81.0, "depth_category": "Intermediate", "date": "2017-03-12 00:00:00", "time": "15:42:24.351000", "region": "Northern Sumatra - Indonesia", "year": 2017, "month": 3}}, {"type": "Feature", "geometry": {"type": "Point", "coordinates": [126.17, 0.96]}, "properties": {"magnitude": 3.0, "mag_category": "Light", "depth": 10.0, "depth_category": "Shallow", "date": "2017-11-05 00:00:00", "time": "20:27:07.256000", "region": "Northern Molucca Sea", "year": 2017, "month": 11}}, {"type": "Feature", "geometry": {"type": "Point", "coordinates": [122.44, 1.45]}, "properties": {"magnitude": 4.2, "mag_category": "Moderate", "depth": 10.0, "depth_category": "Shallow", "date": "2017-12-06 00:00:00", "time": "05:29:41.131000", "region": "Minahassa Peninsula - Sulawesi", "year": 2017, "month": 12}}, {"type": "Feature", "geometry": {"type": "Point", "coordinates": [118.92, -8.81]}, "properties": {"magnitude": 5.2, "mag_category": "Strong", "depth": 121.0, "depth_category": "Intermediate", "date": "2017-10-30 00:00:00", "time": "22:37:20.075000", "region": "Sumbawa Region - Indonesia", "year": 2017, "month": 10}}, {"type": "Feature", "geometry": {"type": "Point", "coordinates": [120.3, -1.26]}, "properties": {"magnitude": 3.6, "mag_category": "Light", "depth": 10.0, "depth_category": "Shallow", "date": "2017-06-09 00:00:00", "time": "08:52:47.508000", "region": "Sulawesi - Indonesia", "year": 2017, "month": 6}}, {"type": "Feature", "geometry": {"type": "Point", "coordinates": [118.11, -9.3]}, "properties": {"magnitude": 3.7, "mag_category": "Light", "depth": 48.0, "depth_category": "Shallow", "date": "2017-04-16 00:00:00", "time": "10:45:51.501000", "region": "Sumbawa Region - Indonesia", "year": 2017, "month": 4}}, {"type": "Feature", "geometry": {"type": "Point", "coordinates": [126.46, 1.79]}, "properties": {"magnitude": 4.0, "mag_category": "Moderate", "depth": 27.0, "depth_category": "Shallow", "date": "2017-12-19 00:00:00", "time": "21:05:24.455000", "region": "Northern Molucca Sea", "year": 2017, "month": 12}}, {"type": "Feature", "geometry": {"type": "Point", "coordinates": [134.13, -0.82]}, "properties": {"magnitude": 3.2, "mag_category": "Light", "depth": 34.0, "depth_category": "Shallow", "date": "2017-03-29 00:00:00", "time": "23:58:05.238000", "region": "Irian Jaya Region - Indonesia", "year": 2017, "month": 3}}, {"type": "Feature", "geometry": {"type": "Point", "coordinates": [122.35, 0.55]}, "properties": {"magnitude": 3.1, "mag_category": "Light", "depth": 57.0, "depth_category": "Shallow", "date": "2017-06-07 00:00:00", "time": "23:32:46.903000", "region": "Minahassa Peninsula - Sulawesi", "year": 2017, "month": 6}}, {"type": "Feature", "geometry": {"type": "Point", "coordinates": [140.74, -2.66]}, "properties": {"magnitude": 4.7, "mag_category": "Moderate", "depth": 10.0, "depth_category": "Shallow", "date": "2017-10-28 00:00:00", "time": "12:15:23.241000", "region": "Near North Coast of Irian Jaya", "year": 2017, "month": 10}}, {"type": "Feature", "geometry": {"type": "Point", "coordinates": [115.48, -8.29]}, "properties": {"magnitude": 3.2, "mag_category": "Light", "depth": 10.0, "depth_category": "Shallow", "date": "2017-09-27 00:00:00", "time": "03:59:32.817000", "region": "Bali Region - Indonesia", "year": 2017, "month": 9}}, {"type": "Feature", "geometry": {"type": "Point", "coordinates": [106.2, -7.16]}, "properties": {"magnitude": 3.6, "mag_category": "Light", "depth": 18.0, "depth_category": "Shallow", "date": "2017-05-04 00:00:00", "time": "13:25:24.245000", "region": "Java - Indonesia", "year": 2017, "month": 5}}, {"type": "Feature", "geometry": {"type": "Point", "coordinates": [98.48, 3.28]}, "properties": {"magnitude": 2.4, "mag_category": "Minor", "depth": 10.0, "depth_category": "Shallow", "date": "2017-02-16 00:00:00", "time": "02:22:32.003000", "region": "Northern Sumatra - Indonesia", "year": 2017, "month": 2}}, {"type": "Feature", "geometry": {"type": "Point", "coordinates": [110.08, -5.82]}, "properties": {"magnitude": 4.7, "mag_category": "Moderate", "depth": 559.0, "depth_category": "Deep", "date": "2017-05-05 00:00:00", "time": "02:53:33.639000", "region": "Java Sea", "year": 2017, "month": 5}}, {"type": "Feature", "geometry": {"type": "Point", "coordinates": [96.51, 3.92]}, "properties": {"magnitude": 3.9, "mag_category": "Light", "depth": 83.0, "depth_category": "Intermediate", "date": "2017-05-25 00:00:00", "time": "17:34:08.234000", "region": "Northern Sumatra - Indonesia", "year": 2017, "month": 5}}, {"type": "Feature", "geometry": {"type": "Point", "coordinates": [122.17, -2.81]}, "properties": {"magnitude": 3.6, "mag_category": "Light", "depth": 22.0, "depth_category": "Shallow", "date": "2017-07-05 00:00:00", "time": "18:13:57.535000", "region": "Sulawesi - Indonesia", "year": 2017, "month": 7}}, {"type": "Feature", "geometry": {"type": "Point", "coordinates": [98.5, 0.2]}, "properties": {"magnitude": 4.3, "mag_category": "Moderate", "depth": 38.0, "depth_category": "Shallow", "date": "2017-10-01 00:00:00", "time": "16:02:40.218000", "region": "Northern Sumatra - Indonesia", "year": 2017, "month": 10}}, {"type": "Feature", "geometry": {"type": "Point", "coordinates": [121.39, 0.45]}, "properties": {"magnitude": 1.9, "mag_category": "Minor", "depth": 82.0, "depth_category": "Intermediate", "date": "2017-04-09 00:00:00", "time": "15:24:21.067000", "region": "Minahassa Peninsula - Sulawesi", "year": 2017, "month": 4}}, {"type": "Feature", "geometry": {"type": "Point", "coordinates": [121.83, -0.0]}, "properties": {"magnitude": 2.3, "mag_category": "Minor", "depth": 164.0, "depth_category": "Intermediate", "date": "2017-08-08 00:00:00", "time": "14:12:22.681000", "region": "Minahassa Peninsula - Sulawesi", "year": 2017, "month": 8}}, {"type": "Feature", "geometry": {"type": "Point", "coordinates": [100.94, -2.74]}, "properties": {"magnitude": 3.6, "mag_category": "Light", "depth": 24.0, "depth_category": "Shallow", "date": "2017-12-29 00:00:00", "time": "19:35:35.228000", "region": "Southern Sumatra - Indonesia", "year": 2017, "month": 12}}, {"type": "Feature", "geometry": {"type": "Point", "coordinates": [121.22, 0.51]}, "properties": {"magnitude": 2.0, "mag_category": "Minor", "depth": 11.0, "depth_category": "Shallow", "date": "2017-03-22 00:00:00", "time": "19:06:08.179000", "region": "Minahassa Peninsula - Sulawesi", "year": 2017, "month": 3}}, {"type": "Feature", "geometry": {"type": "Point", "coordinates": [124.17, -0.0]}, "properties": {"magnitude": 4.0, "mag_category": "Moderate", "depth": 58.0, "depth_category": "Shallow", "date": "2017-09-06 00:00:00", "time": "02:07:14.845000", "region": "Southern Molucca Sea", "year": 2017, "month": 9}}, {"type": "Feature", "geometry": {"type": "Point", "coordinates": [106.08, -8.94]}, "properties": {"magnitude": 3.8, "mag_category": "Light", "depth": 10.0, "depth_category": "Shallow", "date": "2017-06-29 00:00:00", "time": "12:09:59.030000", "region": "South of Java - Indonesia", "year": 2017, "month": 6}}, {"type": "Feature", "geometry": {"type": "Point", "coordinates": [126.79, 2.24]}, "properties": {"magnitude": 3.9, "mag_category": "Light", "depth": 10.0, "depth_category": "Shallow", "date": "2017-09-01 00:00:00", "time": "21:41:57.420000", "region": "Northern Molucca Sea", "year": 2017, "month": 9}}, {"type": "Feature", "geometry": {"type": "Point", "coordinates": [117.46, -9.32]}, "properties": {"magnitude": 2.7, "mag_category": "Minor", "depth": 83.0, "depth_category": "Intermediate", "date": "2017-02-22 00:00:00", "time": "03:51:55.617000", "region": "Sumbawa Region - Indonesia", "year": 2017, "month": 2}}, {"type": "Feature", "geometry": {"type": "Point", "coordinates": [131.11, -3.26]}, "properties": {"magnitude": 2.9, "mag_category": "Minor", "depth": 37.0, "depth_category": "Shallow", "date": "2017-12-09 00:00:00", "time": "18:41:47.929000", "region": "Irian Jaya Region - Indonesia", "year": 2017, "month": 12}}, {"type": "Feature", "geometry": {"type": "Point", "coordinates": [106.26, -6.85]}, "properties": {"magnitude": 3.1, "mag_category": "Light", "depth": 54.0, "depth_category": "Shallow", "date": "2017-04-10 00:00:00", "time": "07:41:25.311000", "region": "Java - Indonesia", "year": 2017, "month": 4}}, {"type": "Feature", "geometry": {"type": "Point", "coordinates": [101.39, -5.66]}, "properties": {"magnitude": 4.8, "mag_category": "Moderate", "depth": 10.0, "depth_category": "Shallow", "date": "2017-07-26 00:00:00", "time": "00:21:50.676000", "region": "Southwest of Sumatra - Indonesia", "year": 2017, "month": 7}}, {"type": "Feature", "geometry": {"type": "Point", "coordinates": [127.94, -3.95]}, "properties": {"magnitude": 2.5, "mag_category": "Minor", "depth": 10.0, "depth_category": "Shallow", "date": "2017-11-04 00:00:00", "time": "04:20:03.279000", "region": "Seram - Indonesia", "year": 2017, "month": 11}}, {"type": "Feature", "geometry": {"type": "Point", "coordinates": [127.21, -3.41]}, "properties": {"magnitude": 4.4, "mag_category": "Moderate", "depth": 85.0, "depth_category": "Intermediate", "date": "2017-04-10 00:00:00", "time": "14:34:30.830000", "region": "Seram - Indonesia", "year": 2017, "month": 4}}, {"type": "Feature", "geometry": {"type": "Point", "coordinates": [105.47, -6.06]}, "properties": {"magnitude": 2.9, "mag_category": "Minor", "depth": 10.0, "depth_category": "Shallow", "date": "2017-03-18 00:00:00", "time": "17:32:45.409000", "region": "Sunda Strait - Indonesia", "year": 2017, "month": 3}}, {"type": "Feature", "geometry": {"type": "Point", "coordinates": [125.3, -7.22]}, "properties": {"magnitude": 4.7, "mag_category": "Moderate", "depth": 478.0, "depth_category": "Deep", "date": "2017-12-17 00:00:00", "time": "21:34:01.109000", "region": "Banda Sea", "year": 2017, "month": 12}}, {"type": "Feature", "geometry": {"type": "Point", "coordinates": [115.44, -8.31]}, "properties": {"magnitude": 2.5, "mag_category": "Minor", "depth": 10.0, "depth_category": "Shallow", "date": "2017-09-23 00:00:00", "time": "14:39:45.056000", "region": "Bali Region - Indonesia", "year": 2017, "month": 9}}, {"type": "Feature", "geometry": {"type": "Point", "coordinates": [130.18, -6.78]}, "properties": {"magnitude": 4.3, "mag_category": "Moderate", "depth": 198.0, "depth_category": "Intermediate", "date": "2017-01-10 00:00:00", "time": "07:51:05.791000", "region": "Banda Sea", "year": 2017, "month": 1}}, {"type": "Feature", "geometry": {"type": "Point", "coordinates": [115.47, -8.34]}, "properties": {"magnitude": 4.1, "mag_category": "Moderate", "depth": 10.0, "depth_category": "Shallow", "date": "2017-09-27 00:00:00", "time": "05:12:10.578000", "region": "Bali Region - Indonesia", "year": 2017, "month": 9}}, {"type": "Feature", "geometry": {"type": "Point", "coordinates": [98.5, 3.28]}, "properties": {"magnitude": 2.8, "mag_category": "Minor", "depth": 10.0, "depth_category": "Shallow", "date": "2017-02-22 00:00:00", "time": "05:55:21.199000", "region": "Northern Sumatra - Indonesia", "year": 2017, "month": 2}}, {"type": "Feature", "geometry": {"type": "Point", "coordinates": [121.72, -2.6]}, "properties": {"magnitude": 4.2, "mag_category": "Moderate", "depth": 18.0, "depth_category": "Shallow", "date": "2017-06-17 00:00:00", "time": "16:57:13.120000", "region": "Sulawesi - Indonesia", "year": 2017, "month": 6}}, {"type": "Feature", "geometry": {"type": "Point", "coordinates": [115.46, -8.29]}, "properties": {"magnitude": 2.7, "mag_category": "Minor", "depth": 10.0, "depth_category": "Shallow", "date": "2017-09-24 00:00:00", "time": "05:47:13.058000", "region": "Bali Region - Indonesia", "year": 2017, "month": 9}}, {"type": "Feature", "geometry": {"type": "Point", "coordinates": [138.54, -2.98]}, "properties": {"magnitude": 4.4, "mag_category": "Moderate", "depth": 10.0, "depth_category": "Shallow", "date": "2017-11-22 00:00:00", "time": "22:11:50.901000", "region": "Irian Jaya - Indonesia", "year": 2017, "month": 11}}, {"type": "Feature", "geometry": {"type": "Point", "coordinates": [126.65, 1.92]}, "properties": {"magnitude": 3.7, "mag_category": "Light", "depth": 10.0, "depth_category": "Shallow", "date": "2017-05-23 00:00:00", "time": "16:33:01.194000", "region": "Northern Molucca Sea", "year": 2017, "month": 5}}, {"type": "Feature", "geometry": {"type": "Point", "coordinates": [123.73, -8.82]}, "properties": {"magnitude": 2.6, "mag_category": "Minor", "depth": 21.0, "depth_category": "Shallow", "date": "2017-12-29 00:00:00", "time": "22:16:07.237000", "region": "Flores Region - Indonesia", "year": 2017, "month": 12}}, {"type": "Feature", "geometry": {"type": "Point", "coordinates": [140.35, -2.69]}, "properties": {"magnitude": 2.5, "mag_category": "Minor", "depth": 10.0, "depth_category": "Shallow", "date": "2017-08-20 00:00:00", "time": "00:00:55.623000", "region": "Near North Coast of Irian Jaya", "year": 2017, "month": 8}}, {"type": "Feature", "geometry": {"type": "Point", "coordinates": [127.04, 3.5]}, "properties": {"magnitude": 4.7, "mag_category": "Moderate", "depth": 80.0, "depth_category": "Intermediate", "date": "2017-09-17 00:00:00", "time": "11:04:21.210000", "region": "Talaud Islands - Indonesia", "year": 2017, "month": 9}}, {"type": "Feature", "geometry": {"type": "Point", "coordinates": [128.17, -6.08]}, "properties": {"magnitude": 4.4, "mag_category": "Moderate", "depth": 356.0, "depth_category": "Deep", "date": "2017-07-19 00:00:00", "time": "17:20:48.179000", "region": "Banda Sea", "year": 2017, "month": 7}}, {"type": "Feature", "geometry": {"type": "Point", "coordinates": [103.39, -5.27]}, "properties": {"magnitude": 4.5, "mag_category": "Moderate", "depth": 18.0, "depth_category": "Shallow", "date": "2017-11-18 00:00:00", "time": "13:48:28.513000", "region": "Southern Sumatra - Indonesia", "year": 2017, "month": 11}}, {"type": "Feature", "geometry": {"type": "Point", "coordinates": [120.36, -1.19]}, "properties": {"magnitude": 3.8, "mag_category": "Light", "depth": 13.0, "depth_category": "Shallow", "date": "2017-08-17 00:00:00", "time": "11:10:38.779000", "region": "Sulawesi - Indonesia", "year": 2017, "month": 8}}, {"type": "Feature", "geometry": {"type": "Point", "coordinates": [128.1, -2.93]}, "properties": {"magnitude": 2.5, "mag_category": "Minor", "depth": 62.0, "depth_category": "Shallow", "date": "2017-03-24 00:00:00", "time": "15:31:40.817000", "region": "Ceram Sea", "year": 2017, "month": 3}}, {"type": "Feature", "geometry": {"type": "Point", "coordinates": [108.73, -7.43]}, "properties": {"magnitude": 2.8, "mag_category": "Minor", "depth": 10.0, "depth_category": "Shallow", "date": "2017-05-14 00:00:00", "time": "04:24:24.389000", "region": "Java - Indonesia", "year": 2017, "month": 5}}, {"type": "Feature", "geometry": {"type": "Point", "coordinates": [124.13, -9.87]}, "properties": {"magnitude": 3.5, "mag_category": "Light", "depth": 10.0, "depth_category": "Shallow", "date": "2017-02-19 00:00:00", "time": "12:16:02.083000", "region": "Timor Region", "year": 2017, "month": 2}}, {"type": "Feature", "geometry": {"type": "Point", "coordinates": [129.8, -6.9]}, "properties": {"magnitude": 4.2, "mag_category": "Moderate", "depth": 186.0, "depth_category": "Intermediate", "date": "2017-02-07 00:00:00", "time": "14:34:22.603000", "region": "Banda Sea", "year": 2017, "month": 2}}, {"type": "Feature", "geometry": {"type": "Point", "coordinates": [134.3, -1.48]}, "properties": {"magnitude": 3.6, "mag_category": "Light", "depth": 11.0, "depth_category": "Shallow", "date": "2017-04-20 00:00:00", "time": "11:05:11.926000", "region": "Irian Jaya Region - Indonesia", "year": 2017, "month": 4}}, {"type": "Feature", "geometry": {"type": "Point", "coordinates": [103.78, -6.75]}, "properties": {"magnitude": 4.6, "mag_category": "Moderate", "depth": 41.0, "depth_category": "Shallow", "date": "2017-09-01 00:00:00", "time": "04:23:38.311000", "region": "Southwest of Sumatra - Indonesia", "year": 2017, "month": 9}}, {"type": "Feature", "geometry": {"type": "Point", "coordinates": [125.6, 4.72]}, "properties": {"magnitude": 4.6, "mag_category": "Moderate", "depth": 184.0, "depth_category": "Intermediate", "date": "2017-07-13 00:00:00", "time": "07:12:24.200000", "region": "Talaud Islands - Indonesia", "year": 2017, "month": 7}}, {"type": "Feature", "geometry": {"type": "Point", "coordinates": [120.27, -1.23]}, "properties": {"magnitude": 3.2, "mag_category": "Light", "depth": 10.0, "depth_category": "Shallow", "date": "2017-07-03 00:00:00", "time": "11:13:33.476000", "region": "Sulawesi - Indonesia", "year": 2017, "month": 7}}, {"type": "Feature", "geometry": {"type": "Point", "coordinates": [107.57, -7.3]}, "properties": {"magnitude": 3.3, "mag_category": "Light", "depth": 10.0, "depth_category": "Shallow", "date": "2017-08-25 00:00:00", "time": "00:34:13.533000", "region": "Java - Indonesia", "year": 2017, "month": 8}}, {"type": "Feature", "geometry": {"type": "Point", "coordinates": [120.12, -9.54]}, "properties": {"magnitude": 5.7, "mag_category": "Strong", "depth": 82.0, "depth_category": "Intermediate", "date": "2017-01-07 00:00:00", "time": "09:11:59.647000", "region": "Sumba Region - Indonesia", "year": 2017, "month": 1}}, {"type": "Feature", "geometry": {"type": "Point", "coordinates": [122.31, 0.18]}, "properties": {"magnitude": 2.8, "mag_category": "Minor", "depth": 82.0, "depth_category": "Intermediate", "date": "2017-09-30 00:00:00", "time": "07:30:57.049000", "region": "Minahassa Peninsula - Sulawesi", "year": 2017, "month": 9}}, {"type": "Feature", "geometry": {"type": "Point", "coordinates": [101.52, -6.76]}, "properties": {"magnitude": 4.7, "mag_category": "Moderate", "depth": 10.0, "depth_category": "Shallow", "date": "2017-08-23 00:00:00", "time": "05:39:33.053000", "region": "Southwest of Sumatra - Indonesia", "year": 2017, "month": 8}}, {"type": "Feature", "geometry": {"type": "Point", "coordinates": [112.95, -10.17]}, "properties": {"magnitude": 3.9, "mag_category": "Light", "depth": 12.0, "depth_category": "Shallow", "date": "2017-02-18 00:00:00", "time": "18:13:35.260000", "region": "South of Java - Indonesia", "year": 2017, "month": 2}}, {"type": "Feature", "geometry": {"type": "Point", "coordinates": [115.54, -8.31]}, "properties": {"magnitude": 2.5, "mag_category": "Minor", "depth": 10.0, "depth_category": "Shallow", "date": "2017-11-08 00:00:00", "time": "22:23:46.226000", "region": "Bali Region - Indonesia", "year": 2017, "month": 11}}, {"type": "Feature", "geometry": {"type": "Point", "coordinates": [121.7, -2.61]}, "properties": {"magnitude": 3.3, "mag_category": "Light", "depth": 10.0, "depth_category": "Shallow", "date": "2017-09-26 00:00:00", "time": "19:32:18.063000", "region": "Sulawesi - Indonesia", "year": 2017, "month": 9}}, {"type": "Feature", "geometry": {"type": "Point", "coordinates": [116.49, -8.58]}, "properties": {"magnitude": 2.9, "mag_category": "Minor", "depth": 17.0, "depth_category": "Shallow", "date": "2018-08-03 00:00:00", "time": "23:56:38.567000", "region": "Sumbawa Region - Indonesia", "year": 2018, "month": 8}}, {"type": "Feature", "geometry": {"type": "Point", "coordinates": [119.97, -0.56]}, "properties": {"magnitude": 3.5, "mag_category": "Light", "depth": 10.0, "depth_category": "Shallow", "date": "2018-09-29 00:00:00", "time": "14:11:09.029000", "region": "Minahassa Peninsula - Sulawesi", "year": 2018, "month": 9}}, {"type": "Feature", "geometry": {"type": "Point", "coordinates": [127.49, -2.95]}, "properties": {"magnitude": 4.3, "mag_category": "Moderate", "depth": 10.0, "depth_category": "Shallow", "date": "2018-02-09 00:00:00", "time": "02:22:33.989000", "region": "Ceram Sea", "year": 2018, "month": 2}}, {"type": "Feature", "geometry": {"type": "Point", "coordinates": [120.16, -1.34]}, "properties": {"magnitude": 4.2, "mag_category": "Moderate", "depth": 10.0, "depth_category": "Shallow", "date": "2018-09-29 00:00:00", "time": "02:15:44.202000", "region": "Sulawesi - Indonesia", "year": 2018, "month": 9}}, {"type": "Feature", "geometry": {"type": "Point", "coordinates": [120.49, -1.25]}, "properties": {"magnitude": 4.7, "mag_category": "Moderate", "depth": 10.0, "depth_category": "Shallow", "date": "2018-11-02 00:00:00", "time": "03:04:47.181000", "region": "Sulawesi - Indonesia", "year": 2018, "month": 11}}, {"type": "Feature", "geometry": {"type": "Point", "coordinates": [116.28, -8.62]}, "properties": {"magnitude": 3.2, "mag_category": "Light", "depth": 57.0, "depth_category": "Shallow", "date": "2018-01-13 00:00:00", "time": "01:11:02.573000", "region": "Sumbawa Region - Indonesia", "year": 2018, "month": 1}}, {"type": "Feature", "geometry": {"type": "Point", "coordinates": [129.0, -5.86]}, "properties": {"magnitude": 4.5, "mag_category": "Moderate", "depth": 306.0, "depth_category": "Deep", "date": "2018-12-26 00:00:00", "time": "01:09:32", "region": "Banda Sea", "year": 2018, "month": 12}}, {"type": "Feature", "geometry": {"type": "Point", "coordinates": [120.07, -1.55]}, "properties": {"magnitude": 3.4, "mag_category": "Light", "depth": 10.0, "depth_category": "Shallow", "date": "2018-11-03 00:00:00", "time": "17:07:57.968000", "region": "Sulawesi - Indonesia", "year": 2018, "month": 11}}, {"type": "Feature", "geometry": {"type": "Point", "coordinates": [122.06, 0.3]}, "properties": {"magnitude": 2.6, "mag_category": "Minor", "depth": 19.0, "depth_category": "Shallow", "date": "2018-06-29 00:00:00", "time": "06:53:04.856000", "region": "Minahassa Peninsula - Sulawesi", "year": 2018, "month": 6}}, {"type": "Feature", "geometry": {"type": "Point", "coordinates": [112.91, -9.07]}, "properties": {"magnitude": 3.6, "mag_category": "Light", "depth": 11.0, "depth_category": "Shallow", "date": "2018-07-19 00:00:00", "time": "13:20:36.240000", "region": "South of Java - Indonesia", "year": 2018, "month": 7}}, {"type": "Feature", "geometry": {"type": "Point", "coordinates": [119.46, -2.93]}, "properties": {"magnitude": 3.3, "mag_category": "Light", "depth": 10.0, "depth_category": "Shallow", "date": "2018-11-15 00:00:00", "time": "15:04:27.039000", "region": "Sulawesi - Indonesia", "year": 2018, "month": 11}}, {"type": "Feature", "geometry": {"type": "Point", "coordinates": [123.12, -0.09]}, "properties": {"magnitude": 2.4, "mag_category": "Minor", "depth": 116.0, "depth_category": "Intermediate", "date": "2018-06-11 00:00:00", "time": "16:31:57.268000", "region": "Minahassa Peninsula - Sulawesi", "year": 2018, "month": 6}}, {"type": "Feature", "geometry": {"type": "Point", "coordinates": [108.47, -8.52]}, "properties": {"magnitude": 4.1, "mag_category": "Moderate", "depth": 52.0, "depth_category": "Shallow", "date": "2018-05-15 00:00:00", "time": "16:41:29.400000", "region": "Java - Indonesia", "year": 2018, "month": 5}}, {"type": "Feature", "geometry": {"type": "Point", "coordinates": [116.44, -8.73]}, "properties": {"magnitude": 2.1, "mag_category": "Minor", "depth": 23.0, "depth_category": "Shallow", "date": "2018-08-01 00:00:00", "time": "19:18:21.401000", "region": "Sumbawa Region - Indonesia", "year": 2018, "month": 8}}, {"type": "Feature", "geometry": {"type": "Point", "coordinates": [110.91, -8.78]}, "properties": {"magnitude": 2.8, "mag_category": "Minor", "depth": 32.0, "depth_category": "Shallow", "date": "2018-07-16 00:00:00", "time": "03:32:11.298000", "region": "Java - Indonesia", "year": 2018, "month": 7}}, {"type": "Feature", "geometry": {"type": "Point", "coordinates": [131.39, -3.44]}, "properties": {"magnitude": 3.4, "mag_category": "Light", "depth": 32.0, "depth_category": "Shallow", "date": "2018-04-17 00:00:00", "time": "17:50:53.172000", "region": "Irian Jaya Region - Indonesia", "year": 2018, "month": 4}}, {"type": "Feature", "geometry": {"type": "Point", "coordinates": [105.3, -6.22]}, "properties": {"magnitude": 4.9, "mag_category": "Moderate", "depth": 51.0, "depth_category": "Shallow", "date": "2018-04-14 00:00:00", "time": "18:02:23.739000", "region": "Sunda Strait - Indonesia", "year": 2018, "month": 4}}, {"type": "Feature", "geometry": {"type": "Point", "coordinates": [127.14, 1.77]}, "properties": {"magnitude": 3.7, "mag_category": "Light", "depth": 91.0, "depth_category": "Intermediate", "date": "2018-09-30 00:00:00", "time": "21:39:33.505000", "region": "Halmahera - Indonesia", "year": 2018, "month": 9}}, {"type": "Feature", "geometry": {"type": "Point", "coordinates": [117.98, -9.45]}, "properties": {"magnitude": 2.3, "mag_category": "Minor", "depth": 15.0, "depth_category": "Shallow", "date": "2018-03-08 00:00:00", "time": "08:10:56.113000", "region": "Sumbawa Region - Indonesia", "year": 2018, "month": 3}}, {"type": "Feature", "geometry": {"type": "Point", "coordinates": [120.68, -5.67]}, "properties": {"magnitude": 2.5, "mag_category": "Minor", "depth": 10.0, "depth_category": "Shallow", "date": "2018-10-06 00:00:00", "time": "15:24:01.824000", "region": "Sulawesi - Indonesia", "year": 2018, "month": 10}}, {"type": "Feature", "geometry": {"type": "Point", "coordinates": [119.83, 0.04]}, "properties": {"magnitude": 5.8, "mag_category": "Strong", "depth": 14.0, "depth_category": "Shallow", "date": "2018-09-28 00:00:00", "time": "10:14:21.019000", "region": "Minahassa Peninsula - Sulawesi", "year": 2018, "month": 9}}, {"type": "Feature", "geometry": {"type": "Point", "coordinates": [116.89, -8.58]}, "properties": {"magnitude": 3.3, "mag_category": "Light", "depth": 25.0, "depth_category": "Shallow", "date": "2018-08-19 00:00:00", "time": "19:32:36.896000", "region": "Sumbawa Region - Indonesia", "year": 2018, "month": 8}}, {"type": "Feature", "geometry": {"type": "Point", "coordinates": [108.71, -8.56]}, "properties": {"magnitude": 4.3, "mag_category": "Moderate", "depth": 52.0, "depth_category": "Shallow", "date": "2018-12-16 00:00:00", "time": "22:19:27.076000", "region": "Java - Indonesia", "year": 2018, "month": 12}}, {"type": "Feature", "geometry": {"type": "Point", "coordinates": [123.79, 0.93]}, "properties": {"magnitude": 3.0, "mag_category": "Light", "depth": 10.0, "depth_category": "Shallow", "date": "2018-08-20 00:00:00", "time": "03:51:20.927000", "region": "Minahassa Peninsula - Sulawesi", "year": 2018, "month": 8}}, {"type": "Feature", "geometry": {"type": "Point", "coordinates": [106.71, -6.98]}, "properties": {"magnitude": 2.8, "mag_category": "Minor", "depth": 45.0, "depth_category": "Shallow", "date": "2018-03-08 00:00:00", "time": "09:33:13.203000", "region": "Java - Indonesia", "year": 2018, "month": 3}}, {"type": "Feature", "geometry": {"type": "Point", "coordinates": [122.25, -8.68]}, "properties": {"magnitude": 3.2, "mag_category": "Light", "depth": 31.0, "depth_category": "Shallow", "date": "2018-07-23 00:00:00", "time": "09:05:17.797000", "region": "Flores Region - Indonesia", "year": 2018, "month": 7}}, {"type": "Feature", "geometry": {"type": "Point", "coordinates": [130.56, -6.82]}, "properties": {"magnitude": 4.1, "mag_category": "Moderate", "depth": 162.0, "depth_category": "Intermediate", "date": "2018-11-23 00:00:00", "time": "18:01:40.280000", "region": "Banda Sea", "year": 2018, "month": 11}}, {"type": "Feature", "geometry": {"type": "Point", "coordinates": [123.04, 0.62]}, "properties": {"magnitude": 2.3, "mag_category": "Minor", "depth": 16.0, "depth_category": "Shallow", "date": "2018-03-07 00:00:00", "time": "17:56:32.619000", "region": "Minahassa Peninsula - Sulawesi", "year": 2018, "month": 3}}, {"type": "Feature", "geometry": {"type": "Point", "coordinates": [122.3, 0.24]}, "properties": {"magnitude": 4.4, "mag_category": "Moderate", "depth": 46.0, "depth_category": "Shallow", "date": "2018-02-18 00:00:00", "time": "07:59:00.675000", "region": "Minahassa Peninsula - Sulawesi", "year": 2018, "month": 2}}, {"type": "Feature", "geometry": {"type": "Point", "coordinates": [115.46, -8.27]}, "properties": {"magnitude": 2.4, "mag_category": "Minor", "depth": 10.0, "depth_category": "Shallow", "date": "2018-03-05 00:00:00", "time": "07:58:34.120000", "region": "Bali Region - Indonesia", "year": 2018, "month": 3}}, {"type": "Feature", "geometry": {"type": "Point", "coordinates": [118.38, -8.7]}, "properties": {"magnitude": 4.7, "mag_category": "Moderate", "depth": 132.0, "depth_category": "Intermediate", "date": "2018-05-01 00:00:00", "time": "06:13:31.386000", "region": "Sumbawa Region - Indonesia", "year": 2018, "month": 5}}, {"type": "Feature", "geometry": {"type": "Point", "coordinates": [124.08, -9.49]}, "properties": {"magnitude": 2.7, "mag_category": "Minor", "depth": 55.0, "depth_category": "Shallow", "date": "2018-02-09 00:00:00", "time": "16:59:42.670000", "region": "Timor Region", "year": 2018, "month": 2}}, {"type": "Feature", "geometry": {"type": "Point", "coordinates": [111.88, -7.03]}, "properties": {"magnitude": 2.5, "mag_category": "Minor", "depth": 12.0, "depth_category": "Shallow", "date": "2018-03-24 00:00:00", "time": "20:21:53.276000", "region": "Java - Indonesia", "year": 2018, "month": 3}}, {"type": "Feature", "geometry": {"type": "Point", "coordinates": [116.07, -8.37]}, "properties": {"magnitude": 3.8, "mag_category": "Light", "depth": 11.0, "depth_category": "Shallow", "date": "2018-11-17 00:00:00", "time": "05:41:17.055000", "region": "Sumbawa Region - Indonesia", "year": 2018, "month": 11}}, {"type": "Feature", "geometry": {"type": "Point", "coordinates": [119.48, -2.84]}, "properties": {"magnitude": 3.2, "mag_category": "Light", "depth": 10.0, "depth_category": "Shallow", "date": "2018-11-27 00:00:00", "time": "05:11:29.693000", "region": "Sulawesi - Indonesia", "year": 2018, "month": 11}}, {"type": "Feature", "geometry": {"type": "Point", "coordinates": [139.87, -3.18]}, "properties": {"magnitude": 4.9, "mag_category": "Moderate", "depth": 86.0, "depth_category": "Intermediate", "date": "2018-04-23 00:00:00", "time": "02:58:42.912000", "region": "Irian Jaya - Indonesia", "year": 2018, "month": 4}}, {"type": "Feature", "geometry": {"type": "Point", "coordinates": [122.53, -0.14]}, "properties": {"magnitude": 2.4, "mag_category": "Minor", "depth": 102.0, "depth_category": "Intermediate", "date": "2018-06-30 00:00:00", "time": "01:25:58.834000", "region": "Minahassa Peninsula - Sulawesi", "year": 2018, "month": 6}}, {"type": "Feature", "geometry": {"type": "Point", "coordinates": [124.4, 0.08]}, "properties": {"magnitude": 3.3, "mag_category": "Light", "depth": 28.0, "depth_category": "Shallow", "date": "2018-02-02 00:00:00", "time": "08:14:27.157000", "region": "Minahassa Peninsula - Sulawesi", "year": 2018, "month": 2}}, {"type": "Feature", "geometry": {"type": "Point", "coordinates": [98.88, -1.25]}, "properties": {"magnitude": 2.9, "mag_category": "Minor", "depth": 27.0, "depth_category": "Shallow", "date": "2018-01-15 00:00:00", "time": "19:31:23.229000", "region": "Southern Sumatra - Indonesia", "year": 2018, "month": 1}}, {"type": "Feature", "geometry": {"type": "Point", "coordinates": [116.27, -8.9]}, "properties": {"magnitude": 2.8, "mag_category": "Minor", "depth": 10.0, "depth_category": "Shallow", "date": "2018-08-01 00:00:00", "time": "18:39:49.980000", "region": "Sumbawa Region - Indonesia", "year": 2018, "month": 8}}, {"type": "Feature", "geometry": {"type": "Point", "coordinates": [121.94, 0.34]}, "properties": {"magnitude": 2.0, "mag_category": "Minor", "depth": 153.0, "depth_category": "Intermediate", "date": "2018-03-23 00:00:00", "time": "15:05:44.243000", "region": "Minahassa Peninsula - Sulawesi", "year": 2018, "month": 3}}, {"type": "Feature", "geometry": {"type": "Point", "coordinates": [116.74, -8.82]}, "properties": {"magnitude": 2.8, "mag_category": "Minor", "depth": 24.0, "depth_category": "Shallow", "date": "2018-08-20 00:00:00", "time": "08:54:05.763000", "region": "Sumbawa Region - Indonesia", "year": 2018, "month": 8}}, {"type": "Feature", "geometry": {"type": "Point", "coordinates": [102.45, -4.65]}, "properties": {"magnitude": 3.5, "mag_category": "Light", "depth": 28.0, "depth_category": "Shallow", "date": "2018-06-25 00:00:00", "time": "23:48:52.285000", "region": "Southern Sumatra - Indonesia", "year": 2018, "month": 6}}, {"type": "Feature", "geometry": {"type": "Point", "coordinates": [95.54, 4.13]}, "properties": {"magnitude": 3.6, "mag_category": "Light", "depth": 18.0, "depth_category": "Shallow", "date": "2018-02-17 00:00:00", "time": "13:47:53.254000", "region": "Northern Sumatra - Indonesia", "year": 2018, "month": 2}}, {"type": "Feature", "geometry": {"type": "Point", "coordinates": [124.12, -0.12]}, "properties": {"magnitude": 3.4, "mag_category": "Light", "depth": 64.0, "depth_category": "Shallow", "date": "2018-09-26 00:00:00", "time": "21:07:30.044000", "region": "Southern Molucca Sea", "year": 2018, "month": 9}}, {"type": "Feature", "geometry": {"type": "Point", "coordinates": [107.47, -8.1]}, "properties": {"magnitude": 2.5, "mag_category": "Minor", "depth": 10.0, "depth_category": "Shallow", "date": "2018-02-09 00:00:00", "time": "21:01:09.333000", "region": "Java - Indonesia", "year": 2018, "month": 2}}, {"type": "Feature", "geometry": {"type": "Point", "coordinates": [120.13, -1.29]}, "properties": {"magnitude": 4.6, "mag_category": "Moderate", "depth": 10.0, "depth_category": "Shallow", "date": "2018-09-28 00:00:00", "time": "20:34:52.785000", "region": "Sulawesi - Indonesia", "year": 2018, "month": 9}}, {"type": "Feature", "geometry": {"type": "Point", "coordinates": [127.79, 2.83]}, "properties": {"magnitude": 3.6, "mag_category": "Light", "depth": 80.0, "depth_category": "Intermediate", "date": "2018-08-23 00:00:00", "time": "14:46:56.035000", "region": "Northern Molucca Sea", "year": 2018, "month": 8}}, {"type": "Feature", "geometry": {"type": "Point", "coordinates": [126.55, 0.9]}, "properties": {"magnitude": 3.9, "mag_category": "Light", "depth": 10.0, "depth_category": "Shallow", "date": "2018-01-20 00:00:00", "time": "02:18:33.197000", "region": "Northern Molucca Sea", "year": 2018, "month": 1}}, {"type": "Feature", "geometry": {"type": "Point", "coordinates": [127.86, -7.63]}, "properties": {"magnitude": 4.1, "mag_category": "Moderate", "depth": 130.0, "depth_category": "Intermediate", "date": "2018-10-18 00:00:00", "time": "15:25:20.860000", "region": "Banda Sea", "year": 2018, "month": 10}}, {"type": "Feature", "geometry": {"type": "Point", "coordinates": [116.4, -8.16]}, "properties": {"magnitude": 2.9, "mag_category": "Minor", "depth": 10.0, "depth_category": "Shallow", "date": "2018-08-09 00:00:00", "time": "20:16:08.776000", "region": "Sumbawa Region - Indonesia", "year": 2018, "month": 8}}, {"type": "Feature", "geometry": {"type": "Point", "coordinates": [116.16, -8.42]}, "properties": {"magnitude": 3.1, "mag_category": "Light", "depth": 11.0, "depth_category": "Shallow", "date": "2018-08-07 00:00:00", "time": "22:02:28.036000", "region": "Sumbawa Region - Indonesia", "year": 2018, "month": 8}}, {"type": "Feature", "geometry": {"type": "Point", "coordinates": [116.19, -8.18]}, "properties": {"magnitude": 3.9, "mag_category": "Light", "depth": 10.0, "depth_category": "Shallow", "date": "2018-08-05 00:00:00", "time": "14:35:12.062000", "region": "Sumbawa Region - Indonesia", "year": 2018, "month": 8}}, {"type": "Feature", "geometry": {"type": "Point", "coordinates": [128.21, -3.62]}, "properties": {"magnitude": 2.6, "mag_category": "Minor", "depth": 10.0, "depth_category": "Shallow", "date": "2018-10-18 00:00:00", "time": "20:10:27.932000", "region": "Seram - Indonesia", "year": 2018, "month": 10}}, {"type": "Feature", "geometry": {"type": "Point", "coordinates": [116.84, -8.41]}, "properties": {"magnitude": 4.1, "mag_category": "Moderate", "depth": 10.0, "depth_category": "Shallow", "date": "2018-08-19 00:00:00", "time": "19:41:04.830000", "region": "Sumbawa Region - Indonesia", "year": 2018, "month": 8}}, {"type": "Feature", "geometry": {"type": "Point", "coordinates": [130.54, -3.14]}, "properties": {"magnitude": 3.8, "mag_category": "Light", "depth": 10.0, "depth_category": "Shallow", "date": "2018-01-29 00:00:00", "time": "08:42:12.485000", "region": "Seram - Indonesia", "year": 2018, "month": 1}}, {"type": "Feature", "geometry": {"type": "Point", "coordinates": [119.5, -2.9]}, "properties": {"magnitude": 2.7, "mag_category": "Minor", "depth": 10.0, "depth_category": "Shallow", "date": "2018-12-09 00:00:00", "time": "20:52:41.844000", "region": "Sulawesi - Indonesia", "year": 2018, "month": 12}}, {"type": "Feature", "geometry": {"type": "Point", "coordinates": [120.63, -5.67]}, "properties": {"magnitude": 2.7, "mag_category": "Minor", "depth": 10.0, "depth_category": "Shallow", "date": "2018-10-06 00:00:00", "time": "20:18:51.028000", "region": "Sulawesi - Indonesia", "year": 2018, "month": 10}}, {"type": "Feature", "geometry": {"type": "Point", "coordinates": [123.36, -4.17]}, "properties": {"magnitude": 4.0, "mag_category": "Moderate", "depth": 60.0, "depth_category": "Shallow", "date": "2018-01-14 00:00:00", "time": "03:37:37.359000", "region": "Banda Sea", "year": 2018, "month": 1}}, {"type": "Feature", "geometry": {"type": "Point", "coordinates": [127.38, 5.97]}, "properties": {"magnitude": 4.7, "mag_category": "Moderate", "depth": 32.0, "depth_category": "Shallow", "date": "2018-04-26 00:00:00", "time": "18:07:13.647000", "region": "Philippine Islands Region", "year": 2018, "month": 4}}, {"type": "Feature", "geometry": {"type": "Point", "coordinates": [96.0, 4.82]}, "properties": {"magnitude": 4.2, "mag_category": "Moderate", "depth": 10.0, "depth_category": "Shallow", "date": "2018-05-18 00:00:00", "time": "09:06:06.169000", "region": "Northern Sumatra - Indonesia", "year": 2018, "month": 5}}, {"type": "Feature", "geometry": {"type": "Point", "coordinates": [103.13, -3.86]}, "properties": {"magnitude": 3.0, "mag_category": "Light", "depth": 108.0, "depth_category": "Intermediate", "date": "2018-04-16 00:00:00", "time": "16:30:37.468000", "region": "Southern Sumatra - Indonesia", "year": 2018, "month": 4}}, {"type": "Feature", "geometry": {"type": "Point", "coordinates": [127.32, -0.22]}, "properties": {"magnitude": 3.3, "mag_category": "Light", "depth": 10.0, "depth_category": "Shallow", "date": "2018-11-14 00:00:00", "time": "05:33:40.049000", "region": "Halmahera - Indonesia", "year": 2018, "month": 11}}, {"type": "Feature", "geometry": {"type": "Point", "coordinates": [119.51, -2.95]}, "properties": {"magnitude": 4.3, "mag_category": "Moderate", "depth": 10.0, "depth_category": "Shallow", "date": "2018-11-16 00:00:00", "time": "08:02:49.939000", "region": "Sulawesi - Indonesia", "year": 2018, "month": 11}}, {"type": "Feature", "geometry": {"type": "Point", "coordinates": [129.46, -6.99]}, "properties": {"magnitude": 4.3, "mag_category": "Moderate", "depth": 22.0, "depth_category": "Shallow", "date": "2018-11-25 00:00:00", "time": "18:22:12.919000", "region": "Banda Sea", "year": 2018, "month": 11}}, {"type": "Feature", "geometry": {"type": "Point", "coordinates": [124.01, -8.79]}, "properties": {"magnitude": 2.7, "mag_category": "Minor", "depth": 10.0, "depth_category": "Shallow", "date": "2018-02-08 00:00:00", "time": "22:45:00.668000", "region": "Timor Region", "year": 2018, "month": 2}}, {"type": "Feature", "geometry": {"type": "Point", "coordinates": [119.43, 0.18]}, "properties": {"magnitude": 3.6, "mag_category": "Light", "depth": 10.0, "depth_category": "Shallow", "date": "2018-10-08 00:00:00", "time": "20:47:47.197000", "region": "Minahassa Peninsula - Sulawesi", "year": 2018, "month": 10}}, {"type": "Feature", "geometry": {"type": "Point", "coordinates": [119.51, -2.95]}, "properties": {"magnitude": 3.0, "mag_category": "Light", "depth": 10.0, "depth_category": "Shallow", "date": "2018-11-22 00:00:00", "time": "16:44:23.217000", "region": "Sulawesi - Indonesia", "year": 2018, "month": 11}}, {"type": "Feature", "geometry": {"type": "Point", "coordinates": [129.27, -3.28]}, "properties": {"magnitude": 3.3, "mag_category": "Light", "depth": 23.0, "depth_category": "Shallow", "date": "2018-07-21 00:00:00", "time": "14:37:46.907000", "region": "Seram - Indonesia", "year": 2018, "month": 7}}, {"type": "Feature", "geometry": {"type": "Point", "coordinates": [126.44, 5.48]}, "properties": {"magnitude": 4.9, "mag_category": "Moderate", "depth": 79.0, "depth_category": "Intermediate", "date": "2018-06-24 00:00:00", "time": "18:16:48.657000", "region": "Mindanao - Philippines", "year": 2018, "month": 6}}, {"type": "Feature", "geometry": {"type": "Point", "coordinates": [119.46, -2.88]}, "properties": {"magnitude": 2.8, "mag_category": "Minor", "depth": 10.0, "depth_category": "Shallow", "date": "2018-11-07 00:00:00", "time": "17:50:34.435000", "region": "Sulawesi - Indonesia", "year": 2018, "month": 11}}, {"type": "Feature", "geometry": {"type": "Point", "coordinates": [96.88, 0.74]}, "properties": {"magnitude": 5.5, "mag_category": "Strong", "depth": 39.0, "depth_category": "Shallow", "date": "2018-09-06 00:00:00", "time": "00:13:52.047000", "region": "Off West Coast of Northern Sumatra", "year": 2018, "month": 9}}, {"type": "Feature", "geometry": {"type": "Point", "coordinates": [116.85, -8.38]}, "properties": {"magnitude": 3.1, "mag_category": "Light", "depth": 10.0, "depth_category": "Shallow", "date": "2018-10-07 00:00:00", "time": "19:03:05.755000", "region": "Sumbawa Region - Indonesia", "year": 2018, "month": 10}}, {"type": "Feature", "geometry": {"type": "Point", "coordinates": [130.24, -6.51]}, "properties": {"magnitude": 4.5, "mag_category": "Moderate", "depth": 188.0, "depth_category": "Intermediate", "date": "2018-10-12 00:00:00", "time": "14:29:08.714000", "region": "Banda Sea", "year": 2018, "month": 10}}, {"type": "Feature", "geometry": {"type": "Point", "coordinates": [131.06, -0.98]}, "properties": {"magnitude": 2.9, "mag_category": "Minor", "depth": 11.0, "depth_category": "Shallow", "date": "2018-01-11 00:00:00", "time": "22:17:24.842000", "region": "Irian Jaya Region - Indonesia", "year": 2018, "month": 1}}, {"type": "Feature", "geometry": {"type": "Point", "coordinates": [116.1, -8.32]}, "properties": {"magnitude": 3.7, "mag_category": "Light", "depth": 11.0, "depth_category": "Shallow", "date": "2018-08-06 00:00:00", "time": "20:04:38.228000", "region": "Sumbawa Region - Indonesia", "year": 2018, "month": 8}}, {"type": "Feature", "geometry": {"type": "Point", "coordinates": [99.49, 1.74]}, "properties": {"magnitude": 4.0, "mag_category": "Moderate", "depth": 158.0, "depth_category": "Intermediate", "date": "2018-06-11 00:00:00", "time": "11:34:09.102000", "region": "Northern Sumatra - Indonesia", "year": 2018, "month": 6}}, {"type": "Feature", "geometry": {"type": "Point", "coordinates": [128.02, -2.94]}, "properties": {"magnitude": 2.2, "mag_category": "Minor", "depth": 83.0, "depth_category": "Intermediate", "date": "2018-09-13 00:00:00", "time": "19:16:57.569000", "region": "Ceram Sea", "year": 2018, "month": 9}}, {"type": "Feature", "geometry": {"type": "Point", "coordinates": [135.4, -3.35]}, "properties": {"magnitude": 3.8, "mag_category": "Light", "depth": 72.0, "depth_category": "Intermediate", "date": "2018-01-10 00:00:00", "time": "19:59:39.735000", "region": "Irian Jaya Region - Indonesia", "year": 2018, "month": 1}}, {"type": "Feature", "geometry": {"type": "Point", "coordinates": [132.69, -6.22]}, "properties": {"magnitude": 5.5, "mag_category": "Strong", "depth": 54.0, "depth_category": "Shallow", "date": "2018-08-03 00:00:00", "time": "05:42:17.224000", "region": "Tanimbar Islands Reg. - Indonesia", "year": 2018, "month": 8}}, {"type": "Feature", "geometry": {"type": "Point", "coordinates": [124.17, -8.93]}, "properties": {"magnitude": 2.8, "mag_category": "Minor", "depth": 29.0, "depth_category": "Shallow", "date": "2018-06-18 00:00:00", "time": "11:34:56.035000", "region": "Timor Region", "year": 2018, "month": 6}}, {"type": "Feature", "geometry": {"type": "Point", "coordinates": [130.53, -6.47]}, "properties": {"magnitude": 4.0, "mag_category": "Moderate", "depth": 155.0, "depth_category": "Intermediate", "date": "2018-05-02 00:00:00", "time": "15:00:56.975000", "region": "Banda Sea", "year": 2018, "month": 5}}, {"type": "Feature", "geometry": {"type": "Point", "coordinates": [113.57, -8.55]}, "properties": {"magnitude": 3.9, "mag_category": "Light", "depth": 10.0, "depth_category": "Shallow", "date": "2018-04-23 00:00:00", "time": "03:20:35.433000", "region": "Java - Indonesia", "year": 2018, "month": 4}}, {"type": "Feature", "geometry": {"type": "Point", "coordinates": [116.69, -8.29]}, "properties": {"magnitude": 4.8, "mag_category": "Moderate", "depth": 10.0, "depth_category": "Shallow", "date": "2018-08-19 00:00:00", "time": "09:50:10.759000", "region": "Sumbawa Region - Indonesia", "year": 2018, "month": 8}}, {"type": "Feature", "geometry": {"type": "Point", "coordinates": [118.84, -9.51]}, "properties": {"magnitude": 3.0, "mag_category": "Light", "depth": 15.0, "depth_category": "Shallow", "date": "2018-11-09 00:00:00", "time": "10:58:40.109000", "region": "Sumbawa Region - Indonesia", "year": 2018, "month": 11}}, {"type": "Feature", "geometry": {"type": "Point", "coordinates": [116.42, -8.76]}, "properties": {"magnitude": 2.2, "mag_category": "Minor", "depth": 22.0, "depth_category": "Shallow", "date": "2018-07-31 00:00:00", "time": "14:37:16.524000", "region": "Sumbawa Region - Indonesia", "year": 2018, "month": 7}}, {"type": "Feature", "geometry": {"type": "Point", "coordinates": [119.5, -2.74]}, "properties": {"magnitude": 2.6, "mag_category": "Minor", "depth": 10.0, "depth_category": "Shallow", "date": "2018-11-23 00:00:00", "time": "00:43:21.688000", "region": "Sulawesi - Indonesia", "year": 2018, "month": 11}}, {"type": "Feature", "geometry": {"type": "Point", "coordinates": [126.59, 0.47]}, "properties": {"magnitude": 3.1, "mag_category": "Light", "depth": 10.0, "depth_category": "Shallow", "date": "2018-02-06 00:00:00", "time": "18:52:09.362000", "region": "Northern Molucca Sea", "year": 2018, "month": 2}}, {"type": "Feature", "geometry": {"type": "Point", "coordinates": [119.48, -2.72]}, "properties": {"magnitude": 3.0, "mag_category": "Light", "depth": 10.0, "depth_category": "Shallow", "date": "2018-11-18 00:00:00", "time": "14:00:15.036000", "region": "Sulawesi - Indonesia", "year": 2018, "month": 11}}, {"type": "Feature", "geometry": {"type": "Point", "coordinates": [116.2, -8.29]}, "properties": {"magnitude": 1.8, "mag_category": "Minor", "depth": 10.0, "depth_category": "Shallow", "date": "2018-08-14 00:00:00", "time": "17:05:19.821000", "region": "Sumbawa Region - Indonesia", "year": 2018, "month": 8}}, {"type": "Feature", "geometry": {"type": "Point", "coordinates": [112.8, -9.53]}, "properties": {"magnitude": 3.7, "mag_category": "Light", "depth": 10.0, "depth_category": "Shallow", "date": "2018-07-24 00:00:00", "time": "17:26:21.672000", "region": "South of Java - Indonesia", "year": 2018, "month": 7}}, {"type": "Feature", "geometry": {"type": "Point", "coordinates": [116.18, -8.26]}, "properties": {"magnitude": 3.7, "mag_category": "Light", "depth": 10.0, "depth_category": "Shallow", "date": "2018-12-18 00:00:00", "time": "15:53:31.894000", "region": "Sumbawa Region - Indonesia", "year": 2018, "month": 12}}, {"type": "Feature", "geometry": {"type": "Point", "coordinates": [131.84, -0.47]}, "properties": {"magnitude": 3.7, "mag_category": "Light", "depth": 10.0, "depth_category": "Shallow", "date": "2018-01-11 00:00:00", "time": "09:38:24.913000", "region": "Irian Jaya Region - Indonesia", "year": 2018, "month": 1}}, {"type": "Feature", "geometry": {"type": "Point", "coordinates": [116.35, -8.31]}, "properties": {"magnitude": 3.2, "mag_category": "Light", "depth": 17.0, "depth_category": "Shallow", "date": "2018-07-30 00:00:00", "time": "13:13:05.513000", "region": "Sumbawa Region - Indonesia", "year": 2018, "month": 7}}, {"type": "Feature", "geometry": {"type": "Point", "coordinates": [116.01, -8.37]}, "properties": {"magnitude": 4.6, "mag_category": "Moderate", "depth": 10.0, "depth_category": "Shallow", "date": "2018-08-05 00:00:00", "time": "12:08:41.448000", "region": "Sumbawa Region - Indonesia", "year": 2018, "month": 8}}, {"type": "Feature", "geometry": {"type": "Point", "coordinates": [119.8, -0.74]}, "properties": {"magnitude": 2.7, "mag_category": "Minor", "depth": 11.0, "depth_category": "Shallow", "date": "2018-12-31 00:00:00", "time": "20:04:22.860000", "region": "Minahassa Peninsula - Sulawesi", "year": 2018, "month": 12}}, {"type": "Feature", "geometry": {"type": "Point", "coordinates": [120.07, -1.62]}, "properties": {"magnitude": 3.3, "mag_category": "Light", "depth": 10.0, "depth_category": "Shallow", "date": "2018-09-30 00:00:00", "time": "05:26:56.713000", "region": "Sulawesi - Indonesia", "year": 2018, "month": 9}}, {"type": "Feature", "geometry": {"type": "Point", "coordinates": [119.58, 0.16]}, "properties": {"magnitude": 3.9, "mag_category": "Light", "depth": 10.0, "depth_category": "Shallow", "date": "2018-09-29 00:00:00", "time": "11:53:27.153000", "region": "Minahassa Peninsula - Sulawesi", "year": 2018, "month": 9}}, {"type": "Feature", "geometry": {"type": "Point", "coordinates": [99.04, 1.89]}, "properties": {"magnitude": 3.9, "mag_category": "Light", "depth": 130.0, "depth_category": "Intermediate", "date": "2018-10-28 00:00:00", "time": "22:24:18.164000", "region": "Northern Sumatra - Indonesia", "year": 2018, "month": 10}}, {"type": "Feature", "geometry": {"type": "Point", "coordinates": [125.56, -9.32]}, "properties": {"magnitude": 2.8, "mag_category": "Minor", "depth": 10.0, "depth_category": "Shallow", "date": "2018-02-21 00:00:00", "time": "21:27:32.798000", "region": "Timor Region", "year": 2018, "month": 2}}, {"type": "Feature", "geometry": {"type": "Point", "coordinates": [120.96, -2.44]}, "properties": {"magnitude": 3.1, "mag_category": "Light", "depth": 10.0, "depth_category": "Shallow", "date": "2018-02-11 00:00:00", "time": "14:38:46.282000", "region": "Sulawesi - Indonesia", "year": 2018, "month": 2}}, {"type": "Feature", "geometry": {"type": "Point", "coordinates": [121.36, 0.56]}, "properties": {"magnitude": 3.3, "mag_category": "Light", "depth": 58.0, "depth_category": "Shallow", "date": "2018-04-10 00:00:00", "time": "12:06:29.462000", "region": "Minahassa Peninsula - Sulawesi", "year": 2018, "month": 4}}, {"type": "Feature", "geometry": {"type": "Point", "coordinates": [131.2, -3.2]}, "properties": {"magnitude": 4.1, "mag_category": "Moderate", "depth": 13.0, "depth_category": "Shallow", "date": "2018-04-17 00:00:00", "time": "14:13:27.097000", "region": "Irian Jaya Region - Indonesia", "year": 2018, "month": 4}}, {"type": "Feature", "geometry": {"type": "Point", "coordinates": [122.18, -9.38]}, "properties": {"magnitude": 3.7, "mag_category": "Light", "depth": 27.0, "depth_category": "Shallow", "date": "2018-05-22 00:00:00", "time": "06:49:48.723000", "region": "Savu Sea", "year": 2018, "month": 5}}, {"type": "Feature", "geometry": {"type": "Point", "coordinates": [116.74, -8.28]}, "properties": {"magnitude": 3.6, "mag_category": "Light", "depth": 10.0, "depth_category": "Shallow", "date": "2018-08-19 00:00:00", "time": "17:36:56.467000", "region": "Sumbawa Region - Indonesia", "year": 2018, "month": 8}}, {"type": "Feature", "geometry": {"type": "Point", "coordinates": [119.24, 0.28]}, "properties": {"magnitude": 4.6, "mag_category": "Moderate", "depth": 10.0, "depth_category": "Shallow", "date": "2018-10-03 00:00:00", "time": "05:35:31.861000", "region": "Minahassa Peninsula - Sulawesi", "year": 2018, "month": 10}}, {"type": "Feature", "geometry": {"type": "Point", "coordinates": [130.57, -6.83]}, "properties": {"magnitude": 4.7, "mag_category": "Moderate", "depth": 125.0, "depth_category": "Intermediate", "date": "2018-03-02 00:00:00", "time": "14:21:38.041000", "region": "Banda Sea", "year": 2018, "month": 3}}, {"type": "Feature", "geometry": {"type": "Point", "coordinates": [116.24, -8.21]}, "properties": {"magnitude": 2.7, "mag_category": "Minor", "depth": 10.0, "depth_category": "Shallow", "date": "2018-08-09 00:00:00", "time": "06:17:37.895000", "region": "Sumbawa Region - Indonesia", "year": 2018, "month": 8}}, {"type": "Feature", "geometry": {"type": "Point", "coordinates": [96.17, 4.67]}, "properties": {"magnitude": 3.8, "mag_category": "Light", "depth": 10.0, "depth_category": "Shallow", "date": "2018-03-30 00:00:00", "time": "08:05:24.572000", "region": "Northern Sumatra - Indonesia", "year": 2018, "month": 3}}, {"type": "Feature", "geometry": {"type": "Point", "coordinates": [119.6, -1.05]}, "properties": {"magnitude": 4.6, "mag_category": "Moderate", "depth": 10.0, "depth_category": "Shallow", "date": "2018-09-28 00:00:00", "time": "13:28:48.342000", "region": "Sulawesi - Indonesia", "year": 2018, "month": 9}}, {"type": "Feature", "geometry": {"type": "Point", "coordinates": [120.45, -1.83]}, "properties": {"magnitude": 3.1, "mag_category": "Light", "depth": 10.0, "depth_category": "Shallow", "date": "2018-11-14 00:00:00", "time": "05:28:24.808000", "region": "Sulawesi - Indonesia", "year": 2018, "month": 11}}, {"type": "Feature", "geometry": {"type": "Point", "coordinates": [106.59, -7.47]}, "properties": {"magnitude": 2.7, "mag_category": "Minor", "depth": 70.0, "depth_category": "Intermediate", "date": "2018-12-20 00:00:00", "time": "05:13:54.787000", "region": "Java - Indonesia", "year": 2018, "month": 12}}, {"type": "Feature", "geometry": {"type": "Point", "coordinates": [99.68, -1.81]}, "properties": {"magnitude": 3.5, "mag_category": "Light", "depth": 10.0, "depth_category": "Shallow", "date": "2018-01-28 00:00:00", "time": "11:52:45.349000", "region": "Southern Sumatra - Indonesia", "year": 2018, "month": 1}}, {"type": "Feature", "geometry": {"type": "Point", "coordinates": [126.84, -3.03]}, "properties": {"magnitude": 3.7, "mag_category": "Light", "depth": 10.0, "depth_category": "Shallow", "date": "2018-10-18 00:00:00", "time": "16:27:38.076000", "region": "Buru - Indonesia", "year": 2018, "month": 10}}, {"type": "Feature", "geometry": {"type": "Point", "coordinates": [129.58, -2.57]}, "properties": {"magnitude": 3.5, "mag_category": "Light", "depth": 10.0, "depth_category": "Shallow", "date": "2018-10-04 00:00:00", "time": "04:10:29.053000", "region": "Seram - Indonesia", "year": 2018, "month": 10}}, {"type": "Feature", "geometry": {"type": "Point", "coordinates": [126.4, 1.77]}, "properties": {"magnitude": 4.0, "mag_category": "Moderate", "depth": 10.0, "depth_category": "Shallow", "date": "2018-07-20 00:00:00", "time": "04:04:40.152000", "region": "Northern Molucca Sea", "year": 2018, "month": 7}}, {"type": "Feature", "geometry": {"type": "Point", "coordinates": [116.41, -8.88]}, "properties": {"magnitude": 2.3, "mag_category": "Minor", "depth": 18.0, "depth_category": "Shallow", "date": "2018-08-01 00:00:00", "time": "11:52:16.903000", "region": "Sumbawa Region - Indonesia", "year": 2018, "month": 8}}, {"type": "Feature", "geometry": {"type": "Point", "coordinates": [120.78, -9.83]}, "properties": {"magnitude": 3.7, "mag_category": "Light", "depth": 12.0, "depth_category": "Shallow", "date": "2018-11-23 00:00:00", "time": "19:27:08.397000", "region": "Sumba Region - Indonesia", "year": 2018, "month": 11}}, {"type": "Feature", "geometry": {"type": "Point", "coordinates": [117.37, -8.0]}, "properties": {"magnitude": 2.5, "mag_category": "Minor", "depth": 29.0, "depth_category": "Shallow", "date": "2018-08-02 00:00:00", "time": "17:36:07.620000", "region": "Bali Sea", "year": 2018, "month": 8}}, {"type": "Feature", "geometry": {"type": "Point", "coordinates": [99.26, 1.64]}, "properties": {"magnitude": 3.1, "mag_category": "Light", "depth": 30.0, "depth_category": "Shallow", "date": "2018-07-21 00:00:00", "time": "13:59:21.557000", "region": "Northern Sumatra - Indonesia", "year": 2018, "month": 7}}, {"type": "Feature", "geometry": {"type": "Point", "coordinates": [117.15, -8.34]}, "properties": {"magnitude": 3.7, "mag_category": "Light", "depth": 10.0, "depth_category": "Shallow", "date": "2018-08-21 00:00:00", "time": "12:52:02.379000", "region": "Sumbawa Region - Indonesia", "year": 2018, "month": 8}}, {"type": "Feature", "geometry": {"type": "Point", "coordinates": [106.68, -7.62]}, "properties": {"magnitude": 3.7, "mag_category": "Light", "depth": 21.0, "depth_category": "Shallow", "date": "2018-12-06 00:00:00", "time": "12:59:01.510000", "region": "Java - Indonesia", "year": 2018, "month": 12}}, {"type": "Feature", "geometry": {"type": "Point", "coordinates": [105.17, -7.26]}, "properties": {"magnitude": 3.5, "mag_category": "Light", "depth": 27.0, "depth_category": "Shallow", "date": "2018-07-02 00:00:00", "time": "04:28:11.266000", "region": "Java - Indonesia", "year": 2018, "month": 7}}, {"type": "Feature", "geometry": {"type": "Point", "coordinates": [114.47, -7.33]}, "properties": {"magnitude": 2.8, "mag_category": "Minor", "depth": 10.0, "depth_category": "Shallow", "date": "2018-10-18 00:00:00", "time": "16:18:12.995000", "region": "Bali Sea", "year": 2018, "month": 10}}, {"type": "Feature", "geometry": {"type": "Point", "coordinates": [120.27, -1.51]}, "properties": {"magnitude": 3.8, "mag_category": "Light", "depth": 10.0, "depth_category": "Shallow", "date": "2018-09-30 00:00:00", "time": "23:26:13.352000", "region": "Sulawesi - Indonesia", "year": 2018, "month": 9}}, {"type": "Feature", "geometry": {"type": "Point", "coordinates": [131.46, -2.77]}, "properties": {"magnitude": 3.6, "mag_category": "Light", "depth": 10.0, "depth_category": "Shallow", "date": "2018-12-05 00:00:00", "time": "04:10:37.503000", "region": "Irian Jaya Region - Indonesia", "year": 2018, "month": 12}}, {"type": "Feature", "geometry": {"type": "Point", "coordinates": [116.1, -8.69]}, "properties": {"magnitude": 3.3, "mag_category": "Light", "depth": 10.0, "depth_category": "Shallow", "date": "2018-08-05 00:00:00", "time": "23:34:12.333000", "region": "Sumbawa Region - Indonesia", "year": 2018, "month": 8}}, {"type": "Feature", "geometry": {"type": "Point", "coordinates": [127.31, -1.05]}, "properties": {"magnitude": 3.7, "mag_category": "Light", "depth": 16.0, "depth_category": "Shallow", "date": "2018-07-30 00:00:00", "time": "14:12:15.654000", "region": "Halmahera - Indonesia", "year": 2018, "month": 7}}, {"type": "Feature", "geometry": {"type": "Point", "coordinates": [109.65, -7.21]}, "properties": {"magnitude": 4.4, "mag_category": "Moderate", "depth": 10.0, "depth_category": "Shallow", "date": "2018-04-18 00:00:00", "time": "06:28:35.114000", "region": "Java - Indonesia", "year": 2018, "month": 4}}, {"type": "Feature", "geometry": {"type": "Point", "coordinates": [127.7, -2.41]}, "properties": {"magnitude": 3.6, "mag_category": "Light", "depth": 19.0, "depth_category": "Shallow", "date": "2018-09-27 00:00:00", "time": "04:38:40.622000", "region": "Ceram Sea", "year": 2018, "month": 9}}, {"type": "Feature", "geometry": {"type": "Point", "coordinates": [98.38, 0.42]}, "properties": {"magnitude": 3.4, "mag_category": "Light", "depth": 22.0, "depth_category": "Shallow", "date": "2018-05-18 00:00:00", "time": "13:09:43.807000", "region": "Northern Sumatra - Indonesia", "year": 2018, "month": 5}}, {"type": "Feature", "geometry": {"type": "Point", "coordinates": [127.59, -3.43]}, "properties": {"magnitude": 2.7, "mag_category": "Minor", "depth": 10.0, "depth_category": "Shallow", "date": "2018-02-25 00:00:00", "time": "04:48:50.467000", "region": "Seram - Indonesia", "year": 2018, "month": 2}}, {"type": "Feature", "geometry": {"type": "Point", "coordinates": [126.7, 2.93]}, "properties": {"magnitude": 3.2, "mag_category": "Light", "depth": 19.0, "depth_category": "Shallow", "date": "2018-09-19 00:00:00", "time": "20:49:06.869000", "region": "Northern Molucca Sea", "year": 2018, "month": 9}}, {"type": "Feature", "geometry": {"type": "Point", "coordinates": [120.0, -0.62]}, "properties": {"magnitude": 4.4, "mag_category": "Moderate", "depth": 10.0, "depth_category": "Shallow", "date": "2018-09-29 00:00:00", "time": "11:06:24.558000", "region": "Minahassa Peninsula - Sulawesi", "year": 2018, "month": 9}}, {"type": "Feature", "geometry": {"type": "Point", "coordinates": [116.88, -8.33]}, "properties": {"magnitude": 2.8, "mag_category": "Minor", "depth": 10.0, "depth_category": "Shallow", "date": "2018-08-23 00:00:00", "time": "14:36:50.660000", "region": "Sumbawa Region - Indonesia", "year": 2018, "month": 8}}, {"type": "Feature", "geometry": {"type": "Point", "coordinates": [130.91, -3.08]}, "properties": {"magnitude": 3.1, "mag_category": "Light", "depth": 10.0, "depth_category": "Shallow", "date": "2018-06-23 00:00:00", "time": "07:38:28.670000", "region": "Seram - Indonesia", "year": 2018, "month": 6}}, {"type": "Feature", "geometry": {"type": "Point", "coordinates": [120.22, -10.27]}, "properties": {"magnitude": 3.7, "mag_category": "Light", "depth": 14.0, "depth_category": "Shallow", "date": "2018-10-02 00:00:00", "time": "00:45:10.572000", "region": "Sumba Region - Indonesia", "year": 2018, "month": 10}}, {"type": "Feature", "geometry": {"type": "Point", "coordinates": [126.52, 1.41]}, "properties": {"magnitude": 3.2, "mag_category": "Light", "depth": 10.0, "depth_category": "Shallow", "date": "2018-09-07 00:00:00", "time": "03:56:22.445000", "region": "Northern Molucca Sea", "year": 2018, "month": 9}}, {"type": "Feature", "geometry": {"type": "Point", "coordinates": [116.4, -8.71]}, "properties": {"magnitude": 3.4, "mag_category": "Light", "depth": 35.0, "depth_category": "Shallow", "date": "2018-07-29 00:00:00", "time": "14:10:19.792000", "region": "Sumbawa Region - Indonesia", "year": 2018, "month": 7}}, {"type": "Feature", "geometry": {"type": "Point", "coordinates": [139.71, -1.47]}, "properties": {"magnitude": 4.6, "mag_category": "Moderate", "depth": 10.0, "depth_category": "Shallow", "date": "2018-11-08 00:00:00", "time": "02:40:42.811000", "region": "Near North Coast of Irian Jaya", "year": 2018, "month": 11}}, {"type": "Feature", "geometry": {"type": "Point", "coordinates": [131.31, -3.4]}, "properties": {"magnitude": 3.1, "mag_category": "Light", "depth": 13.0, "depth_category": "Shallow", "date": "2018-04-17 00:00:00", "time": "09:49:02.181000", "region": "Irian Jaya Region - Indonesia", "year": 2018, "month": 4}}, {"type": "Feature", "geometry": {"type": "Point", "coordinates": [131.91, -0.47]}, "properties": {"magnitude": 2.6, "mag_category": "Minor", "depth": 18.0, "depth_category": "Shallow", "date": "2018-04-25 00:00:00", "time": "11:37:46.269000", "region": "Irian Jaya Region - Indonesia", "year": 2018, "month": 4}}, {"type": "Feature", "geometry": {"type": "Point", "coordinates": [116.55, -8.33]}, "properties": {"magnitude": 3.6, "mag_category": "Light", "depth": 10.0, "depth_category": "Shallow", "date": "2018-12-18 00:00:00", "time": "07:41:41.529000", "region": "Sumbawa Region - Indonesia", "year": 2018, "month": 12}}, {"type": "Feature", "geometry": {"type": "Point", "coordinates": [98.48, 0.9]}, "properties": {"magnitude": 4.4, "mag_category": "Moderate", "depth": 18.0, "depth_category": "Shallow", "date": "2018-07-31 00:00:00", "time": "12:40:32.137000", "region": "Northern Sumatra - Indonesia", "year": 2018, "month": 7}}, {"type": "Feature", "geometry": {"type": "Point", "coordinates": [135.16, 4.84]}, "properties": {"magnitude": 6.0, "mag_category": "Major", "depth": 10.0, "depth_category": "Shallow", "date": "2018-03-28 00:00:00", "time": "08:47:19.526000", "region": "W. Caroline Islands - Micronesia", "year": 2018, "month": 3}}, {"type": "Feature", "geometry": {"type": "Point", "coordinates": [117.86, -8.04]}, "properties": {"magnitude": 2.7, "mag_category": "Minor", "depth": 10.0, "depth_category": "Shallow", "date": "2018-05-30 00:00:00", "time": "02:57:03.413000", "region": "Sumbawa Region - Indonesia", "year": 2018, "month": 5}}, {"type": "Feature", "geometry": {"type": "Point", "coordinates": [124.34, 0.06]}, "properties": {"magnitude": 3.4, "mag_category": "Light", "depth": 10.0, "depth_category": "Shallow", "date": "2018-04-24 00:00:00", "time": "07:41:54.340000", "region": "Minahassa Peninsula - Sulawesi", "year": 2018, "month": 4}}, {"type": "Feature", "geometry": {"type": "Point", "coordinates": [102.87, -4.88]}, "properties": {"magnitude": 3.9, "mag_category": "Light", "depth": 36.0, "depth_category": "Shallow", "date": "2018-03-17 00:00:00", "time": "07:19:39.649000", "region": "Southern Sumatra - Indonesia", "year": 2018, "month": 3}}, {"type": "Feature", "geometry": {"type": "Point", "coordinates": [126.71, -2.76]}, "properties": {"magnitude": 3.5, "mag_category": "Light", "depth": 14.0, "depth_category": "Shallow", "date": "2018-02-26 00:00:00", "time": "13:55:50.584000", "region": "Ceram Sea", "year": 2018, "month": 2}}, {"type": "Feature", "geometry": {"type": "Point", "coordinates": [137.07, -3.86]}, "properties": {"magnitude": 5.2, "mag_category": "Strong", "depth": 20.0, "depth_category": "Shallow", "date": "2018-05-01 00:00:00", "time": "16:33:26.078000", "region": "Irian Jaya - Indonesia", "year": 2018, "month": 5}}, {"type": "Feature", "geometry": {"type": "Point", "coordinates": [138.61, -2.52]}, "properties": {"magnitude": 3.3, "mag_category": "Light", "depth": 13.0, "depth_category": "Shallow", "date": "2019-06-24 00:00:00", "time": "18:32:53.908000", "region": "Irian Jaya - Indonesia", "year": 2019, "month": 6}}, {"type": "Feature", "geometry": {"type": "Point", "coordinates": [120.29, -1.48]}, "properties": {"magnitude": 3.0, "mag_category": "Light", "depth": 10.0, "depth_category": "Shallow", "date": "2019-10-27 00:00:00", "time": "21:43:44.017000", "region": "Sulawesi - Indonesia", "year": 2019, "month": 10}}, {"type": "Feature", "geometry": {"type": "Point", "coordinates": [135.67, -2.99]}, "properties": {"magnitude": 4.0, "mag_category": "Moderate", "depth": 16.0, "depth_category": "Shallow", "date": "2019-02-23 00:00:00", "time": "19:04:43.113000", "region": "Irian Jaya Region - Indonesia", "year": 2019, "month": 2}}, {"type": "Feature", "geometry": {"type": "Point", "coordinates": [121.19, -2.11]}, "properties": {"magnitude": 3.1, "mag_category": "Light", "depth": 10.0, "depth_category": "Shallow", "date": "2019-01-31 00:00:00", "time": "18:31:50.823000", "region": "Sulawesi - Indonesia", "year": 2019, "month": 1}}, {"type": "Feature", "geometry": {"type": "Point", "coordinates": [126.32, 1.59]}, "properties": {"magnitude": 3.8, "mag_category": "Light", "depth": 10.0, "depth_category": "Shallow", "date": "2019-12-12 00:00:00", "time": "05:49:16.908000", "region": "Northern Molucca Sea", "year": 2019, "month": 12}}, {"type": "Feature", "geometry": {"type": "Point", "coordinates": [128.34, 3.4]}, "properties": {"magnitude": 4.0, "mag_category": "Moderate", "depth": 10.0, "depth_category": "Shallow", "date": "2019-12-29 00:00:00", "time": "13:48:17.785000", "region": "North of Halmahera - Indonesia", "year": 2019, "month": 12}}, {"type": "Feature", "geometry": {"type": "Point", "coordinates": [129.57, -7.19]}, "properties": {"magnitude": 4.4, "mag_category": "Moderate", "depth": 170.0, "depth_category": "Intermediate", "date": "2019-12-29 00:00:00", "time": "14:20:37.287000", "region": "Banda Sea", "year": 2019, "month": 12}}, {"type": "Feature", "geometry": {"type": "Point", "coordinates": [98.92, 1.69]}, "properties": {"magnitude": 3.8, "mag_category": "Light", "depth": 113.0, "depth_category": "Intermediate", "date": "2019-08-07 00:00:00", "time": "13:38:41.699000", "region": "Northern Sumatra - Indonesia", "year": 2019, "month": 8}}, {"type": "Feature", "geometry": {"type": "Point", "coordinates": [130.0, -6.91]}, "properties": {"magnitude": 4.8, "mag_category": "Moderate", "depth": 159.0, "depth_category": "Intermediate", "date": "2019-02-01 00:00:00", "time": "08:00:09.350000", "region": "Banda Sea", "year": 2019, "month": 2}}, {"type": "Feature", "geometry": {"type": "Point", "coordinates": [126.41, 1.6]}, "properties": {"magnitude": 3.5, "mag_category": "Light", "depth": 10.0, "depth_category": "Shallow", "date": "2019-11-15 00:00:00", "time": "06:51:15.376000", "region": "Northern Molucca Sea", "year": 2019, "month": 11}}, {"type": "Feature", "geometry": {"type": "Point", "coordinates": [125.47, 0.98]}, "properties": {"magnitude": 3.1, "mag_category": "Light", "depth": 32.0, "depth_category": "Shallow", "date": "2019-01-31 00:00:00", "time": "21:09:49.718000", "region": "Northern Molucca Sea", "year": 2019, "month": 1}}, {"type": "Feature", "geometry": {"type": "Point", "coordinates": [101.44, -3.78]}, "properties": {"magnitude": 4.2, "mag_category": "Moderate", "depth": 50.0, "depth_category": "Shallow", "date": "2019-05-28 00:00:00", "time": "03:39:00.952000", "region": "Southern Sumatra - Indonesia", "year": 2019, "month": 5}}, {"type": "Feature", "geometry": {"type": "Point", "coordinates": [127.19, -1.11]}, "properties": {"magnitude": 4.4, "mag_category": "Moderate", "depth": 10.0, "depth_category": "Shallow", "date": "2019-11-16 00:00:00", "time": "02:33:20.289000", "region": "Halmahera - Indonesia", "year": 2019, "month": 11}}, {"type": "Feature", "geometry": {"type": "Point", "coordinates": [98.96, -0.55]}, "properties": {"magnitude": 4.3, "mag_category": "Moderate", "depth": 10.0, "depth_category": "Shallow", "date": "2019-07-06 00:00:00", "time": "10:42:16.742000", "region": "Southern Sumatra - Indonesia", "year": 2019, "month": 7}}, {"type": "Feature", "geometry": {"type": "Point", "coordinates": [114.84, -7.09]}, "properties": {"magnitude": 3.1, "mag_category": "Light", "depth": 12.0, "depth_category": "Shallow", "date": "2019-02-05 00:00:00", "time": "14:56:17.799000", "region": "Bali Sea", "year": 2019, "month": 2}}, {"type": "Feature", "geometry": {"type": "Point", "coordinates": [127.24, 1.28]}, "properties": {"magnitude": 4.5, "mag_category": "Moderate", "depth": 139.0, "depth_category": "Intermediate", "date": "2019-01-04 00:00:00", "time": "23:14:25.315000", "region": "Halmahera - Indonesia", "year": 2019, "month": 1}}, {"type": "Feature", "geometry": {"type": "Point", "coordinates": [130.06, -6.82]}, "properties": {"magnitude": 5.3, "mag_category": "Strong", "depth": 159.0, "depth_category": "Intermediate", "date": "2019-12-04 00:00:00", "time": "06:04:13.443000", "region": "Banda Sea", "year": 2019, "month": 12}}, {"type": "Feature", "geometry": {"type": "Point", "coordinates": [102.31, -5.24]}, "properties": {"magnitude": 4.3, "mag_category": "Moderate", "depth": 32.0, "depth_category": "Shallow", "date": "2019-08-25 00:00:00", "time": "14:17:43.249000", "region": "Southern Sumatra - Indonesia", "year": 2019, "month": 8}}, {"type": "Feature", "geometry": {"type": "Point", "coordinates": [126.14, 0.56]}, "properties": {"magnitude": 3.7, "mag_category": "Light", "depth": 10.0, "depth_category": "Shallow", "date": "2019-07-07 00:00:00", "time": "21:01:31.002000", "region": "Northern Molucca Sea", "year": 2019, "month": 7}}, {"type": "Feature", "geometry": {"type": "Point", "coordinates": [123.28, -0.83]}, "properties": {"magnitude": 3.1, "mag_category": "Light", "depth": 10.0, "depth_category": "Shallow", "date": "2019-10-27 00:00:00", "time": "04:53:09.835000", "region": "Minahassa Peninsula - Sulawesi", "year": 2019, "month": 10}}, {"type": "Feature", "geometry": {"type": "Point", "coordinates": [120.53, -1.9]}, "properties": {"magnitude": 3.3, "mag_category": "Light", "depth": 10.0, "depth_category": "Shallow", "date": "2019-05-26 00:00:00", "time": "07:53:13.121000", "region": "Sulawesi - Indonesia", "year": 2019, "month": 5}}, {"type": "Feature", "geometry": {"type": "Point", "coordinates": [126.31, 1.74]}, "properties": {"magnitude": 4.9, "mag_category": "Moderate", "depth": 10.0, "depth_category": "Shallow", "date": "2019-11-15 00:00:00", "time": "05:27:51.928000", "region": "Northern Molucca Sea", "year": 2019, "month": 11}}, {"type": "Feature", "geometry": {"type": "Point", "coordinates": [121.41, -8.2]}, "properties": {"magnitude": 3.3, "mag_category": "Light", "depth": 23.0, "depth_category": "Shallow", "date": "2019-11-19 00:00:00", "time": "11:03:01.526000", "region": "Flores Region - Indonesia", "year": 2019, "month": 11}}, {"type": "Feature", "geometry": {"type": "Point", "coordinates": [119.47, -2.78]}, "properties": {"magnitude": 2.7, "mag_category": "Minor", "depth": 13.0, "depth_category": "Shallow", "date": "2019-03-14 00:00:00", "time": "06:02:51.263000", "region": "Sulawesi - Indonesia", "year": 2019, "month": 3}}, {"type": "Feature", "geometry": {"type": "Point", "coordinates": [114.9, -8.18]}, "properties": {"magnitude": 3.8, "mag_category": "Light", "depth": 10.0, "depth_category": "Shallow", "date": "2019-11-14 00:00:00", "time": "11:06:41.098000", "region": "Bali Region - Indonesia", "year": 2019, "month": 11}}, {"type": "Feature", "geometry": {"type": "Point", "coordinates": [117.83, -8.99]}, "properties": {"magnitude": 4.0, "mag_category": "Moderate", "depth": 59.0, "depth_category": "Shallow", "date": "2019-07-12 00:00:00", "time": "18:45:48.682000", "region": "Sumbawa Region - Indonesia", "year": 2019, "month": 7}}, {"type": "Feature", "geometry": {"type": "Point", "coordinates": [99.19, -1.22]}, "properties": {"magnitude": 3.6, "mag_category": "Light", "depth": 10.0, "depth_category": "Shallow", "date": "2019-05-15 00:00:00", "time": "12:56:50.009000", "region": "Southern Sumatra - Indonesia", "year": 2019, "month": 5}}, {"type": "Feature", "geometry": {"type": "Point", "coordinates": [120.78, -2.1]}, "properties": {"magnitude": 3.0, "mag_category": "Light", "depth": 10.0, "depth_category": "Shallow", "date": "2019-01-06 00:00:00", "time": "15:28:31.693000", "region": "Sulawesi - Indonesia", "year": 2019, "month": 1}}, {"type": "Feature", "geometry": {"type": "Point", "coordinates": [100.27, 0.1]}, "properties": {"magnitude": 3.4, "mag_category": "Light", "depth": 164.0, "depth_category": "Intermediate", "date": "2019-12-12 00:00:00", "time": "12:47:27.952000", "region": "Northern Sumatra - Indonesia", "year": 2019, "month": 12}}, {"type": "Feature", "geometry": {"type": "Point", "coordinates": [128.36, -3.53]}, "properties": {"magnitude": 3.3, "mag_category": "Light", "depth": 10.0, "depth_category": "Shallow", "date": "2019-10-08 00:00:00", "time": "22:50:34.211000", "region": "Seram - Indonesia", "year": 2019, "month": 10}}, {"type": "Feature", "geometry": {"type": "Point", "coordinates": [126.41, 1.48]}, "properties": {"magnitude": 3.8, "mag_category": "Light", "depth": 10.0, "depth_category": "Shallow", "date": "2019-12-14 00:00:00", "time": "06:52:52.362000", "region": "Northern Molucca Sea", "year": 2019, "month": 12}}, {"type": "Feature", "geometry": {"type": "Point", "coordinates": [126.79, 2.66]}, "properties": {"magnitude": 3.7, "mag_category": "Light", "depth": 43.0, "depth_category": "Shallow", "date": "2019-01-07 00:00:00", "time": "08:44:53.626000", "region": "Northern Molucca Sea", "year": 2019, "month": 1}}, {"type": "Feature", "geometry": {"type": "Point", "coordinates": [126.22, 0.26]}, "properties": {"magnitude": 5.0, "mag_category": "Strong", "depth": 23.0, "depth_category": "Shallow", "date": "2019-09-04 00:00:00", "time": "18:09:44.597000", "region": "Northern Molucca Sea", "year": 2019, "month": 9}}, {"type": "Feature", "geometry": {"type": "Point", "coordinates": [99.34, -1.35]}, "properties": {"magnitude": 3.8, "mag_category": "Light", "depth": 30.0, "depth_category": "Shallow", "date": "2019-10-25 00:00:00", "time": "20:25:37.779000", "region": "Southern Sumatra - Indonesia", "year": 2019, "month": 10}}, {"type": "Feature", "geometry": {"type": "Point", "coordinates": [98.26, 1.01]}, "properties": {"magnitude": 3.8, "mag_category": "Light", "depth": 20.0, "depth_category": "Shallow", "date": "2019-05-07 00:00:00", "time": "06:19:47.636000", "region": "Northern Sumatra - Indonesia", "year": 2019, "month": 5}}, {"type": "Feature", "geometry": {"type": "Point", "coordinates": [127.49, -0.93]}, "properties": {"magnitude": 3.0, "mag_category": "Light", "depth": 10.0, "depth_category": "Shallow", "date": "2019-01-05 00:00:00", "time": "03:28:25.414000", "region": "Halmahera - Indonesia", "year": 2019, "month": 1}}, {"type": "Feature", "geometry": {"type": "Point", "coordinates": [122.61, -1.85]}, "properties": {"magnitude": 4.5, "mag_category": "Moderate", "depth": 11.0, "depth_category": "Shallow", "date": "2019-04-12 00:00:00", "time": "13:10:09.275000", "region": "Sulawesi - Indonesia", "year": 2019, "month": 4}}, {"type": "Feature", "geometry": {"type": "Point", "coordinates": [121.94, -0.25]}, "properties": {"magnitude": 2.2, "mag_category": "Minor", "depth": 207.0, "depth_category": "Intermediate", "date": "2019-12-28 00:00:00", "time": "02:31:41.650000", "region": "Minahassa Peninsula - Sulawesi", "year": 2019, "month": 12}}, {"type": "Feature", "geometry": {"type": "Point", "coordinates": [130.03, -6.55]}, "properties": {"magnitude": 4.4, "mag_category": "Moderate", "depth": 172.0, "depth_category": "Intermediate", "date": "2019-10-17 00:00:00", "time": "17:12:40.913000", "region": "Banda Sea", "year": 2019, "month": 10}}, {"type": "Feature", "geometry": {"type": "Point", "coordinates": [120.03, -2.65]}, "properties": {"magnitude": 2.6, "mag_category": "Minor", "depth": 10.0, "depth_category": "Shallow", "date": "2019-03-25 00:00:00", "time": "21:15:59.618000", "region": "Sulawesi - Indonesia", "year": 2019, "month": 3}}, {"type": "Feature", "geometry": {"type": "Point", "coordinates": [139.98, -3.98]}, "properties": {"magnitude": 3.1, "mag_category": "Light", "depth": 88.0, "depth_category": "Intermediate", "date": "2019-11-14 00:00:00", "time": "11:57:40.294000", "region": "Irian Jaya - Indonesia", "year": 2019, "month": 11}}, {"type": "Feature", "geometry": {"type": "Point", "coordinates": [120.13, -1.58]}, "properties": {"magnitude": 3.0, "mag_category": "Light", "depth": 10.0, "depth_category": "Shallow", "date": "2019-01-04 00:00:00", "time": "17:42:52.897000", "region": "Sulawesi - Indonesia", "year": 2019, "month": 1}}, {"type": "Feature", "geometry": {"type": "Point", "coordinates": [127.73, -1.36]}, "properties": {"magnitude": 3.8, "mag_category": "Light", "depth": 18.0, "depth_category": "Shallow", "date": "2019-03-08 00:00:00", "time": "11:59:50.128000", "region": "Halmahera - Indonesia", "year": 2019, "month": 3}}, {"type": "Feature", "geometry": {"type": "Point", "coordinates": [112.81, -9.56]}, "properties": {"magnitude": 3.3, "mag_category": "Light", "depth": 14.0, "depth_category": "Shallow", "date": "2019-02-18 00:00:00", "time": "20:04:14.597000", "region": "South of Java - Indonesia", "year": 2019, "month": 2}}, {"type": "Feature", "geometry": {"type": "Point", "coordinates": [108.52, -9.62]}, "properties": {"magnitude": 5.6, "mag_category": "Strong", "depth": 22.0, "depth_category": "Shallow", "date": "2019-05-18 00:00:00", "time": "01:51:30.152000", "region": "South of Java - Indonesia", "year": 2019, "month": 5}}, {"type": "Feature", "geometry": {"type": "Point", "coordinates": [125.66, 1.26]}, "properties": {"magnitude": 3.3, "mag_category": "Light", "depth": 116.0, "depth_category": "Intermediate", "date": "2019-10-23 00:00:00", "time": "19:41:58.284000", "region": "Northern Molucca Sea", "year": 2019, "month": 10}}, {"type": "Feature", "geometry": {"type": "Point", "coordinates": [112.48, -8.91]}, "properties": {"magnitude": 5.0, "mag_category": "Strong", "depth": 46.0, "depth_category": "Shallow", "date": "2019-05-16 00:00:00", "time": "14:39:03.736000", "region": "Java - Indonesia", "year": 2019, "month": 5}}, {"type": "Feature", "geometry": {"type": "Point", "coordinates": [106.06, -7.57]}, "properties": {"magnitude": 2.6, "mag_category": "Minor", "depth": 15.0, "depth_category": "Shallow", "date": "2019-08-14 00:00:00", "time": "17:05:52.287000", "region": "Java - Indonesia", "year": 2019, "month": 8}}, {"type": "Feature", "geometry": {"type": "Point", "coordinates": [131.78, -3.81]}, "properties": {"magnitude": 3.8, "mag_category": "Light", "depth": 10.0, "depth_category": "Shallow", "date": "2019-11-14 00:00:00", "time": "10:55:53.992000", "region": "Irian Jaya Region - Indonesia", "year": 2019, "month": 11}}, {"type": "Feature", "geometry": {"type": "Point", "coordinates": [127.5, -0.87]}, "properties": {"magnitude": 5.4, "mag_category": "Strong", "depth": 15.0, "depth_category": "Shallow", "date": "2019-01-05 00:00:00", "time": "10:54:57.633000", "region": "Halmahera - Indonesia", "year": 2019, "month": 1}}, {"type": "Feature", "geometry": {"type": "Point", "coordinates": [126.29, 0.3]}, "properties": {"magnitude": 5.0, "mag_category": "Strong", "depth": 41.0, "depth_category": "Shallow", "date": "2019-07-18 00:00:00", "time": "17:17:52.721000", "region": "Northern Molucca Sea", "year": 2019, "month": 7}}, {"type": "Feature", "geometry": {"type": "Point", "coordinates": [130.64, -5.37]}, "properties": {"magnitude": 4.1, "mag_category": "Moderate", "depth": 307.0, "depth_category": "Deep", "date": "2019-04-02 00:00:00", "time": "04:05:43.282000", "region": "Banda Sea", "year": 2019, "month": 4}}, {"type": "Feature", "geometry": {"type": "Point", "coordinates": [104.15, -5.3]}, "properties": {"magnitude": 3.6, "mag_category": "Light", "depth": 87.0, "depth_category": "Intermediate", "date": "2019-04-10 00:00:00", "time": "07:12:24.430000", "region": "Southern Sumatra - Indonesia", "year": 2019, "month": 4}}, {"type": "Feature", "geometry": {"type": "Point", "coordinates": [128.35, -3.6]}, "properties": {"magnitude": 2.3, "mag_category": "Minor", "depth": 10.0, "depth_category": "Shallow", "date": "2019-09-29 00:00:00", "time": "12:14:57.114000", "region": "Seram - Indonesia", "year": 2019, "month": 9}}, {"type": "Feature", "geometry": {"type": "Point", "coordinates": [120.14, -1.18]}, "properties": {"magnitude": 2.7, "mag_category": "Minor", "depth": 10.0, "depth_category": "Shallow", "date": "2019-04-08 00:00:00", "time": "14:31:11.183000", "region": "Sulawesi - Indonesia", "year": 2019, "month": 4}}, {"type": "Feature", "geometry": {"type": "Point", "coordinates": [140.31, -2.81]}, "properties": {"magnitude": 4.1, "mag_category": "Moderate", "depth": 25.0, "depth_category": "Shallow", "date": "2019-02-16 00:00:00", "time": "06:26:09.634000", "region": "Near North Coast of Irian Jaya", "year": 2019, "month": 2}}, {"type": "Feature", "geometry": {"type": "Point", "coordinates": [123.44, -10.15]}, "properties": {"magnitude": 2.2, "mag_category": "Minor", "depth": 10.0, "depth_category": "Shallow", "date": "2019-12-26 00:00:00", "time": "16:18:14.057000", "region": "Timor Region", "year": 2019, "month": 12}}, {"type": "Feature", "geometry": {"type": "Point", "coordinates": [105.4, -6.03]}, "properties": {"magnitude": 3.1, "mag_category": "Light", "depth": 10.0, "depth_category": "Shallow", "date": "2019-01-10 00:00:00", "time": "16:38:19.194000", "region": "Sunda Strait - Indonesia", "year": 2019, "month": 1}}, {"type": "Feature", "geometry": {"type": "Point", "coordinates": [120.22, -10.31]}, "properties": {"magnitude": 2.4, "mag_category": "Minor", "depth": 17.0, "depth_category": "Shallow", "date": "2019-12-26 00:00:00", "time": "16:26:39.450000", "region": "Sumba Region - Indonesia", "year": 2019, "month": 12}}, {"type": "Feature", "geometry": {"type": "Point", "coordinates": [118.15, -10.99]}, "properties": {"magnitude": 3.7, "mag_category": "Light", "depth": 10.0, "depth_category": "Shallow", "date": "2019-02-03 00:00:00", "time": "11:24:28.203000", "region": "South of Sumbawa - Indonesia", "year": 2019, "month": 2}}, {"type": "Feature", "geometry": {"type": "Point", "coordinates": [138.44, -2.41]}, "properties": {"magnitude": 4.2, "mag_category": "Moderate", "depth": 15.0, "depth_category": "Shallow", "date": "2019-10-23 00:00:00", "time": "07:07:54.112000", "region": "Irian Jaya - Indonesia", "year": 2019, "month": 10}}, {"type": "Feature", "geometry": {"type": "Point", "coordinates": [114.88, -8.2]}, "properties": {"magnitude": 3.2, "mag_category": "Light", "depth": 10.0, "depth_category": "Shallow", "date": "2019-11-14 00:00:00", "time": "14:32:37.707000", "region": "Bali Region - Indonesia", "year": 2019, "month": 11}}, {"type": "Feature", "geometry": {"type": "Point", "coordinates": [116.47, -8.97]}, "properties": {"magnitude": 2.6, "mag_category": "Minor", "depth": 27.0, "depth_category": "Shallow", "date": "2019-03-25 00:00:00", "time": "07:05:08.542000", "region": "Sumbawa Region - Indonesia", "year": 2019, "month": 3}}, {"type": "Feature", "geometry": {"type": "Point", "coordinates": [122.42, 1.88]}, "properties": {"magnitude": 3.7, "mag_category": "Light", "depth": 10.0, "depth_category": "Shallow", "date": "2019-07-17 00:00:00", "time": "18:08:00.211000", "region": "Minahassa Peninsula - Sulawesi", "year": 2019, "month": 7}}, {"type": "Feature", "geometry": {"type": "Point", "coordinates": [118.79, -10.11]}, "properties": {"magnitude": 4.3, "mag_category": "Moderate", "depth": 10.0, "depth_category": "Shallow", "date": "2019-04-18 00:00:00", "time": "10:54:33.049000", "region": "South of Sumbawa - Indonesia", "year": 2019, "month": 4}}, {"type": "Feature", "geometry": {"type": "Point", "coordinates": [102.85, -5.89]}, "properties": {"magnitude": 3.8, "mag_category": "Light", "depth": 21.0, "depth_category": "Shallow", "date": "2019-02-24 00:00:00", "time": "03:06:41.735000", "region": "Southern Sumatra - Indonesia", "year": 2019, "month": 2}}, {"type": "Feature", "geometry": {"type": "Point", "coordinates": [128.17, 1.2]}, "properties": {"magnitude": 3.5, "mag_category": "Light", "depth": 10.0, "depth_category": "Shallow", "date": "2019-02-24 00:00:00", "time": "14:03:50.545000", "region": "Halmahera - Indonesia", "year": 2019, "month": 2}}, {"type": "Feature", "geometry": {"type": "Point", "coordinates": [126.13, 1.26]}, "properties": {"magnitude": 3.2, "mag_category": "Light", "depth": 23.0, "depth_category": "Shallow", "date": "2019-04-30 00:00:00", "time": "14:29:25.097000", "region": "Northern Molucca Sea", "year": 2019, "month": 4}}, {"type": "Feature", "geometry": {"type": "Point", "coordinates": [101.35, -2.11]}, "properties": {"magnitude": 4.0, "mag_category": "Moderate", "depth": 102.0, "depth_category": "Intermediate", "date": "2019-06-11 00:00:00", "time": "15:44:41.816000", "region": "Southern Sumatra - Indonesia", "year": 2019, "month": 6}}, {"type": "Feature", "geometry": {"type": "Point", "coordinates": [119.12, -1.27]}, "properties": {"magnitude": 3.7, "mag_category": "Light", "depth": 10.0, "depth_category": "Shallow", "date": "2019-03-30 00:00:00", "time": "14:24:42.417000", "region": "Sulawesi - Indonesia", "year": 2019, "month": 3}}, {"type": "Feature", "geometry": {"type": "Point", "coordinates": [126.76, 4.35]}, "properties": {"magnitude": 4.8, "mag_category": "Moderate", "depth": 20.0, "depth_category": "Shallow", "date": "2019-05-15 00:00:00", "time": "13:28:18.650000", "region": "Talaud Islands - Indonesia", "year": 2019, "month": 5}}, {"type": "Feature", "geometry": {"type": "Point", "coordinates": [103.43, -5.81]}, "properties": {"magnitude": 2.6, "mag_category": "Minor", "depth": 13.0, "depth_category": "Shallow", "date": "2019-12-20 00:00:00", "time": "16:34:33.757000", "region": "Southern Sumatra - Indonesia", "year": 2019, "month": 12}}, {"type": "Feature", "geometry": {"type": "Point", "coordinates": [119.19, -9.8]}, "properties": {"magnitude": 2.6, "mag_category": "Minor", "depth": 23.0, "depth_category": "Shallow", "date": "2019-10-17 00:00:00", "time": "07:31:05.318000", "region": "Sumba Region - Indonesia", "year": 2019, "month": 10}}, {"type": "Feature", "geometry": {"type": "Point", "coordinates": [107.94, -6.91]}, "properties": {"magnitude": 2.9, "mag_category": "Minor", "depth": 14.0, "depth_category": "Shallow", "date": "2019-07-15 00:00:00", "time": "20:01:01.390000", "region": "Java - Indonesia", "year": 2019, "month": 7}}, {"type": "Feature", "geometry": {"type": "Point", "coordinates": [138.75, -2.72]}, "properties": {"magnitude": 3.5, "mag_category": "Light", "depth": 22.0, "depth_category": "Shallow", "date": "2019-06-24 00:00:00", "time": "04:20:02.232000", "region": "Irian Jaya - Indonesia", "year": 2019, "month": 6}}, {"type": "Feature", "geometry": {"type": "Point", "coordinates": [108.82, -8.48]}, "properties": {"magnitude": 5.4, "mag_category": "Strong", "depth": 67.0, "depth_category": "Shallow", "date": "2019-06-09 00:00:00", "time": "09:32:23.417000", "region": "Java - Indonesia", "year": 2019, "month": 6}}, {"type": "Feature", "geometry": {"type": "Point", "coordinates": [99.1, 1.78]}, "properties": {"magnitude": 4.8, "mag_category": "Moderate", "depth": 10.0, "depth_category": "Shallow", "date": "2019-01-14 00:00:00", "time": "23:59:53.165000", "region": "Northern Sumatra - Indonesia", "year": 2019, "month": 1}}, {"type": "Feature", "geometry": {"type": "Point", "coordinates": [131.12, -4.61]}, "properties": {"magnitude": 3.7, "mag_category": "Light", "depth": 35.0, "depth_category": "Shallow", "date": "2019-02-08 00:00:00", "time": "13:51:42.445000", "region": "Banda Sea", "year": 2019, "month": 2}}, {"type": "Feature", "geometry": {"type": "Point", "coordinates": [110.98, -9.11]}, "properties": {"magnitude": 3.7, "mag_category": "Light", "depth": 10.0, "depth_category": "Shallow", "date": "2019-09-20 00:00:00", "time": "18:28:57.437000", "region": "South of Java - Indonesia", "year": 2019, "month": 9}}, {"type": "Feature", "geometry": {"type": "Point", "coordinates": [105.6, -7.06]}, "properties": {"magnitude": 3.7, "mag_category": "Light", "depth": 19.0, "depth_category": "Shallow", "date": "2019-12-29 00:00:00", "time": "04:04:52.207000", "region": "Java - Indonesia", "year": 2019, "month": 12}}, {"type": "Feature", "geometry": {"type": "Point", "coordinates": [133.74, -6.08]}, "properties": {"magnitude": 4.4, "mag_category": "Moderate", "depth": 80.0, "depth_category": "Intermediate", "date": "2019-10-23 00:00:00", "time": "11:25:38.275000", "region": "Aru Islands Region - Indonesia", "year": 2019, "month": 10}}, {"type": "Feature", "geometry": {"type": "Point", "coordinates": [105.47, -6.18]}, "properties": {"magnitude": 3.2, "mag_category": "Light", "depth": 19.0, "depth_category": "Shallow", "date": "2019-01-10 00:00:00", "time": "13:14:02.452000", "region": "Sunda Strait - Indonesia", "year": 2019, "month": 1}}, {"type": "Feature", "geometry": {"type": "Point", "coordinates": [122.53, -1.85]}, "properties": {"magnitude": 3.0, "mag_category": "Light", "depth": 10.0, "depth_category": "Shallow", "date": "2019-04-13 00:00:00", "time": "15:40:11.025000", "region": "Sulawesi - Indonesia", "year": 2019, "month": 4}}, {"type": "Feature", "geometry": {"type": "Point", "coordinates": [98.65, 0.4]}, "properties": {"magnitude": 3.2, "mag_category": "Light", "depth": 14.0, "depth_category": "Shallow", "date": "2019-10-10 00:00:00", "time": "06:16:57.110000", "region": "Northern Sumatra - Indonesia", "year": 2019, "month": 10}}, {"type": "Feature", "geometry": {"type": "Point", "coordinates": [127.34, 1.88]}, "properties": {"magnitude": 3.6, "mag_category": "Light", "depth": 87.0, "depth_category": "Intermediate", "date": "2019-11-09 00:00:00", "time": "21:40:49.006000", "region": "Halmahera - Indonesia", "year": 2019, "month": 11}}, {"type": "Feature", "geometry": {"type": "Point", "coordinates": [128.37, -3.6]}, "properties": {"magnitude": 4.0, "mag_category": "Moderate", "depth": 10.0, "depth_category": "Shallow", "date": "2019-09-26 00:00:00", "time": "00:11:33.728000", "region": "Seram - Indonesia", "year": 2019, "month": 9}}, {"type": "Feature", "geometry": {"type": "Point", "coordinates": [98.62, 3.44]}, "properties": {"magnitude": 2.3, "mag_category": "Minor", "depth": 10.0, "depth_category": "Shallow", "date": "2019-09-22 00:00:00", "time": "15:43:26.044000", "region": "Northern Sumatra - Indonesia", "year": 2019, "month": 9}}, {"type": "Feature", "geometry": {"type": "Point", "coordinates": [122.57, -2.02]}, "properties": {"magnitude": 3.6, "mag_category": "Light", "depth": 22.0, "depth_category": "Shallow", "date": "2019-08-26 00:00:00", "time": "23:14:57.688000", "region": "Sulawesi - Indonesia", "year": 2019, "month": 8}}, {"type": "Feature", "geometry": {"type": "Point", "coordinates": [103.98, -5.87]}, "properties": {"magnitude": 3.8, "mag_category": "Light", "depth": 18.0, "depth_category": "Shallow", "date": "2019-11-09 00:00:00", "time": "10:22:40.304000", "region": "Southern Sumatra - Indonesia", "year": 2019, "month": 11}}, {"type": "Feature", "geometry": {"type": "Point", "coordinates": [132.98, 5.9]}, "properties": {"magnitude": 4.9, "mag_category": "Moderate", "depth": 47.0, "depth_category": "Shallow", "date": "2019-08-11 00:00:00", "time": "17:51:15.781000", "region": "W. Caroline Islands - Micronesia", "year": 2019, "month": 8}}, {"type": "Feature", "geometry": {"type": "Point", "coordinates": [120.46, -8.65]}, "properties": {"magnitude": 2.8, "mag_category": "Minor", "depth": 11.0, "depth_category": "Shallow", "date": "2019-06-10 00:00:00", "time": "18:38:24.781000", "region": "Flores Region - Indonesia", "year": 2019, "month": 6}}, {"type": "Feature", "geometry": {"type": "Point", "coordinates": [128.74, 2.31]}, "properties": {"magnitude": 4.6, "mag_category": "Moderate", "depth": 10.0, "depth_category": "Shallow", "date": "2019-02-07 00:00:00", "time": "09:40:26.182000", "region": "Halmahera - Indonesia", "year": 2019, "month": 2}}, {"type": "Feature", "geometry": {"type": "Point", "coordinates": [129.94, -4.77]}, "properties": {"magnitude": 3.7, "mag_category": "Light", "depth": 228.0, "depth_category": "Intermediate", "date": "2019-02-09 00:00:00", "time": "16:54:37.670000", "region": "Banda Sea", "year": 2019, "month": 2}}, {"type": "Feature", "geometry": {"type": "Point", "coordinates": [128.74, -3.72]}, "properties": {"magnitude": 4.1, "mag_category": "Moderate", "depth": 10.0, "depth_category": "Shallow", "date": "2019-11-17 00:00:00", "time": "10:59:01.233000", "region": "Seram - Indonesia", "year": 2019, "month": 11}}, {"type": "Feature", "geometry": {"type": "Point", "coordinates": [122.74, 0.76]}, "properties": {"magnitude": 3.2, "mag_category": "Light", "depth": 21.0, "depth_category": "Shallow", "date": "2019-10-08 00:00:00", "time": "02:29:01.512000", "region": "Minahassa Peninsula - Sulawesi", "year": 2019, "month": 10}}, {"type": "Feature", "geometry": {"type": "Point", "coordinates": [124.65, -0.26]}, "properties": {"magnitude": 4.2, "mag_category": "Moderate", "depth": 10.0, "depth_category": "Shallow", "date": "2019-11-20 00:00:00", "time": "04:37:27.743000", "region": "Southern Molucca Sea", "year": 2019, "month": 11}}, {"type": "Feature", "geometry": {"type": "Point", "coordinates": [113.56, -9.39]}, "properties": {"magnitude": 3.7, "mag_category": "Light", "depth": 50.0, "depth_category": "Shallow", "date": "2019-06-23 00:00:00", "time": "02:15:30.562000", "region": "South of Java - Indonesia", "year": 2019, "month": 6}}, {"type": "Feature", "geometry": {"type": "Point", "coordinates": [111.83, -6.16]}, "properties": {"magnitude": 6.0, "mag_category": "Major", "depth": 615.0, "depth_category": "Deep", "date": "2019-09-19 00:00:00", "time": "07:32:00.152000", "region": "Java - Indonesia", "year": 2019, "month": 9}}, {"type": "Feature", "geometry": {"type": "Point", "coordinates": [118.48, -9.76]}, "properties": {"magnitude": 2.5, "mag_category": "Minor", "depth": 10.0, "depth_category": "Shallow", "date": "2019-11-15 00:00:00", "time": "08:57:13.999000", "region": "Sumbawa Region - Indonesia", "year": 2019, "month": 11}}, {"type": "Feature", "geometry": {"type": "Point", "coordinates": [127.21, -2.99]}, "properties": {"magnitude": 2.4, "mag_category": "Minor", "depth": 16.0, "depth_category": "Shallow", "date": "2019-11-22 00:00:00", "time": "17:07:40.644000", "region": "Ceram Sea", "year": 2019, "month": 11}}, {"type": "Feature", "geometry": {"type": "Point", "coordinates": [129.26, -7.12]}, "properties": {"magnitude": 4.5, "mag_category": "Moderate", "depth": 126.0, "depth_category": "Intermediate", "date": "2019-11-03 00:00:00", "time": "06:41:31.236000", "region": "Banda Sea", "year": 2019, "month": 11}}, {"type": "Feature", "geometry": {"type": "Point", "coordinates": [111.98, -8.16]}, "properties": {"magnitude": 3.9, "mag_category": "Light", "depth": 136.0, "depth_category": "Intermediate", "date": "2019-09-04 00:00:00", "time": "08:36:30.988000", "region": "Java - Indonesia", "year": 2019, "month": 9}}, {"type": "Feature", "geometry": {"type": "Point", "coordinates": [134.9, -3.74]}, "properties": {"magnitude": 4.0, "mag_category": "Moderate", "depth": 13.0, "depth_category": "Shallow", "date": "2019-05-09 00:00:00", "time": "12:03:51.117000", "region": "Irian Jaya Region - Indonesia", "year": 2019, "month": 5}}, {"type": "Feature", "geometry": {"type": "Point", "coordinates": [101.58, -4.56]}, "properties": {"magnitude": 4.6, "mag_category": "Moderate", "depth": 38.0, "depth_category": "Shallow", "date": "2019-02-10 00:00:00", "time": "14:17:25.014000", "region": "Southern Sumatra - Indonesia", "year": 2019, "month": 2}}, {"type": "Feature", "geometry": {"type": "Point", "coordinates": [122.37, -2.13]}, "properties": {"magnitude": 2.1, "mag_category": "Minor", "depth": 10.0, "depth_category": "Shallow", "date": "2019-04-18 00:00:00", "time": "19:16:26.499000", "region": "Sulawesi - Indonesia", "year": 2019, "month": 4}}, {"type": "Feature", "geometry": {"type": "Point", "coordinates": [127.96, 1.03]}, "properties": {"magnitude": 4.1, "mag_category": "Moderate", "depth": 10.0, "depth_category": "Shallow", "date": "2019-06-04 00:00:00", "time": "03:27:38.256000", "region": "Halmahera - Indonesia", "year": 2019, "month": 6}}, {"type": "Feature", "geometry": {"type": "Point", "coordinates": [120.43, -1.23]}, "properties": {"magnitude": 3.5, "mag_category": "Light", "depth": 10.0, "depth_category": "Shallow", "date": "2019-08-24 00:00:00", "time": "17:25:53.153000", "region": "Sulawesi - Indonesia", "year": 2019, "month": 8}}, {"type": "Feature", "geometry": {"type": "Point", "coordinates": [128.35, -3.59]}, "properties": {"magnitude": 3.0, "mag_category": "Light", "depth": 10.0, "depth_category": "Shallow", "date": "2019-09-26 00:00:00", "time": "15:27:09.394000", "region": "Seram - Indonesia", "year": 2019, "month": 9}}, {"type": "Feature", "geometry": {"type": "Point", "coordinates": [105.86, -6.45]}, "properties": {"magnitude": 3.6, "mag_category": "Light", "depth": 118.0, "depth_category": "Intermediate", "date": "2019-04-28 00:00:00", "time": "16:53:29.989000", "region": "Sunda Strait - Indonesia", "year": 2019, "month": 4}}, {"type": "Feature", "geometry": {"type": "Point", "coordinates": [96.44, 4.45]}, "properties": {"magnitude": 3.2, "mag_category": "Light", "depth": 10.0, "depth_category": "Shallow", "date": "2019-01-12 00:00:00", "time": "00:50:30.021000", "region": "Northern Sumatra - Indonesia", "year": 2019, "month": 1}}, {"type": "Feature", "geometry": {"type": "Point", "coordinates": [119.13, -9.67]}, "properties": {"magnitude": 3.0, "mag_category": "Light", "depth": 10.0, "depth_category": "Shallow", "date": "2019-07-13 00:00:00", "time": "13:55:18.311000", "region": "Sumba Region - Indonesia", "year": 2019, "month": 7}}, {"type": "Feature", "geometry": {"type": "Point", "coordinates": [127.77, -2.14]}, "properties": {"magnitude": 2.8, "mag_category": "Minor", "depth": 17.0, "depth_category": "Shallow", "date": "2019-06-09 00:00:00", "time": "18:52:21.812000", "region": "Ceram Sea", "year": 2019, "month": 6}}, {"type": "Feature", "geometry": {"type": "Point", "coordinates": [121.84, -2.66]}, "properties": {"magnitude": 4.1, "mag_category": "Moderate", "depth": 10.0, "depth_category": "Shallow", "date": "2019-11-23 00:00:00", "time": "15:33:47.279000", "region": "Sulawesi - Indonesia", "year": 2019, "month": 11}}, {"type": "Feature", "geometry": {"type": "Point", "coordinates": [108.84, -8.47]}, "properties": {"magnitude": 3.6, "mag_category": "Light", "depth": 34.0, "depth_category": "Shallow", "date": "2019-11-03 00:00:00", "time": "01:52:24.885000", "region": "Java - Indonesia", "year": 2019, "month": 11}}, {"type": "Feature", "geometry": {"type": "Point", "coordinates": [119.05, -10.4]}, "properties": {"magnitude": 6.0, "mag_category": "Major", "depth": 46.0, "depth_category": "Shallow", "date": "2019-01-21 00:00:00", "time": "23:59:25.057000", "region": "Sumba Region - Indonesia", "year": 2019, "month": 1}}, {"type": "Feature", "geometry": {"type": "Point", "coordinates": [128.39, -3.58]}, "properties": {"magnitude": 2.3, "mag_category": "Minor", "depth": 10.0, "depth_category": "Shallow", "date": "2019-10-03 00:00:00", "time": "17:38:23.922000", "region": "Seram - Indonesia", "year": 2019, "month": 10}}, {"type": "Feature", "geometry": {"type": "Point", "coordinates": [119.52, -4.11]}, "properties": {"magnitude": 2.5, "mag_category": "Minor", "depth": 10.0, "depth_category": "Shallow", "date": "2019-08-09 00:00:00", "time": "02:45:26.578000", "region": "Sulawesi - Indonesia", "year": 2019, "month": 8}}, {"type": "Feature", "geometry": {"type": "Point", "coordinates": [109.88, -8.84]}, "properties": {"magnitude": 2.8, "mag_category": "Minor", "depth": 12.0, "depth_category": "Shallow", "date": "2019-09-08 00:00:00", "time": "07:44:21.940000", "region": "Java - Indonesia", "year": 2019, "month": 9}}, {"type": "Feature", "geometry": {"type": "Point", "coordinates": [140.42, -2.3]}, "properties": {"magnitude": 3.6, "mag_category": "Light", "depth": 10.0, "depth_category": "Shallow", "date": "2019-09-09 00:00:00", "time": "07:19:01.504000", "region": "Near North Coast of Irian Jaya", "year": 2019, "month": 9}}, {"type": "Feature", "geometry": {"type": "Point", "coordinates": [119.15, -9.76]}, "properties": {"magnitude": 4.2, "mag_category": "Moderate", "depth": 11.0, "depth_category": "Shallow", "date": "2019-08-30 00:00:00", "time": "06:21:30.621000", "region": "Sumba Region - Indonesia", "year": 2019, "month": 8}}, {"type": "Feature", "geometry": {"type": "Point", "coordinates": [120.39, -1.8]}, "properties": {"magnitude": 2.4, "mag_category": "Minor", "depth": 10.0, "depth_category": "Shallow", "date": "2019-12-15 00:00:00", "time": "19:50:33.173000", "region": "Sulawesi - Indonesia", "year": 2019, "month": 12}}, {"type": "Feature", "geometry": {"type": "Point", "coordinates": [128.36, -3.48]}, "properties": {"magnitude": 1.9, "mag_category": "Minor", "depth": 10.0, "depth_category": "Shallow", "date": "2019-11-01 00:00:00", "time": "16:48:17.713000", "region": "Seram - Indonesia", "year": 2019, "month": 11}}, {"type": "Feature", "geometry": {"type": "Point", "coordinates": [107.91, -8.04]}, "properties": {"magnitude": 3.6, "mag_category": "Light", "depth": 25.0, "depth_category": "Shallow", "date": "2019-11-02 00:00:00", "time": "16:50:02.990000", "region": "Java - Indonesia", "year": 2019, "month": 11}}, {"type": "Feature", "geometry": {"type": "Point", "coordinates": [106.84, -8.32]}, "properties": {"magnitude": 3.5, "mag_category": "Light", "depth": 10.0, "depth_category": "Shallow", "date": "2019-02-24 00:00:00", "time": "19:49:03.816000", "region": "South of Java - Indonesia", "year": 2019, "month": 2}}, {"type": "Feature", "geometry": {"type": "Point", "coordinates": [127.25, -2.89]}, "properties": {"magnitude": 2.4, "mag_category": "Minor", "depth": 10.0, "depth_category": "Shallow", "date": "2019-04-17 00:00:00", "time": "21:09:29.541000", "region": "Ceram Sea", "year": 2019, "month": 4}}, {"type": "Feature", "geometry": {"type": "Point", "coordinates": [127.9, -2.97]}, "properties": {"magnitude": 2.3, "mag_category": "Minor", "depth": 11.0, "depth_category": "Shallow", "date": "2019-11-08 00:00:00", "time": "15:46:28.459000", "region": "Ceram Sea", "year": 2019, "month": 11}}, {"type": "Feature", "geometry": {"type": "Point", "coordinates": [138.6, -2.5]}, "properties": {"magnitude": 4.4, "mag_category": "Moderate", "depth": 12.0, "depth_category": "Shallow", "date": "2019-06-26 00:00:00", "time": "17:47:30.748000", "region": "Irian Jaya - Indonesia", "year": 2019, "month": 6}}, {"type": "Feature", "geometry": {"type": "Point", "coordinates": [101.51, -1.48]}, "properties": {"magnitude": 3.2, "mag_category": "Light", "depth": 10.0, "depth_category": "Shallow", "date": "2019-02-28 00:00:00", "time": "04:44:29.538000", "region": "Southern Sumatra - Indonesia", "year": 2019, "month": 2}}, {"type": "Feature", "geometry": {"type": "Point", "coordinates": [126.46, 3.68]}, "properties": {"magnitude": 4.1, "mag_category": "Moderate", "depth": 10.0, "depth_category": "Shallow", "date": "2019-09-30 00:00:00", "time": "18:25:02.241000", "region": "Talaud Islands - Indonesia", "year": 2019, "month": 9}}, {"type": "Feature", "geometry": {"type": "Point", "coordinates": [138.59, -2.6]}, "properties": {"magnitude": 3.5, "mag_category": "Light", "depth": 21.0, "depth_category": "Shallow", "date": "2019-06-25 00:00:00", "time": "22:58:26.360000", "region": "Irian Jaya - Indonesia", "year": 2019, "month": 6}}, {"type": "Feature", "geometry": {"type": "Point", "coordinates": [122.6, -2.17]}, "properties": {"magnitude": 2.8, "mag_category": "Minor", "depth": 10.0, "depth_category": "Shallow", "date": "2019-04-13 00:00:00", "time": "09:34:37.887000", "region": "Sulawesi - Indonesia", "year": 2019, "month": 4}}, {"type": "Feature", "geometry": {"type": "Point", "coordinates": [127.64, 4.66]}, "properties": {"magnitude": 3.9, "mag_category": "Light", "depth": 98.0, "depth_category": "Intermediate", "date": "2019-11-19 00:00:00", "time": "20:53:50.828000", "region": "Talaud Islands - Indonesia", "year": 2019, "month": 11}}, {"type": "Feature", "geometry": {"type": "Point", "coordinates": [127.0, 1.09]}, "properties": {"magnitude": 4.2, "mag_category": "Moderate", "depth": 16.0, "depth_category": "Shallow", "date": "2019-01-23 00:00:00", "time": "12:11:08.567000", "region": "Northern Molucca Sea", "year": 2019, "month": 1}}, {"type": "Feature", "geometry": {"type": "Point", "coordinates": [127.03, 2.53]}, "properties": {"magnitude": 4.6, "mag_category": "Moderate", "depth": 50.0, "depth_category": "Shallow", "date": "2019-07-04 00:00:00", "time": "07:01:37.114000", "region": "Northern Molucca Sea", "year": 2019, "month": 7}}, {"type": "Feature", "geometry": {"type": "Point", "coordinates": [108.97, -8.38]}, "properties": {"magnitude": 4.6, "mag_category": "Moderate", "depth": 57.0, "depth_category": "Shallow", "date": "2019-01-07 00:00:00", "time": "16:58:49.783000", "region": "Java - Indonesia", "year": 2019, "month": 1}}, {"type": "Feature", "geometry": {"type": "Point", "coordinates": [128.41, -3.43]}, "properties": {"magnitude": 2.7, "mag_category": "Minor", "depth": 10.0, "depth_category": "Shallow", "date": "2019-10-07 00:00:00", "time": "21:19:44.057000", "region": "Seram - Indonesia", "year": 2019, "month": 10}}, {"type": "Feature", "geometry": {"type": "Point", "coordinates": [100.6, -2.13]}, "properties": {"magnitude": 4.4, "mag_category": "Moderate", "depth": 16.0, "depth_category": "Shallow", "date": "2019-12-26 00:00:00", "time": "09:41:34.506000", "region": "Southern Sumatra - Indonesia", "year": 2019, "month": 12}}, {"type": "Feature", "geometry": {"type": "Point", "coordinates": [121.98, 0.12]}, "properties": {"magnitude": 3.0, "mag_category": "Light", "depth": 24.0, "depth_category": "Shallow", "date": "2019-07-14 00:00:00", "time": "17:56:58.315000", "region": "Minahassa Peninsula - Sulawesi", "year": 2019, "month": 7}}, {"type": "Feature", "geometry": {"type": "Point", "coordinates": [119.11, -10.32]}, "properties": {"magnitude": 3.6, "mag_category": "Light", "depth": 10.0, "depth_category": "Shallow", "date": "2019-03-05 00:00:00", "time": "18:48:15.029000", "region": "Sumba Region - Indonesia", "year": 2019, "month": 3}}, {"type": "Feature", "geometry": {"type": "Point", "coordinates": [128.38, -3.38]}, "properties": {"magnitude": 2.5, "mag_category": "Minor", "depth": 10.0, "depth_category": "Shallow", "date": "2019-12-07 00:00:00", "time": "21:04:50.012000", "region": "Seram - Indonesia", "year": 2019, "month": 12}}, {"type": "Feature", "geometry": {"type": "Point", "coordinates": [123.07, -0.09]}, "properties": {"magnitude": 2.9, "mag_category": "Minor", "depth": 140.0, "depth_category": "Intermediate", "date": "2019-04-11 00:00:00", "time": "18:11:17.549000", "region": "Minahassa Peninsula - Sulawesi", "year": 2019, "month": 4}}, {"type": "Feature", "geometry": {"type": "Point", "coordinates": [126.51, 1.61]}, "properties": {"magnitude": 3.4, "mag_category": "Light", "depth": 28.0, "depth_category": "Shallow", "date": "2019-01-07 00:00:00", "time": "06:07:50.423000", "region": "Northern Molucca Sea", "year": 2019, "month": 1}}, {"type": "Feature", "geometry": {"type": "Point", "coordinates": [116.55, -8.97]}, "properties": {"magnitude": 2.9, "mag_category": "Minor", "depth": 23.0, "depth_category": "Shallow", "date": "2019-04-20 00:00:00", "time": "06:44:01.138000", "region": "Sumbawa Region - Indonesia", "year": 2019, "month": 4}}, {"type": "Feature", "geometry": {"type": "Point", "coordinates": [119.46, -3.0]}, "properties": {"magnitude": 3.1, "mag_category": "Light", "depth": 10.0, "depth_category": "Shallow", "date": "2019-03-13 00:00:00", "time": "22:12:05.997000", "region": "Sulawesi - Indonesia", "year": 2019, "month": 3}}, {"type": "Feature", "geometry": {"type": "Point", "coordinates": [124.69, 2.29]}, "properties": {"magnitude": 3.7, "mag_category": "Light", "depth": 250.0, "depth_category": "Intermediate", "date": "2019-05-21 00:00:00", "time": "13:55:02.244000", "region": "Celebes Sea", "year": 2019, "month": 5}}, {"type": "Feature", "geometry": {"type": "Point", "coordinates": [126.4, 1.46]}, "properties": {"magnitude": 3.6, "mag_category": "Light", "depth": 10.0, "depth_category": "Shallow", "date": "2019-11-16 00:00:00", "time": "19:23:58.967000", "region": "Northern Molucca Sea", "year": 2019, "month": 11}}, {"type": "Feature", "geometry": {"type": "Point", "coordinates": [122.42, -2.96]}, "properties": {"magnitude": 3.9, "mag_category": "Light", "depth": 10.0, "depth_category": "Shallow", "date": "2019-06-01 00:00:00", "time": "15:54:50.360000", "region": "Sulawesi - Indonesia", "year": 2019, "month": 6}}, {"type": "Feature", "geometry": {"type": "Point", "coordinates": [126.35, 0.53]}, "properties": {"magnitude": 4.9, "mag_category": "Moderate", "depth": 42.0, "depth_category": "Shallow", "date": "2019-07-08 00:00:00", "time": "19:54:13.958000", "region": "Northern Molucca Sea", "year": 2019, "month": 7}}, {"type": "Feature", "geometry": {"type": "Point", "coordinates": [128.39, -3.37]}, "properties": {"magnitude": 2.8, "mag_category": "Minor", "depth": 10.0, "depth_category": "Shallow", "date": "2019-12-23 00:00:00", "time": "04:32:09.324000", "region": "Seram - Indonesia", "year": 2019, "month": 12}}, {"type": "Feature", "geometry": {"type": "Point", "coordinates": [124.91, 0.43]}, "properties": {"magnitude": 3.2, "mag_category": "Light", "depth": 26.0, "depth_category": "Shallow", "date": "2019-09-15 00:00:00", "time": "16:48:20.758000", "region": "Minahassa Peninsula - Sulawesi", "year": 2019, "month": 9}}, {"type": "Feature", "geometry": {"type": "Point", "coordinates": [118.21, -8.86]}, "properties": {"magnitude": 3.0, "mag_category": "Light", "depth": 90.0, "depth_category": "Intermediate", "date": "2020-08-21 00:00:00", "time": "12:28:54.846000", "region": "Sumbawa Region - Indonesia", "year": 2020, "month": 8}}, {"type": "Feature", "geometry": {"type": "Point", "coordinates": [123.44, -7.61]}, "properties": {"magnitude": 3.0, "mag_category": "Light", "depth": 278.0, "depth_category": "Intermediate", "date": "2020-10-11 00:00:00", "time": "19:20:26.036000", "region": "Banda Sea", "year": 2020, "month": 10}}, {"type": "Feature", "geometry": {"type": "Point", "coordinates": [123.69, -9.42]}, "properties": {"magnitude": 4.6, "mag_category": "Moderate", "depth": 67.0, "depth_category": "Shallow", "date": "2020-01-15 00:00:00", "time": "16:22:14.647000", "region": "Timor Region", "year": 2020, "month": 1}}, {"type": "Feature", "geometry": {"type": "Point", "coordinates": [131.61, -3.7]}, "properties": {"magnitude": 3.7, "mag_category": "Light", "depth": 27.0, "depth_category": "Shallow", "date": "2020-07-24 00:00:00", "time": "12:22:06.636000", "region": "Irian Jaya Region - Indonesia", "year": 2020, "month": 7}}, {"type": "Feature", "geometry": {"type": "Point", "coordinates": [121.87, 0.29]}, "properties": {"magnitude": 2.3, "mag_category": "Minor", "depth": 150.0, "depth_category": "Intermediate", "date": "2020-01-18 00:00:00", "time": "21:00:35.448000", "region": "Minahassa Peninsula - Sulawesi", "year": 2020, "month": 1}}, {"type": "Feature", "geometry": {"type": "Point", "coordinates": [140.34, -3.55]}, "properties": {"magnitude": 4.2, "mag_category": "Moderate", "depth": 35.0, "depth_category": "Shallow", "date": "2020-08-18 00:00:00", "time": "04:05:52.074000", "region": "Irian Jaya - Indonesia", "year": 2020, "month": 8}}, {"type": "Feature", "geometry": {"type": "Point", "coordinates": [126.47, 5.49]}, "properties": {"magnitude": 4.7, "mag_category": "Moderate", "depth": 44.0, "depth_category": "Shallow", "date": "2020-02-07 00:00:00", "time": "02:03:34.153000", "region": "Mindanao - Philippines", "year": 2020, "month": 2}}, {"type": "Feature", "geometry": {"type": "Point", "coordinates": [125.34, -0.25]}, "properties": {"magnitude": 5.0, "mag_category": "Strong", "depth": 10.0, "depth_category": "Shallow", "date": "2020-08-13 00:00:00", "time": "10:06:06.796000", "region": "Southern Molucca Sea", "year": 2020, "month": 8}}, {"type": "Feature", "geometry": {"type": "Point", "coordinates": [119.05, -7.93]}, "properties": {"magnitude": 3.4, "mag_category": "Light", "depth": 10.0, "depth_category": "Shallow", "date": "2020-12-06 00:00:00", "time": "01:48:38.013000", "region": "Flores Sea", "year": 2020, "month": 12}}, {"type": "Feature", "geometry": {"type": "Point", "coordinates": [128.11, -0.76]}, "properties": {"magnitude": 3.7, "mag_category": "Light", "depth": 11.0, "depth_category": "Shallow", "date": "2020-05-20 00:00:00", "time": "12:28:20.633000", "region": "Halmahera - Indonesia", "year": 2020, "month": 5}}, {"type": "Feature", "geometry": {"type": "Point", "coordinates": [128.45, -3.86]}, "properties": {"magnitude": 3.2, "mag_category": "Light", "depth": 10.0, "depth_category": "Shallow", "date": "2020-09-26 00:00:00", "time": "02:08:34.109000", "region": "Seram - Indonesia", "year": 2020, "month": 9}}, {"type": "Feature", "geometry": {"type": "Point", "coordinates": [131.56, -4.83]}, "properties": {"magnitude": 4.2, "mag_category": "Moderate", "depth": 89.0, "depth_category": "Intermediate", "date": "2020-05-29 00:00:00", "time": "00:35:13.153000", "region": "Banda Sea", "year": 2020, "month": 5}}, {"type": "Feature", "geometry": {"type": "Point", "coordinates": [118.38, -8.68]}, "properties": {"magnitude": 3.3, "mag_category": "Light", "depth": 112.0, "depth_category": "Intermediate", "date": "2020-02-27 00:00:00", "time": "14:26:30.798000", "region": "Sumbawa Region - Indonesia", "year": 2020, "month": 2}}, {"type": "Feature", "geometry": {"type": "Point", "coordinates": [123.06, -0.09]}, "properties": {"magnitude": 4.5, "mag_category": "Moderate", "depth": 105.0, "depth_category": "Intermediate", "date": "2020-03-04 00:00:00", "time": "15:51:50.484000", "region": "Minahassa Peninsula - Sulawesi", "year": 2020, "month": 3}}, {"type": "Feature", "geometry": {"type": "Point", "coordinates": [126.8, 2.22]}, "properties": {"magnitude": 4.3, "mag_category": "Moderate", "depth": 53.0, "depth_category": "Shallow", "date": "2020-07-24 00:00:00", "time": "11:55:00.456000", "region": "Northern Molucca Sea", "year": 2020, "month": 7}}, {"type": "Feature", "geometry": {"type": "Point", "coordinates": [121.59, -9.17]}, "properties": {"magnitude": 4.0, "mag_category": "Moderate", "depth": 70.0, "depth_category": "Intermediate", "date": "2020-06-06 00:00:00", "time": "02:06:14.977000", "region": "Savu Sea", "year": 2020, "month": 6}}, {"type": "Feature", "geometry": {"type": "Point", "coordinates": [140.38, -2.41]}, "properties": {"magnitude": 3.0, "mag_category": "Light", "depth": 10.0, "depth_category": "Shallow", "date": "2020-05-10 00:00:00", "time": "21:15:56.188000", "region": "Near North Coast of Irian Jaya", "year": 2020, "month": 5}}, {"type": "Feature", "geometry": {"type": "Point", "coordinates": [99.21, 1.75]}, "properties": {"magnitude": 2.2, "mag_category": "Minor", "depth": 10.0, "depth_category": "Shallow", "date": "2020-04-01 00:00:00", "time": "21:42:09.538000", "region": "Northern Sumatra - Indonesia", "year": 2020, "month": 4}}, {"type": "Feature", "geometry": {"type": "Point", "coordinates": [116.93, -9.02]}, "properties": {"magnitude": 2.8, "mag_category": "Minor", "depth": 13.0, "depth_category": "Shallow", "date": "2020-10-17 00:00:00", "time": "11:13:49.916000", "region": "Sumbawa Region - Indonesia", "year": 2020, "month": 10}}, {"type": "Feature", "geometry": {"type": "Point", "coordinates": [127.06, 1.59]}, "properties": {"magnitude": 3.0, "mag_category": "Light", "depth": 10.0, "depth_category": "Shallow", "date": "2020-06-14 00:00:00", "time": "05:13:21.727000", "region": "Halmahera - Indonesia", "year": 2020, "month": 6}}, {"type": "Feature", "geometry": {"type": "Point", "coordinates": [118.83, -7.82]}, "properties": {"magnitude": 4.5, "mag_category": "Moderate", "depth": 21.0, "depth_category": "Shallow", "date": "2020-02-18 00:00:00", "time": "07:36:41.930000", "region": "Flores Sea", "year": 2020, "month": 2}}, {"type": "Feature", "geometry": {"type": "Point", "coordinates": [97.0, 1.61]}, "properties": {"magnitude": 4.9, "mag_category": "Moderate", "depth": 23.0, "depth_category": "Shallow", "date": "2020-06-06 00:00:00", "time": "23:50:36.768000", "region": "Northern Sumatra - Indonesia", "year": 2020, "month": 6}}, {"type": "Feature", "geometry": {"type": "Point", "coordinates": [104.33, -5.26]}, "properties": {"magnitude": 2.5, "mag_category": "Minor", "depth": 10.0, "depth_category": "Shallow", "date": "2020-09-20 00:00:00", "time": "15:16:47.792000", "region": "Southern Sumatra - Indonesia", "year": 2020, "month": 9}}, {"type": "Feature", "geometry": {"type": "Point", "coordinates": [139.3, -2.63]}, "properties": {"magnitude": 3.0, "mag_category": "Light", "depth": 75.0, "depth_category": "Intermediate", "date": "2020-02-19 00:00:00", "time": "12:02:48.687000", "region": "Near North Coast of Irian Jaya", "year": 2020, "month": 2}}, {"type": "Feature", "geometry": {"type": "Point", "coordinates": [123.04, -0.21]}, "properties": {"magnitude": 3.5, "mag_category": "Light", "depth": 65.0, "depth_category": "Shallow", "date": "2020-05-22 00:00:00", "time": "13:55:10.782000", "region": "Minahassa Peninsula - Sulawesi", "year": 2020, "month": 5}}, {"type": "Feature", "geometry": {"type": "Point", "coordinates": [126.94, 5.87]}, "properties": {"magnitude": 4.3, "mag_category": "Moderate", "depth": 96.0, "depth_category": "Intermediate", "date": "2020-09-19 00:00:00", "time": "23:05:22.996000", "region": "Mindanao - Philippines", "year": 2020, "month": 9}}, {"type": "Feature", "geometry": {"type": "Point", "coordinates": [130.66, -6.03]}, "properties": {"magnitude": 5.0, "mag_category": "Strong", "depth": 150.0, "depth_category": "Intermediate", "date": "2020-10-07 00:00:00", "time": "06:13:57.003000", "region": "Banda Sea", "year": 2020, "month": 10}}, {"type": "Feature", "geometry": {"type": "Point", "coordinates": [118.3, -9.73]}, "properties": {"magnitude": 3.5, "mag_category": "Light", "depth": 11.0, "depth_category": "Shallow", "date": "2020-07-29 00:00:00", "time": "02:57:20.494000", "region": "Sumbawa Region - Indonesia", "year": 2020, "month": 7}}, {"type": "Feature", "geometry": {"type": "Point", "coordinates": [124.91, 5.22]}, "properties": {"magnitude": 4.0, "mag_category": "Moderate", "depth": 109.0, "depth_category": "Intermediate", "date": "2020-08-27 00:00:00", "time": "19:57:59.128000", "region": "Mindanao - Philippines", "year": 2020, "month": 8}}, {"type": "Feature", "geometry": {"type": "Point", "coordinates": [127.56, -3.5]}, "properties": {"magnitude": 3.1, "mag_category": "Light", "depth": 87.0, "depth_category": "Intermediate", "date": "2020-03-08 00:00:00", "time": "01:10:29.426000", "region": "Seram - Indonesia", "year": 2020, "month": 3}}, {"type": "Feature", "geometry": {"type": "Point", "coordinates": [133.8, -0.5]}, "properties": {"magnitude": 4.2, "mag_category": "Moderate", "depth": 10.0, "depth_category": "Shallow", "date": "2020-07-19 00:00:00", "time": "15:40:14.554000", "region": "Irian Jaya Region - Indonesia", "year": 2020, "month": 7}}, {"type": "Feature", "geometry": {"type": "Point", "coordinates": [125.27, -0.24]}, "properties": {"magnitude": 5.4, "mag_category": "Strong", "depth": 46.0, "depth_category": "Shallow", "date": "2020-02-23 00:00:00", "time": "02:08:07", "region": "Southern Molucca Sea", "year": 2020, "month": 2}}, {"type": "Feature", "geometry": {"type": "Point", "coordinates": [129.0, -4.05]}, "properties": {"magnitude": 4.0, "mag_category": "Moderate", "depth": 134.0, "depth_category": "Intermediate", "date": "2020-12-10 00:00:00", "time": "23:56:02.502000", "region": "Banda Sea", "year": 2020, "month": 12}}, {"type": "Feature", "geometry": {"type": "Point", "coordinates": [119.08, -2.29]}, "properties": {"magnitude": 2.8, "mag_category": "Minor", "depth": 10.0, "depth_category": "Shallow", "date": "2020-12-01 00:00:00", "time": "06:27:43.906000", "region": "Sulawesi - Indonesia", "year": 2020, "month": 12}}, {"type": "Feature", "geometry": {"type": "Point", "coordinates": [115.3, -8.09]}, "properties": {"magnitude": 3.6, "mag_category": "Light", "depth": 10.0, "depth_category": "Shallow", "date": "2020-08-25 00:00:00", "time": "14:59:37.040000", "region": "Bali Region - Indonesia", "year": 2020, "month": 8}}, {"type": "Feature", "geometry": {"type": "Point", "coordinates": [97.64, 3.86]}, "properties": {"magnitude": 2.6, "mag_category": "Minor", "depth": 10.0, "depth_category": "Shallow", "date": "2020-09-27 00:00:00", "time": "22:42:24.594000", "region": "Northern Sumatra - Indonesia", "year": 2020, "month": 9}}, {"type": "Feature", "geometry": {"type": "Point", "coordinates": [118.61, 4.98]}, "properties": {"magnitude": 4.9, "mag_category": "Moderate", "depth": 15.0, "depth_category": "Shallow", "date": "2020-04-14 00:00:00", "time": "20:04:24.893000", "region": "Borneo", "year": 2020, "month": 4}}, {"type": "Feature", "geometry": {"type": "Point", "coordinates": [126.05, 1.24]}, "properties": {"magnitude": 4.1, "mag_category": "Moderate", "depth": 31.0, "depth_category": "Shallow", "date": "2020-12-30 00:00:00", "time": "16:38:04.468000", "region": "Northern Molucca Sea", "year": 2020, "month": 12}}, {"type": "Feature", "geometry": {"type": "Point", "coordinates": [118.36, -8.63]}, "properties": {"magnitude": 3.9, "mag_category": "Light", "depth": 118.0, "depth_category": "Intermediate", "date": "2020-04-27 00:00:00", "time": "19:58:12.857000", "region": "Sumbawa Region - Indonesia", "year": 2020, "month": 4}}, {"type": "Feature", "geometry": {"type": "Point", "coordinates": [122.97, 0.04]}, "properties": {"magnitude": 3.3, "mag_category": "Light", "depth": 171.0, "depth_category": "Intermediate", "date": "2020-12-07 00:00:00", "time": "20:04:56.079000", "region": "Minahassa Peninsula - Sulawesi", "year": 2020, "month": 12}}, {"type": "Feature", "geometry": {"type": "Point", "coordinates": [126.91, 4.14]}, "properties": {"magnitude": 3.8, "mag_category": "Light", "depth": 21.0, "depth_category": "Shallow", "date": "2020-05-05 00:00:00", "time": "09:13:33.383000", "region": "Talaud Islands - Indonesia", "year": 2020, "month": 5}}, {"type": "Feature", "geometry": {"type": "Point", "coordinates": [117.78, -9.52]}, "properties": {"magnitude": 3.5, "mag_category": "Light", "depth": 17.0, "depth_category": "Shallow", "date": "2020-06-28 00:00:00", "time": "22:49:29.822000", "region": "Sumbawa Region - Indonesia", "year": 2020, "month": 6}}, {"type": "Feature", "geometry": {"type": "Point", "coordinates": [119.04, -9.37]}, "properties": {"magnitude": 3.8, "mag_category": "Light", "depth": 43.0, "depth_category": "Shallow", "date": "2020-03-17 00:00:00", "time": "12:40:29.604000", "region": "Sumba Region - Indonesia", "year": 2020, "month": 3}}, {"type": "Feature", "geometry": {"type": "Point", "coordinates": [139.23, -2.73]}, "properties": {"magnitude": 4.8, "mag_category": "Moderate", "depth": 10.0, "depth_category": "Shallow", "date": "2020-03-27 00:00:00", "time": "02:49:02.283000", "region": "Near North Coast of Irian Jaya", "year": 2020, "month": 3}}, {"type": "Feature", "geometry": {"type": "Point", "coordinates": [126.44, 0.97]}, "properties": {"magnitude": 4.4, "mag_category": "Moderate", "depth": 16.0, "depth_category": "Shallow", "date": "2020-03-03 00:00:00", "time": "06:55:50.070000", "region": "Northern Molucca Sea", "year": 2020, "month": 3}}, {"type": "Feature", "geometry": {"type": "Point", "coordinates": [140.37, -3.15]}, "properties": {"magnitude": 2.7, "mag_category": "Minor", "depth": 49.0, "depth_category": "Shallow", "date": "2020-04-28 00:00:00", "time": "15:53:47.224000", "region": "Irian Jaya - Indonesia", "year": 2020, "month": 4}}, {"type": "Feature", "geometry": {"type": "Point", "coordinates": [115.54, -9.21]}, "properties": {"magnitude": 2.4, "mag_category": "Minor", "depth": 53.0, "depth_category": "Shallow", "date": "2020-03-06 00:00:00", "time": "02:26:36.280000", "region": "South of Bali - Indonesia", "year": 2020, "month": 3}}, {"type": "Feature", "geometry": {"type": "Point", "coordinates": [122.27, -3.01]}, "properties": {"magnitude": 2.4, "mag_category": "Minor", "depth": 10.0, "depth_category": "Shallow", "date": "2020-08-08 00:00:00", "time": "02:08:45.650000", "region": "Sulawesi - Indonesia", "year": 2020, "month": 8}}, {"type": "Feature", "geometry": {"type": "Point", "coordinates": [119.04, -9.6]}, "properties": {"magnitude": 2.7, "mag_category": "Minor", "depth": 10.0, "depth_category": "Shallow", "date": "2020-08-09 00:00:00", "time": "05:27:32.428000", "region": "Sumba Region - Indonesia", "year": 2020, "month": 8}}, {"type": "Feature", "geometry": {"type": "Point", "coordinates": [127.91, -3.02]}, "properties": {"magnitude": 3.6, "mag_category": "Light", "depth": 12.0, "depth_category": "Shallow", "date": "2020-04-20 00:00:00", "time": "19:39:21.434000", "region": "Seram - Indonesia", "year": 2020, "month": 4}}, {"type": "Feature", "geometry": {"type": "Point", "coordinates": [128.51, -4.52]}, "properties": {"magnitude": 2.8, "mag_category": "Minor", "depth": 10.0, "depth_category": "Shallow", "date": "2020-09-24 00:00:00", "time": "09:28:14.305000", "region": "Banda Sea", "year": 2020, "month": 9}}, {"type": "Feature", "geometry": {"type": "Point", "coordinates": [129.6, -2.49]}, "properties": {"magnitude": 3.3, "mag_category": "Light", "depth": 10.0, "depth_category": "Shallow", "date": "2020-06-28 00:00:00", "time": "04:14:30.920000", "region": "Seram - Indonesia", "year": 2020, "month": 6}}, {"type": "Feature", "geometry": {"type": "Point", "coordinates": [128.3, -3.07]}, "properties": {"magnitude": 2.4, "mag_category": "Minor", "depth": 10.0, "depth_category": "Shallow", "date": "2020-03-06 00:00:00", "time": "06:52:24.565000", "region": "Seram - Indonesia", "year": 2020, "month": 3}}, {"type": "Feature", "geometry": {"type": "Point", "coordinates": [126.17, -0.06]}, "properties": {"magnitude": 3.4, "mag_category": "Light", "depth": 18.0, "depth_category": "Shallow", "date": "2020-09-19 00:00:00", "time": "18:20:06.426000", "region": "Southern Molucca Sea", "year": 2020, "month": 9}}, {"type": "Feature", "geometry": {"type": "Point", "coordinates": [112.86, -9.53]}, "properties": {"magnitude": 5.0, "mag_category": "Strong", "depth": 66.0, "depth_category": "Shallow", "date": "2020-10-06 00:00:00", "time": "13:52:33.704000", "region": "South of Java - Indonesia", "year": 2020, "month": 10}}, {"type": "Feature", "geometry": {"type": "Point", "coordinates": [129.96, -2.7]}, "properties": {"magnitude": 3.7, "mag_category": "Light", "depth": 15.0, "depth_category": "Shallow", "date": "2020-02-26 00:00:00", "time": "04:39:04.839000", "region": "Seram - Indonesia", "year": 2020, "month": 2}}, {"type": "Feature", "geometry": {"type": "Point", "coordinates": [114.09, -9.39]}, "properties": {"magnitude": 2.6, "mag_category": "Minor", "depth": 10.0, "depth_category": "Shallow", "date": "2020-08-15 00:00:00", "time": "12:20:44.306000", "region": "South of Bali - Indonesia", "year": 2020, "month": 8}}, {"type": "Feature", "geometry": {"type": "Point", "coordinates": [122.8, 3.14]}, "properties": {"magnitude": 4.9, "mag_category": "Moderate", "depth": 501.0, "depth_category": "Deep", "date": "2020-08-04 00:00:00", "time": "02:39:55.832000", "region": "Celebes Sea", "year": 2020, "month": 8}}, {"type": "Feature", "geometry": {"type": "Point", "coordinates": [126.98, 1.49]}, "properties": {"magnitude": 3.2, "mag_category": "Light", "depth": 110.0, "depth_category": "Intermediate", "date": "2020-06-15 00:00:00", "time": "18:33:43.160000", "region": "Northern Molucca Sea", "year": 2020, "month": 6}}, {"type": "Feature", "geometry": {"type": "Point", "coordinates": [128.83, 1.58]}, "properties": {"magnitude": 3.0, "mag_category": "Light", "depth": 10.0, "depth_category": "Shallow", "date": "2020-07-31 00:00:00", "time": "10:55:50.143000", "region": "Halmahera - Indonesia", "year": 2020, "month": 7}}, {"type": "Feature", "geometry": {"type": "Point", "coordinates": [119.14, -9.83]}, "properties": {"magnitude": 4.0, "mag_category": "Moderate", "depth": 11.0, "depth_category": "Shallow", "date": "2020-09-29 00:00:00", "time": "11:48:14.906000", "region": "Sumba Region - Indonesia", "year": 2020, "month": 9}}, {"type": "Feature", "geometry": {"type": "Point", "coordinates": [123.91, 1.2]}, "properties": {"magnitude": 3.5, "mag_category": "Light", "depth": 10.0, "depth_category": "Shallow", "date": "2020-04-07 00:00:00", "time": "11:11:05.294000", "region": "Minahassa Peninsula - Sulawesi", "year": 2020, "month": 4}}, {"type": "Feature", "geometry": {"type": "Point", "coordinates": [124.11, -9.98]}, "properties": {"magnitude": 2.5, "mag_category": "Minor", "depth": 10.0, "depth_category": "Shallow", "date": "2020-12-25 00:00:00", "time": "01:22:36.053000", "region": "Timor Region", "year": 2020, "month": 12}}, {"type": "Feature", "geometry": {"type": "Point", "coordinates": [129.9, -6.06]}, "properties": {"magnitude": 5.6, "mag_category": "Strong", "depth": 12.0, "depth_category": "Shallow", "date": "2020-05-11 00:00:00", "time": "01:06:19.294000", "region": "Banda Sea", "year": 2020, "month": 5}}, {"type": "Feature", "geometry": {"type": "Point", "coordinates": [101.09, -2.92]}, "properties": {"magnitude": 3.6, "mag_category": "Light", "depth": 17.0, "depth_category": "Shallow", "date": "2020-03-15 00:00:00", "time": "13:09:16.762000", "region": "Southern Sumatra - Indonesia", "year": 2020, "month": 3}}, {"type": "Feature", "geometry": {"type": "Point", "coordinates": [111.58, -8.48]}, "properties": {"magnitude": 4.1, "mag_category": "Moderate", "depth": 105.0, "depth_category": "Intermediate", "date": "2020-07-24 00:00:00", "time": "14:41:19.129000", "region": "Java - Indonesia", "year": 2020, "month": 7}}, {"type": "Feature", "geometry": {"type": "Point", "coordinates": [112.21, -8.65]}, "properties": {"magnitude": 3.3, "mag_category": "Light", "depth": 15.0, "depth_category": "Shallow", "date": "2020-09-02 00:00:00", "time": "02:59:44.937000", "region": "Java - Indonesia", "year": 2020, "month": 9}}, {"type": "Feature", "geometry": {"type": "Point", "coordinates": [107.8, -8.0]}, "properties": {"magnitude": 3.0, "mag_category": "Light", "depth": 32.0, "depth_category": "Shallow", "date": "2020-03-10 00:00:00", "time": "04:17:38.760000", "region": "Java - Indonesia", "year": 2020, "month": 3}}, {"type": "Feature", "geometry": {"type": "Point", "coordinates": [123.93, -10.05]}, "properties": {"magnitude": 2.9, "mag_category": "Minor", "depth": 10.0, "depth_category": "Shallow", "date": "2020-01-15 00:00:00", "time": "09:09:28.664000", "region": "Timor Region", "year": 2020, "month": 1}}, {"type": "Feature", "geometry": {"type": "Point", "coordinates": [129.77, -6.84]}, "properties": {"magnitude": 4.5, "mag_category": "Moderate", "depth": 222.0, "depth_category": "Intermediate", "date": "2020-06-10 00:00:00", "time": "17:40:44.231000", "region": "Banda Sea", "year": 2020, "month": 6}}, {"type": "Feature", "geometry": {"type": "Point", "coordinates": [115.17, -10.96]}, "properties": {"magnitude": 4.2, "mag_category": "Moderate", "depth": 10.0, "depth_category": "Shallow", "date": "2020-03-21 00:00:00", "time": "15:24:01.871000", "region": "South of Bali - Indonesia", "year": 2020, "month": 3}}, {"type": "Feature", "geometry": {"type": "Point", "coordinates": [120.66, -2.48]}, "properties": {"magnitude": 2.6, "mag_category": "Minor", "depth": 10.0, "depth_category": "Shallow", "date": "2020-03-31 00:00:00", "time": "21:55:45.038000", "region": "Sulawesi - Indonesia", "year": 2020, "month": 3}}, {"type": "Feature", "geometry": {"type": "Point", "coordinates": [140.7, -2.19]}, "properties": {"magnitude": 3.6, "mag_category": "Light", "depth": 11.0, "depth_category": "Shallow", "date": "2020-04-30 00:00:00", "time": "16:29:26.416000", "region": "Near North Coast of Irian Jaya", "year": 2020, "month": 4}}, {"type": "Feature", "geometry": {"type": "Point", "coordinates": [120.49, -1.34]}, "properties": {"magnitude": 4.0, "mag_category": "Moderate", "depth": 10.0, "depth_category": "Shallow", "date": "2020-06-11 00:00:00", "time": "06:57:29.678000", "region": "Sulawesi - Indonesia", "year": 2020, "month": 6}}, {"type": "Feature", "geometry": {"type": "Point", "coordinates": [114.42, -9.53]}, "properties": {"magnitude": 3.2, "mag_category": "Light", "depth": 14.0, "depth_category": "Shallow", "date": "2020-04-28 00:00:00", "time": "02:32:41.705000", "region": "South of Bali - Indonesia", "year": 2020, "month": 4}}, {"type": "Feature", "geometry": {"type": "Point", "coordinates": [107.85, -8.25]}, "properties": {"magnitude": 3.7, "mag_category": "Light", "depth": 12.0, "depth_category": "Shallow", "date": "2020-10-25 00:00:00", "time": "13:57:53.738000", "region": "Java - Indonesia", "year": 2020, "month": 10}}, {"type": "Feature", "geometry": {"type": "Point", "coordinates": [115.97, -8.32]}, "properties": {"magnitude": 3.1, "mag_category": "Light", "depth": 19.0, "depth_category": "Shallow", "date": "2020-11-17 00:00:00", "time": "22:44:17.447000", "region": "Bali Region - Indonesia", "year": 2020, "month": 11}}, {"type": "Feature", "geometry": {"type": "Point", "coordinates": [120.42, -5.74]}, "properties": {"magnitude": 2.1, "mag_category": "Minor", "depth": 10.0, "depth_category": "Shallow", "date": "2020-04-13 00:00:00", "time": "10:21:11.789000", "region": "Sulawesi - Indonesia", "year": 2020, "month": 4}}, {"type": "Feature", "geometry": {"type": "Point", "coordinates": [122.0, 1.09]}, "properties": {"magnitude": 3.4, "mag_category": "Light", "depth": 11.0, "depth_category": "Shallow", "date": "2020-12-02 00:00:00", "time": "13:19:49.278000", "region": "Minahassa Peninsula - Sulawesi", "year": 2020, "month": 12}}, {"type": "Feature", "geometry": {"type": "Point", "coordinates": [135.51, -3.37]}, "properties": {"magnitude": 4.5, "mag_category": "Moderate", "depth": 10.0, "depth_category": "Shallow", "date": "2020-05-17 00:00:00", "time": "14:57:31.835000", "region": "Irian Jaya Region - Indonesia", "year": 2020, "month": 5}}, {"type": "Feature", "geometry": {"type": "Point", "coordinates": [126.38, 0.68]}, "properties": {"magnitude": 3.5, "mag_category": "Light", "depth": 10.0, "depth_category": "Shallow", "date": "2020-04-15 00:00:00", "time": "19:49:30.524000", "region": "Northern Molucca Sea", "year": 2020, "month": 4}}, {"type": "Feature", "geometry": {"type": "Point", "coordinates": [114.53, -9.53]}, "properties": {"magnitude": 3.1, "mag_category": "Light", "depth": 27.0, "depth_category": "Shallow", "date": "2020-08-19 00:00:00", "time": "15:27:13.576000", "region": "South of Bali - Indonesia", "year": 2020, "month": 8}}, {"type": "Feature", "geometry": {"type": "Point", "coordinates": [102.39, -5.17]}, "properties": {"magnitude": 3.4, "mag_category": "Light", "depth": 17.0, "depth_category": "Shallow", "date": "2020-10-02 00:00:00", "time": "04:35:23.559000", "region": "Southern Sumatra - Indonesia", "year": 2020, "month": 10}}, {"type": "Feature", "geometry": {"type": "Point", "coordinates": [129.88, -2.79]}, "properties": {"magnitude": 3.8, "mag_category": "Light", "depth": 13.0, "depth_category": "Shallow", "date": "2020-05-26 00:00:00", "time": "05:59:06.794000", "region": "Seram - Indonesia", "year": 2020, "month": 5}}, {"type": "Feature", "geometry": {"type": "Point", "coordinates": [102.75, -4.65]}, "properties": {"magnitude": 4.5, "mag_category": "Moderate", "depth": 32.0, "depth_category": "Shallow", "date": "2020-10-17 00:00:00", "time": "23:26:56.530000", "region": "Southern Sumatra - Indonesia", "year": 2020, "month": 10}}, {"type": "Feature", "geometry": {"type": "Point", "coordinates": [95.04, 4.57]}, "properties": {"magnitude": 3.9, "mag_category": "Light", "depth": 31.0, "depth_category": "Shallow", "date": "2020-12-29 00:00:00", "time": "03:27:34.710000", "region": "Northern Sumatra - Indonesia", "year": 2020, "month": 12}}, {"type": "Feature", "geometry": {"type": "Point", "coordinates": [130.22, -6.26]}, "properties": {"magnitude": 4.5, "mag_category": "Moderate", "depth": 168.0, "depth_category": "Intermediate", "date": "2020-06-01 00:00:00", "time": "13:34:00.207000", "region": "Banda Sea", "year": 2020, "month": 6}}, {"type": "Feature", "geometry": {"type": "Point", "coordinates": [122.1, -8.9]}, "properties": {"magnitude": 2.5, "mag_category": "Minor", "depth": 31.0, "depth_category": "Shallow", "date": "2020-08-15 00:00:00", "time": "13:59:55.521000", "region": "Flores Region - Indonesia", "year": 2020, "month": 8}}, {"type": "Feature", "geometry": {"type": "Point", "coordinates": [129.93, -2.75]}, "properties": {"magnitude": 2.7, "mag_category": "Minor", "depth": 13.0, "depth_category": "Shallow", "date": "2020-02-14 00:00:00", "time": "19:17:21.849000", "region": "Seram - Indonesia", "year": 2020, "month": 2}}, {"type": "Feature", "geometry": {"type": "Point", "coordinates": [128.82, -2.52]}, "properties": {"magnitude": 4.4, "mag_category": "Moderate", "depth": 10.0, "depth_category": "Shallow", "date": "2020-03-10 00:00:00", "time": "08:52:17.193000", "region": "Ceram Sea", "year": 2020, "month": 3}}, {"type": "Feature", "geometry": {"type": "Point", "coordinates": [135.41, -3.29]}, "properties": {"magnitude": 4.3, "mag_category": "Moderate", "depth": 29.0, "depth_category": "Shallow", "date": "2020-02-11 00:00:00", "time": "19:40:51.056000", "region": "Irian Jaya Region - Indonesia", "year": 2020, "month": 2}}, {"type": "Feature", "geometry": {"type": "Point", "coordinates": [114.47, -9.12]}, "properties": {"magnitude": 4.7, "mag_category": "Moderate", "depth": 77.0, "depth_category": "Intermediate", "date": "2020-05-08 00:00:00", "time": "10:32:45.267000", "region": "South of Bali - Indonesia", "year": 2020, "month": 5}}, {"type": "Feature", "geometry": {"type": "Point", "coordinates": [103.15, -4.02]}, "properties": {"magnitude": 2.1, "mag_category": "Minor", "depth": 10.0, "depth_category": "Shallow", "date": "2020-03-15 00:00:00", "time": "15:06:14.830000", "region": "Southern Sumatra - Indonesia", "year": 2020, "month": 3}}, {"type": "Feature", "geometry": {"type": "Point", "coordinates": [114.11, -9.47]}, "properties": {"magnitude": 2.8, "mag_category": "Minor", "depth": 10.0, "depth_category": "Shallow", "date": "2020-08-15 00:00:00", "time": "17:27:10.523000", "region": "South of Bali - Indonesia", "year": 2020, "month": 8}}, {"type": "Feature", "geometry": {"type": "Point", "coordinates": [129.73, -5.36]}, "properties": {"magnitude": 4.4, "mag_category": "Moderate", "depth": 234.0, "depth_category": "Intermediate", "date": "2020-03-13 00:00:00", "time": "21:37:52.808000", "region": "Banda Sea", "year": 2020, "month": 3}}, {"type": "Feature", "geometry": {"type": "Point", "coordinates": [122.51, -5.98]}, "properties": {"magnitude": 5.3, "mag_category": "Strong", "depth": 10.0, "depth_category": "Shallow", "date": "2020-10-09 00:00:00", "time": "02:57:21.145000", "region": "Sulawesi - Indonesia", "year": 2020, "month": 10}}, {"type": "Feature", "geometry": {"type": "Point", "coordinates": [106.92, -7.11]}, "properties": {"magnitude": 2.7, "mag_category": "Minor", "depth": 10.0, "depth_category": "Shallow", "date": "2020-07-12 00:00:00", "time": "17:09:14.183000", "region": "Java - Indonesia", "year": 2020, "month": 7}}, {"type": "Feature", "geometry": {"type": "Point", "coordinates": [124.41, -10.21]}, "properties": {"magnitude": 2.9, "mag_category": "Minor", "depth": 23.0, "depth_category": "Shallow", "date": "2020-10-30 00:00:00", "time": "17:25:50.442000", "region": "Timor Region", "year": 2020, "month": 10}}, {"type": "Feature", "geometry": {"type": "Point", "coordinates": [126.08, 0.76]}, "properties": {"magnitude": 3.3, "mag_category": "Light", "depth": 10.0, "depth_category": "Shallow", "date": "2020-12-12 00:00:00", "time": "12:31:13.624000", "region": "Northern Molucca Sea", "year": 2020, "month": 12}}, {"type": "Feature", "geometry": {"type": "Point", "coordinates": [98.88, 1.32]}, "properties": {"magnitude": 3.1, "mag_category": "Light", "depth": 84.0, "depth_category": "Intermediate", "date": "2020-02-16 00:00:00", "time": "12:59:38.059000", "region": "Northern Sumatra - Indonesia", "year": 2020, "month": 2}}, {"type": "Feature", "geometry": {"type": "Point", "coordinates": [119.38, -2.93]}, "properties": {"magnitude": 3.4, "mag_category": "Light", "depth": 10.0, "depth_category": "Shallow", "date": "2020-02-19 00:00:00", "time": "19:25:52.661000", "region": "Sulawesi - Indonesia", "year": 2020, "month": 2}}, {"type": "Feature", "geometry": {"type": "Point", "coordinates": [97.78, 2.17]}, "properties": {"magnitude": 2.7, "mag_category": "Minor", "depth": 25.0, "depth_category": "Shallow", "date": "2020-01-01 00:00:00", "time": "09:39:13.705000", "region": "Northern Sumatra - Indonesia", "year": 2020, "month": 1}}, {"type": "Feature", "geometry": {"type": "Point", "coordinates": [128.79, -3.49]}, "properties": {"magnitude": 2.9, "mag_category": "Minor", "depth": 10.0, "depth_category": "Shallow", "date": "2020-12-01 00:00:00", "time": "11:24:11.920000", "region": "Seram - Indonesia", "year": 2020, "month": 12}}, {"type": "Feature", "geometry": {"type": "Point", "coordinates": [104.81, -6.31]}, "properties": {"magnitude": 3.3, "mag_category": "Light", "depth": 10.0, "depth_category": "Shallow", "date": "2020-08-04 00:00:00", "time": "16:05:37.038000", "region": "Sunda Strait - Indonesia", "year": 2020, "month": 8}}, {"type": "Feature", "geometry": {"type": "Point", "coordinates": [118.79, -10.46]}, "properties": {"magnitude": 2.6, "mag_category": "Minor", "depth": 11.0, "depth_category": "Shallow", "date": "2020-06-16 00:00:00", "time": "10:52:38.784000", "region": "South of Sumbawa - Indonesia", "year": 2020, "month": 6}}, {"type": "Feature", "geometry": {"type": "Point", "coordinates": [140.4, -4.18]}, "properties": {"magnitude": 3.0, "mag_category": "Light", "depth": 25.0, "depth_category": "Shallow", "date": "2020-12-30 00:00:00", "time": "19:16:27.733000", "region": "Irian Jaya - Indonesia", "year": 2020, "month": 12}}, {"type": "Feature", "geometry": {"type": "Point", "coordinates": [122.51, -1.83]}, "properties": {"magnitude": 3.1, "mag_category": "Light", "depth": 14.0, "depth_category": "Shallow", "date": "2020-08-03 00:00:00", "time": "19:04:12.654000", "region": "Sulawesi - Indonesia", "year": 2020, "month": 8}}, {"type": "Feature", "geometry": {"type": "Point", "coordinates": [108.62, -8.13]}, "properties": {"magnitude": 3.4, "mag_category": "Light", "depth": 100.0, "depth_category": "Intermediate", "date": "2020-06-24 00:00:00", "time": "00:59:30.346000", "region": "Java - Indonesia", "year": 2020, "month": 6}}, {"type": "Feature", "geometry": {"type": "Point", "coordinates": [130.07, -2.75]}, "properties": {"magnitude": 3.7, "mag_category": "Light", "depth": 18.0, "depth_category": "Shallow", "date": "2020-03-26 00:00:00", "time": "07:54:12.220000", "region": "Seram - Indonesia", "year": 2020, "month": 3}}, {"type": "Feature", "geometry": {"type": "Point", "coordinates": [130.31, -2.76]}, "properties": {"magnitude": 3.4, "mag_category": "Light", "depth": 11.0, "depth_category": "Shallow", "date": "2020-05-18 00:00:00", "time": "06:26:48.571000", "region": "Seram - Indonesia", "year": 2020, "month": 5}}, {"type": "Feature", "geometry": {"type": "Point", "coordinates": [120.71, -2.57]}, "properties": {"magnitude": 2.5, "mag_category": "Minor", "depth": 10.0, "depth_category": "Shallow", "date": "2020-06-12 00:00:00", "time": "09:13:45.466000", "region": "Sulawesi - Indonesia", "year": 2020, "month": 6}}, {"type": "Feature", "geometry": {"type": "Point", "coordinates": [123.0, -8.12]}, "properties": {"magnitude": 4.0, "mag_category": "Moderate", "depth": 10.0, "depth_category": "Shallow", "date": "2020-08-30 00:00:00", "time": "18:15:59.631000", "region": "Flores Region - Indonesia", "year": 2020, "month": 8}}, {"type": "Feature", "geometry": {"type": "Point", "coordinates": [113.74, -9.12]}, "properties": {"magnitude": 3.1, "mag_category": "Light", "depth": 10.0, "depth_category": "Shallow", "date": "2020-03-11 00:00:00", "time": "13:55:23.982000", "region": "South of Java - Indonesia", "year": 2020, "month": 3}}, {"type": "Feature", "geometry": {"type": "Point", "coordinates": [98.29, 0.43]}, "properties": {"magnitude": 2.9, "mag_category": "Minor", "depth": 10.0, "depth_category": "Shallow", "date": "2020-09-25 00:00:00", "time": "06:22:53.004000", "region": "Northern Sumatra - Indonesia", "year": 2020, "month": 9}}, {"type": "Feature", "geometry": {"type": "Point", "coordinates": [140.15, -3.82]}, "properties": {"magnitude": 3.4, "mag_category": "Light", "depth": 23.0, "depth_category": "Shallow", "date": "2020-08-27 00:00:00", "time": "19:24:38.121000", "region": "Irian Jaya - Indonesia", "year": 2020, "month": 8}}, {"type": "Feature", "geometry": {"type": "Point", "coordinates": [120.33, -1.65]}, "properties": {"magnitude": 2.3, "mag_category": "Minor", "depth": 10.0, "depth_category": "Shallow", "date": "2020-03-17 00:00:00", "time": "19:54:20.362000", "region": "Sulawesi - Indonesia", "year": 2020, "month": 3}}, {"type": "Feature", "geometry": {"type": "Point", "coordinates": [96.57, 1.99]}, "properties": {"magnitude": 3.7, "mag_category": "Light", "depth": 36.0, "depth_category": "Shallow", "date": "2020-07-16 00:00:00", "time": "21:21:55.581000", "region": "Off West Coast of Northern Sumatra", "year": 2020, "month": 7}}, {"type": "Feature", "geometry": {"type": "Point", "coordinates": [122.79, 1.12]}, "properties": {"magnitude": 2.8, "mag_category": "Minor", "depth": 30.0, "depth_category": "Shallow", "date": "2020-06-06 00:00:00", "time": "20:32:41.348000", "region": "Minahassa Peninsula - Sulawesi", "year": 2020, "month": 6}}, {"type": "Feature", "geometry": {"type": "Point", "coordinates": [126.88, 1.34]}, "properties": {"magnitude": 3.5, "mag_category": "Light", "depth": 29.0, "depth_category": "Shallow", "date": "2020-07-08 00:00:00", "time": "22:29:26.846000", "region": "Northern Molucca Sea", "year": 2020, "month": 7}}, {"type": "Feature", "geometry": {"type": "Point", "coordinates": [123.85, 0.08]}, "properties": {"magnitude": 6.1, "mag_category": "Major", "depth": 106.0, "depth_category": "Intermediate", "date": "2020-06-23 00:00:00", "time": "07:43:29.104000", "region": "Minahassa Peninsula - Sulawesi", "year": 2020, "month": 6}}, {"type": "Feature", "geometry": {"type": "Point", "coordinates": [100.08, -3.42]}, "properties": {"magnitude": 3.2, "mag_category": "Light", "depth": 12.0, "depth_category": "Shallow", "date": "2020-10-17 00:00:00", "time": "18:23:10.095000", "region": "Southern Sumatra - Indonesia", "year": 2020, "month": 10}}, {"type": "Feature", "geometry": {"type": "Point", "coordinates": [100.0, -0.81]}, "properties": {"magnitude": 2.9, "mag_category": "Minor", "depth": 51.0, "depth_category": "Shallow", "date": "2020-09-26 00:00:00", "time": "22:41:31.512000", "region": "Southern Sumatra - Indonesia", "year": 2020, "month": 9}}, {"type": "Feature", "geometry": {"type": "Point", "coordinates": [122.07, -5.64]}, "properties": {"magnitude": 2.8, "mag_category": "Minor", "depth": 10.0, "depth_category": "Shallow", "date": "2020-02-24 00:00:00", "time": "11:10:28.672000", "region": "Sulawesi - Indonesia", "year": 2020, "month": 2}}, {"type": "Feature", "geometry": {"type": "Point", "coordinates": [99.46, 1.17]}, "properties": {"magnitude": 5.0, "mag_category": "Strong", "depth": 10.0, "depth_category": "Shallow", "date": "2020-04-30 00:00:00", "time": "08:20:26.208000", "region": "Northern Sumatra - Indonesia", "year": 2020, "month": 4}}, {"type": "Feature", "geometry": {"type": "Point", "coordinates": [106.85, -7.59]}, "properties": {"magnitude": 2.6, "mag_category": "Minor", "depth": 39.0, "depth_category": "Shallow", "date": "2020-10-09 00:00:00", "time": "00:25:36.836000", "region": "Java - Indonesia", "year": 2020, "month": 10}}, {"type": "Feature", "geometry": {"type": "Point", "coordinates": [101.23, -1.84]}, "properties": {"magnitude": 3.6, "mag_category": "Light", "depth": 66.0, "depth_category": "Shallow", "date": "2020-03-27 00:00:00", "time": "11:44:52.755000", "region": "Southern Sumatra - Indonesia", "year": 2020, "month": 3}}, {"type": "Feature", "geometry": {"type": "Point", "coordinates": [106.02, -7.52]}, "properties": {"magnitude": 3.2, "mag_category": "Light", "depth": 23.0, "depth_category": "Shallow", "date": "2020-05-29 00:00:00", "time": "10:25:56.828000", "region": "Java - Indonesia", "year": 2020, "month": 5}}, {"type": "Feature", "geometry": {"type": "Point", "coordinates": [127.4, -0.82]}, "properties": {"magnitude": 4.0, "mag_category": "Moderate", "depth": 10.0, "depth_category": "Shallow", "date": "2020-01-06 00:00:00", "time": "02:49:22.052000", "region": "Halmahera - Indonesia", "year": 2020, "month": 1}}, {"type": "Feature", "geometry": {"type": "Point", "coordinates": [122.69, -4.67]}, "properties": {"magnitude": 3.3, "mag_category": "Light", "depth": 10.0, "depth_category": "Shallow", "date": "2020-12-08 00:00:00", "time": "12:57:43.325000", "region": "Sulawesi - Indonesia", "year": 2020, "month": 12}}, {"type": "Feature", "geometry": {"type": "Point", "coordinates": [128.26, 1.91]}, "properties": {"magnitude": 3.7, "mag_category": "Light", "depth": 89.0, "depth_category": "Intermediate", "date": "2020-09-04 00:00:00", "time": "15:35:59.690000", "region": "Halmahera - Indonesia", "year": 2020, "month": 9}}, {"type": "Feature", "geometry": {"type": "Point", "coordinates": [118.27, -9.13]}, "properties": {"magnitude": 2.3, "mag_category": "Minor", "depth": 10.0, "depth_category": "Shallow", "date": "2020-01-27 00:00:00", "time": "15:59:38.082000", "region": "Sumbawa Region - Indonesia", "year": 2020, "month": 1}}, {"type": "Feature", "geometry": {"type": "Point", "coordinates": [112.62, -7.81]}, "properties": {"magnitude": 3.6, "mag_category": "Light", "depth": 19.0, "depth_category": "Shallow", "date": "2020-02-07 00:00:00", "time": "07:17:00.957000", "region": "Java - Indonesia", "year": 2020, "month": 2}}, {"type": "Feature", "geometry": {"type": "Point", "coordinates": [96.77, 3.95]}, "properties": {"magnitude": 3.7, "mag_category": "Light", "depth": 10.0, "depth_category": "Shallow", "date": "2020-03-06 00:00:00", "time": "16:35:15.068000", "region": "Northern Sumatra - Indonesia", "year": 2020, "month": 3}}, {"type": "Feature", "geometry": {"type": "Point", "coordinates": [107.42, -7.18]}, "properties": {"magnitude": 2.6, "mag_category": "Minor", "depth": 10.0, "depth_category": "Shallow", "date": "2020-01-20 00:00:00", "time": "22:38:14.542000", "region": "Java - Indonesia", "year": 2020, "month": 1}}, {"type": "Feature", "geometry": {"type": "Point", "coordinates": [119.63, -8.33]}, "properties": {"magnitude": 3.9, "mag_category": "Light", "depth": 173.0, "depth_category": "Intermediate", "date": "2020-02-10 00:00:00", "time": "02:49:19.446000", "region": "Flores Region - Indonesia", "year": 2020, "month": 2}}, {"type": "Feature", "geometry": {"type": "Point", "coordinates": [95.21, 5.72]}, "properties": {"magnitude": 2.7, "mag_category": "Minor", "depth": 10.0, "depth_category": "Shallow", "date": "2020-06-04 00:00:00", "time": "04:23:19.003000", "region": "Northern Sumatra - Indonesia", "year": 2020, "month": 6}}, {"type": "Feature", "geometry": {"type": "Point", "coordinates": [101.68, -3.62]}, "properties": {"magnitude": 3.3, "mag_category": "Light", "depth": 28.0, "depth_category": "Shallow", "date": "2020-06-03 00:00:00", "time": "17:56:13.626000", "region": "Southern Sumatra - Indonesia", "year": 2020, "month": 6}}, {"type": "Feature", "geometry": {"type": "Point", "coordinates": [129.42, -2.8]}, "properties": {"magnitude": 3.4, "mag_category": "Light", "depth": 10.0, "depth_category": "Shallow", "date": "2020-03-01 00:00:00", "time": "11:23:39.988000", "region": "Seram - Indonesia", "year": 2020, "month": 3}}, {"type": "Feature", "geometry": {"type": "Point", "coordinates": [130.31, -6.47]}, "properties": {"magnitude": 5.0, "mag_category": "Strong", "depth": 179.0, "depth_category": "Intermediate", "date": "2020-01-02 00:00:00", "time": "05:37:34.305000", "region": "Banda Sea", "year": 2020, "month": 1}}, {"type": "Feature", "geometry": {"type": "Point", "coordinates": [123.07, -0.29]}, "properties": {"magnitude": 2.6, "mag_category": "Minor", "depth": 24.0, "depth_category": "Shallow", "date": "2020-12-03 00:00:00", "time": "11:58:56.427000", "region": "Minahassa Peninsula - Sulawesi", "year": 2020, "month": 12}}, {"type": "Feature", "geometry": {"type": "Point", "coordinates": [106.06, -9.03]}, "properties": {"magnitude": 4.2, "mag_category": "Moderate", "depth": 23.0, "depth_category": "Shallow", "date": "2020-04-22 00:00:00", "time": "08:52:18.020000", "region": "South of Java - Indonesia", "year": 2020, "month": 4}}, {"type": "Feature", "geometry": {"type": "Point", "coordinates": [130.52, -6.56]}, "properties": {"magnitude": 3.9, "mag_category": "Light", "depth": 131.0, "depth_category": "Intermediate", "date": "2020-11-14 00:00:00", "time": "05:33:28.494000", "region": "Banda Sea", "year": 2020, "month": 11}}, {"type": "Feature", "geometry": {"type": "Point", "coordinates": [119.71, -1.24]}, "properties": {"magnitude": 4.4, "mag_category": "Moderate", "depth": 10.0, "depth_category": "Shallow", "date": "2020-05-09 00:00:00", "time": "23:43:05.004000", "region": "Sulawesi - Indonesia", "year": 2020, "month": 5}}, {"type": "Feature", "geometry": {"type": "Point", "coordinates": [123.45, -0.72]}, "properties": {"magnitude": 3.9, "mag_category": "Light", "depth": 10.0, "depth_category": "Shallow", "date": "2020-08-15 00:00:00", "time": "13:38:22.408000", "region": "Minahassa Peninsula - Sulawesi", "year": 2020, "month": 8}}, {"type": "Feature", "geometry": {"type": "Point", "coordinates": [118.89, -9.94]}, "properties": {"magnitude": 2.9, "mag_category": "Minor", "depth": 10.0, "depth_category": "Shallow", "date": "2020-08-08 00:00:00", "time": "10:41:50.081000", "region": "Sumbawa Region - Indonesia", "year": 2020, "month": 8}}, {"type": "Feature", "geometry": {"type": "Point", "coordinates": [107.31, -7.88]}, "properties": {"magnitude": 2.7, "mag_category": "Minor", "depth": 30.0, "depth_category": "Shallow", "date": "2020-02-20 00:00:00", "time": "07:09:15.371000", "region": "Java - Indonesia", "year": 2020, "month": 2}}, {"type": "Feature", "geometry": {"type": "Point", "coordinates": [127.4, 1.72]}, "properties": {"magnitude": 3.5, "mag_category": "Light", "depth": 112.0, "depth_category": "Intermediate", "date": "2020-06-26 00:00:00", "time": "07:05:12.538000", "region": "Halmahera - Indonesia", "year": 2020, "month": 6}}, {"type": "Feature", "geometry": {"type": "Point", "coordinates": [125.65, 2.47]}, "properties": {"magnitude": 3.6, "mag_category": "Light", "depth": 93.0, "depth_category": "Intermediate", "date": "2020-01-06 00:00:00", "time": "11:42:37.807000", "region": "Talaud Islands - Indonesia", "year": 2020, "month": 1}}, {"type": "Feature", "geometry": {"type": "Point", "coordinates": [119.03, -9.88]}, "properties": {"magnitude": 4.1, "mag_category": "Moderate", "depth": 10.0, "depth_category": "Shallow", "date": "2020-08-27 00:00:00", "time": "18:01:32.356000", "region": "Sumba Region - Indonesia", "year": 2020, "month": 8}}, {"type": "Feature", "geometry": {"type": "Point", "coordinates": [117.89, -8.96]}, "properties": {"magnitude": 4.7, "mag_category": "Moderate", "depth": 10.0, "depth_category": "Shallow", "date": "2020-06-13 00:00:00", "time": "12:12:23.264000", "region": "Sumbawa Region - Indonesia", "year": 2020, "month": 6}}, {"type": "Feature", "geometry": {"type": "Point", "coordinates": [123.77, -9.06]}, "properties": {"magnitude": 3.0, "mag_category": "Light", "depth": 55.0, "depth_category": "Shallow", "date": "2021-11-23 00:00:00", "time": "17:56:09.949000", "region": "Timor Region", "year": 2021, "month": 11}}, {"type": "Feature", "geometry": {"type": "Point", "coordinates": [104.57, -5.6]}, "properties": {"magnitude": 2.9, "mag_category": "Minor", "depth": 10.0, "depth_category": "Shallow", "date": "2021-07-08 00:00:00", "time": "20:14:40.485000", "region": "Southern Sumatra - Indonesia", "year": 2021, "month": 7}}, {"type": "Feature", "geometry": {"type": "Point", "coordinates": [122.34, 0.65]}, "properties": {"magnitude": 2.2, "mag_category": "Minor", "depth": 10.0, "depth_category": "Shallow", "date": "2021-03-13 00:00:00", "time": "23:18:48.836000", "region": "Minahassa Peninsula - Sulawesi", "year": 2021, "month": 3}}, {"type": "Feature", "geometry": {"type": "Point", "coordinates": [126.43, 1.79]}, "properties": {"magnitude": 3.2, "mag_category": "Light", "depth": 22.0, "depth_category": "Shallow", "date": "2021-04-20 00:00:00", "time": "18:38:25.641000", "region": "Northern Molucca Sea", "year": 2021, "month": 4}}, {"type": "Feature", "geometry": {"type": "Point", "coordinates": [121.45, -2.58]}, "properties": {"magnitude": 2.6, "mag_category": "Minor", "depth": 10.0, "depth_category": "Shallow", "date": "2021-09-19 00:00:00", "time": "20:24:02.930000", "region": "Sulawesi - Indonesia", "year": 2021, "month": 9}}, {"type": "Feature", "geometry": {"type": "Point", "coordinates": [128.79, -2.4]}, "properties": {"magnitude": 3.2, "mag_category": "Light", "depth": 26.0, "depth_category": "Shallow", "date": "2021-05-19 00:00:00", "time": "17:47:14.918000", "region": "Ceram Sea", "year": 2021, "month": 5}}, {"type": "Feature", "geometry": {"type": "Point", "coordinates": [133.18, -1.78]}, "properties": {"magnitude": 3.5, "mag_category": "Light", "depth": 15.0, "depth_category": "Shallow", "date": "2021-01-18 00:00:00", "time": "14:36:20.413000", "region": "Irian Jaya Region - Indonesia", "year": 2021, "month": 1}}, {"type": "Feature", "geometry": {"type": "Point", "coordinates": [126.92, -7.67]}, "properties": {"magnitude": 4.2, "mag_category": "Moderate", "depth": 216.0, "depth_category": "Intermediate", "date": "2021-11-14 00:00:00", "time": "02:02:08.226000", "region": "Banda Sea", "year": 2021, "month": 11}}, {"type": "Feature", "geometry": {"type": "Point", "coordinates": [131.7, -0.87]}, "properties": {"magnitude": 3.3, "mag_category": "Light", "depth": 13.0, "depth_category": "Shallow", "date": "2021-03-08 00:00:00", "time": "15:20:10.900000", "region": "Irian Jaya Region - Indonesia", "year": 2021, "month": 3}}, {"type": "Feature", "geometry": {"type": "Point", "coordinates": [126.3, 1.18]}, "properties": {"magnitude": 3.5, "mag_category": "Light", "depth": 10.0, "depth_category": "Shallow", "date": "2021-10-19 00:00:00", "time": "13:53:36.680000", "region": "Northern Molucca Sea", "year": 2021, "month": 10}}, {"type": "Feature", "geometry": {"type": "Point", "coordinates": [107.39, -9.12]}, "properties": {"magnitude": 3.8, "mag_category": "Light", "depth": 10.0, "depth_category": "Shallow", "date": "2021-03-28 00:00:00", "time": "14:09:09.081000", "region": "South of Java - Indonesia", "year": 2021, "month": 3}}, {"type": "Feature", "geometry": {"type": "Point", "coordinates": [135.18, -4.44]}, "properties": {"magnitude": 4.3, "mag_category": "Moderate", "depth": 22.0, "depth_category": "Shallow", "date": "2021-03-13 00:00:00", "time": "01:59:51.806000", "region": "Irian Jaya Region - Indonesia", "year": 2021, "month": 3}}, {"type": "Feature", "geometry": {"type": "Point", "coordinates": [123.02, -0.24]}, "properties": {"magnitude": 2.2, "mag_category": "Minor", "depth": 10.0, "depth_category": "Shallow", "date": "2021-10-19 00:00:00", "time": "20:00:29.765000", "region": "Minahassa Peninsula - Sulawesi", "year": 2021, "month": 10}}, {"type": "Feature", "geometry": {"type": "Point", "coordinates": [111.39, -1.5]}, "properties": {"magnitude": 5.8, "mag_category": "Strong", "depth": 10.0, "depth_category": "Shallow", "date": "2021-03-07 00:00:00", "time": "02:49:22.036000", "region": "Borneo", "year": 2021, "month": 3}}, {"type": "Feature", "geometry": {"type": "Point", "coordinates": [118.38, -8.61]}, "properties": {"magnitude": 2.6, "mag_category": "Minor", "depth": 121.0, "depth_category": "Intermediate", "date": "2021-03-26 00:00:00", "time": "02:35:32.055000", "region": "Sumbawa Region - Indonesia", "year": 2021, "month": 3}}, {"type": "Feature", "geometry": {"type": "Point", "coordinates": [129.8, -6.02]}, "properties": {"magnitude": 4.4, "mag_category": "Moderate", "depth": 45.0, "depth_category": "Shallow", "date": "2021-10-05 00:00:00", "time": "04:11:10.991000", "region": "Banda Sea", "year": 2021, "month": 10}}, {"type": "Feature", "geometry": {"type": "Point", "coordinates": [123.74, -10.33]}, "properties": {"magnitude": 3.3, "mag_category": "Light", "depth": 10.0, "depth_category": "Shallow", "date": "2021-01-05 00:00:00", "time": "12:33:53.874000", "region": "Timor Region", "year": 2021, "month": 1}}, {"type": "Feature", "geometry": {"type": "Point", "coordinates": [123.02, -1.41]}, "properties": {"magnitude": 4.2, "mag_category": "Moderate", "depth": 10.0, "depth_category": "Shallow", "date": "2021-02-22 00:00:00", "time": "20:56:21.366000", "region": "Sulawesi - Indonesia", "year": 2021, "month": 2}}, {"type": "Feature", "geometry": {"type": "Point", "coordinates": [111.65, -8.56]}, "properties": {"magnitude": 3.0, "mag_category": "Light", "depth": 57.0, "depth_category": "Shallow", "date": "2021-01-27 00:00:00", "time": "15:10:17.417000", "region": "Java - Indonesia", "year": 2021, "month": 1}}, {"type": "Feature", "geometry": {"type": "Point", "coordinates": [123.06, -0.7]}, "properties": {"magnitude": 3.8, "mag_category": "Light", "depth": 10.0, "depth_category": "Shallow", "date": "2021-01-02 00:00:00", "time": "11:52:00.401000", "region": "Minahassa Peninsula - Sulawesi", "year": 2021, "month": 1}}, {"type": "Feature", "geometry": {"type": "Point", "coordinates": [129.59, -5.76]}, "properties": {"magnitude": 3.7, "mag_category": "Light", "depth": 221.0, "depth_category": "Intermediate", "date": "2021-09-25 00:00:00", "time": "08:55:40.180000", "region": "Banda Sea", "year": 2021, "month": 9}}, {"type": "Feature", "geometry": {"type": "Point", "coordinates": [122.41, -8.01]}, "properties": {"magnitude": 2.9, "mag_category": "Minor", "depth": 11.0, "depth_category": "Shallow", "date": "2021-12-16 00:00:00", "time": "11:56:38.041000", "region": "Flores Region - Indonesia", "year": 2021, "month": 12}}, {"type": "Feature", "geometry": {"type": "Point", "coordinates": [126.27, 0.38]}, "properties": {"magnitude": 4.5, "mag_category": "Moderate", "depth": 10.0, "depth_category": "Shallow", "date": "2021-05-31 00:00:00", "time": "02:54:07.931000", "region": "Northern Molucca Sea", "year": 2021, "month": 5}}, {"type": "Feature", "geometry": {"type": "Point", "coordinates": [122.82, 1.14]}, "properties": {"magnitude": 2.0, "mag_category": "Minor", "depth": 34.0, "depth_category": "Shallow", "date": "2021-03-08 00:00:00", "time": "21:09:50.169000", "region": "Minahassa Peninsula - Sulawesi", "year": 2021, "month": 3}}, {"type": "Feature", "geometry": {"type": "Point", "coordinates": [123.29, -9.66]}, "properties": {"magnitude": 2.5, "mag_category": "Minor", "depth": 12.0, "depth_category": "Shallow", "date": "2021-07-04 00:00:00", "time": "23:39:39.680000", "region": "Timor Region", "year": 2021, "month": 7}}, {"type": "Feature", "geometry": {"type": "Point", "coordinates": [117.67, -7.87]}, "properties": {"magnitude": 3.1, "mag_category": "Light", "depth": 22.0, "depth_category": "Shallow", "date": "2021-01-30 00:00:00", "time": "21:54:07.635000", "region": "Bali Sea", "year": 2021, "month": 1}}, {"type": "Feature", "geometry": {"type": "Point", "coordinates": [131.55, -0.65]}, "properties": {"magnitude": 4.9, "mag_category": "Moderate", "depth": 10.0, "depth_category": "Shallow", "date": "2021-02-12 00:00:00", "time": "12:49:36.062000", "region": "Irian Jaya Region - Indonesia", "year": 2021, "month": 2}}, {"type": "Feature", "geometry": {"type": "Point", "coordinates": [100.24, -0.25]}, "properties": {"magnitude": 2.3, "mag_category": "Minor", "depth": 10.0, "depth_category": "Shallow", "date": "2021-05-18 00:00:00", "time": "19:52:15.059000", "region": "Southern Sumatra - Indonesia", "year": 2021, "month": 5}}, {"type": "Feature", "geometry": {"type": "Point", "coordinates": [120.46, -1.34]}, "properties": {"magnitude": 2.5, "mag_category": "Minor", "depth": 10.0, "depth_category": "Shallow", "date": "2021-11-09 00:00:00", "time": "10:38:52.505000", "region": "Sulawesi - Indonesia", "year": 2021, "month": 11}}, {"type": "Feature", "geometry": {"type": "Point", "coordinates": [120.16, -1.58]}, "properties": {"magnitude": 2.3, "mag_category": "Minor", "depth": 10.0, "depth_category": "Shallow", "date": "2021-04-30 00:00:00", "time": "18:23:35.067000", "region": "Sulawesi - Indonesia", "year": 2021, "month": 4}}, {"type": "Feature", "geometry": {"type": "Point", "coordinates": [98.95, 2.84]}, "properties": {"magnitude": 3.4, "mag_category": "Light", "depth": 157.0, "depth_category": "Intermediate", "date": "2021-12-25 00:00:00", "time": "12:06:52.225000", "region": "Northern Sumatra - Indonesia", "year": 2021, "month": 12}}, {"type": "Feature", "geometry": {"type": "Point", "coordinates": [123.15, 0.0]}, "properties": {"magnitude": 3.0, "mag_category": "Light", "depth": 133.0, "depth_category": "Intermediate", "date": "2021-01-24 00:00:00", "time": "17:01:18.667000", "region": "Minahassa Peninsula - Sulawesi", "year": 2021, "month": 1}}, {"type": "Feature", "geometry": {"type": "Point", "coordinates": [129.0, -3.67]}, "properties": {"magnitude": 3.8, "mag_category": "Light", "depth": 104.0, "depth_category": "Intermediate", "date": "2021-06-02 00:00:00", "time": "19:07:02.911000", "region": "Seram - Indonesia", "year": 2021, "month": 6}}, {"type": "Feature", "geometry": {"type": "Point", "coordinates": [106.09, -7.32]}, "properties": {"magnitude": 4.0, "mag_category": "Moderate", "depth": 22.0, "depth_category": "Shallow", "date": "2021-12-02 00:00:00", "time": "03:28:20.103000", "region": "Java - Indonesia", "year": 2021, "month": 12}}, {"type": "Feature", "geometry": {"type": "Point", "coordinates": [119.61, -8.3]}, "properties": {"magnitude": 3.4, "mag_category": "Light", "depth": 142.0, "depth_category": "Intermediate", "date": "2021-06-19 00:00:00", "time": "16:28:07.327000", "region": "Flores Region - Indonesia", "year": 2021, "month": 6}}, {"type": "Feature", "geometry": {"type": "Point", "coordinates": [125.98, 5.74]}, "properties": {"magnitude": 3.9, "mag_category": "Light", "depth": 25.0, "depth_category": "Shallow", "date": "2021-09-02 00:00:00", "time": "23:01:26.315000", "region": "Mindanao - Philippines", "year": 2021, "month": 9}}, {"type": "Feature", "geometry": {"type": "Point", "coordinates": [107.32, -8.15]}, "properties": {"magnitude": 4.6, "mag_category": "Moderate", "depth": 13.0, "depth_category": "Shallow", "date": "2021-10-02 00:00:00", "time": "06:34:34.987000", "region": "Java - Indonesia", "year": 2021, "month": 10}}, {"type": "Feature", "geometry": {"type": "Point", "coordinates": [126.38, 1.33]}, "properties": {"magnitude": 3.1, "mag_category": "Light", "depth": 10.0, "depth_category": "Shallow", "date": "2021-08-11 00:00:00", "time": "04:48:56.913000", "region": "Northern Molucca Sea", "year": 2021, "month": 8}}, {"type": "Feature", "geometry": {"type": "Point", "coordinates": [96.68, 0.19]}, "properties": {"magnitude": 3.8, "mag_category": "Light", "depth": 18.0, "depth_category": "Shallow", "date": "2021-05-03 00:00:00", "time": "17:04:21.903000", "region": "Off West Coast of Northern Sumatra", "year": 2021, "month": 5}}, {"type": "Feature", "geometry": {"type": "Point", "coordinates": [120.77, -8.41]}, "properties": {"magnitude": 3.3, "mag_category": "Light", "depth": 171.0, "depth_category": "Intermediate", "date": "2021-04-08 00:00:00", "time": "15:03:44.222000", "region": "Flores Region - Indonesia", "year": 2021, "month": 4}}, {"type": "Feature", "geometry": {"type": "Point", "coordinates": [119.42, 0.46]}, "properties": {"magnitude": 4.2, "mag_category": "Moderate", "depth": 12.0, "depth_category": "Shallow", "date": "2021-03-22 00:00:00", "time": "00:30:26.521000", "region": "Minahassa Peninsula - Sulawesi", "year": 2021, "month": 3}}, {"type": "Feature", "geometry": {"type": "Point", "coordinates": [121.17, -2.53]}, "properties": {"magnitude": 2.4, "mag_category": "Minor", "depth": 10.0, "depth_category": "Shallow", "date": "2021-05-22 00:00:00", "time": "07:12:59.945000", "region": "Sulawesi - Indonesia", "year": 2021, "month": 5}}, {"type": "Feature", "geometry": {"type": "Point", "coordinates": [98.83, 2.53]}, "properties": {"magnitude": 2.3, "mag_category": "Minor", "depth": 10.0, "depth_category": "Shallow", "date": "2021-05-10 00:00:00", "time": "22:33:53.317000", "region": "Northern Sumatra - Indonesia", "year": 2021, "month": 5}}, {"type": "Feature", "geometry": {"type": "Point", "coordinates": [126.39, 4.73]}, "properties": {"magnitude": 5.6, "mag_category": "Strong", "depth": 96.0, "depth_category": "Intermediate", "date": "2021-11-27 00:00:00", "time": "06:01:54.179000", "region": "Talaud Islands - Indonesia", "year": 2021, "month": 11}}, {"type": "Feature", "geometry": {"type": "Point", "coordinates": [104.64, -5.61]}, "properties": {"magnitude": 1.9, "mag_category": "Minor", "depth": 10.0, "depth_category": "Shallow", "date": "2021-07-02 00:00:00", "time": "19:03:04.536000", "region": "Southern Sumatra - Indonesia", "year": 2021, "month": 7}}, {"type": "Feature", "geometry": {"type": "Point", "coordinates": [126.44, 1.75]}, "properties": {"magnitude": 3.7, "mag_category": "Light", "depth": 10.0, "depth_category": "Shallow", "date": "2021-01-22 00:00:00", "time": "11:52:58.728000", "region": "Northern Molucca Sea", "year": 2021, "month": 1}}, {"type": "Feature", "geometry": {"type": "Point", "coordinates": [129.93, -6.6]}, "properties": {"magnitude": 4.7, "mag_category": "Moderate", "depth": 169.0, "depth_category": "Intermediate", "date": "2021-07-24 00:00:00", "time": "17:12:02.887000", "region": "Banda Sea", "year": 2021, "month": 7}}, {"type": "Feature", "geometry": {"type": "Point", "coordinates": [95.97, 4.98]}, "properties": {"magnitude": 2.5, "mag_category": "Minor", "depth": 10.0, "depth_category": "Shallow", "date": "2021-07-03 00:00:00", "time": "01:45:56.420000", "region": "Northern Sumatra - Indonesia", "year": 2021, "month": 7}}, {"type": "Feature", "geometry": {"type": "Point", "coordinates": [126.4, 0.53]}, "properties": {"magnitude": 4.8, "mag_category": "Moderate", "depth": 21.0, "depth_category": "Shallow", "date": "2021-09-28 00:00:00", "time": "06:25:13.583000", "region": "Northern Molucca Sea", "year": 2021, "month": 9}}, {"type": "Feature", "geometry": {"type": "Point", "coordinates": [127.97, -2.77]}, "properties": {"magnitude": 3.1, "mag_category": "Light", "depth": 10.0, "depth_category": "Shallow", "date": "2021-09-30 00:00:00", "time": "11:28:41.942000", "region": "Ceram Sea", "year": 2021, "month": 9}}, {"type": "Feature", "geometry": {"type": "Point", "coordinates": [118.38, -8.56]}, "properties": {"magnitude": 3.1, "mag_category": "Light", "depth": 110.0, "depth_category": "Intermediate", "date": "2021-01-05 00:00:00", "time": "09:35:41.549000", "region": "Sumbawa Region - Indonesia", "year": 2021, "month": 1}}, {"type": "Feature", "geometry": {"type": "Point", "coordinates": [110.44, -7.31]}, "properties": {"magnitude": 3.3, "mag_category": "Light", "depth": 13.0, "depth_category": "Shallow", "date": "2021-10-23 00:00:00", "time": "03:45:15.559000", "region": "Java - Indonesia", "year": 2021, "month": 10}}, {"type": "Feature", "geometry": {"type": "Point", "coordinates": [115.2, -9.44]}, "properties": {"magnitude": 3.7, "mag_category": "Light", "depth": 21.0, "depth_category": "Shallow", "date": "2021-07-31 00:00:00", "time": "17:56:08.508000", "region": "South of Bali - Indonesia", "year": 2021, "month": 7}}, {"type": "Feature", "geometry": {"type": "Point", "coordinates": [120.75, -6.88]}, "properties": {"magnitude": 3.2, "mag_category": "Light", "depth": 10.0, "depth_category": "Shallow", "date": "2021-12-28 00:00:00", "time": "14:36:01.101000", "region": "Flores Sea", "year": 2021, "month": 12}}, {"type": "Feature", "geometry": {"type": "Point", "coordinates": [99.19, 1.74]}, "properties": {"magnitude": 2.6, "mag_category": "Minor", "depth": 10.0, "depth_category": "Shallow", "date": "2021-03-12 00:00:00", "time": "21:48:30.913000", "region": "Northern Sumatra - Indonesia", "year": 2021, "month": 3}}, {"type": "Feature", "geometry": {"type": "Point", "coordinates": [121.51, -2.23]}, "properties": {"magnitude": 3.5, "mag_category": "Light", "depth": 10.0, "depth_category": "Shallow", "date": "2021-12-23 00:00:00", "time": "13:45:43.737000", "region": "Sulawesi - Indonesia", "year": 2021, "month": 12}}, {"type": "Feature", "geometry": {"type": "Point", "coordinates": [121.28, 2.37]}, "properties": {"magnitude": 3.8, "mag_category": "Light", "depth": 10.0, "depth_category": "Shallow", "date": "2021-01-25 00:00:00", "time": "05:02:49.398000", "region": "Celebes Sea", "year": 2021, "month": 1}}, {"type": "Feature", "geometry": {"type": "Point", "coordinates": [114.98, -9.0]}, "properties": {"magnitude": 3.3, "mag_category": "Light", "depth": 10.0, "depth_category": "Shallow", "date": "2021-12-23 00:00:00", "time": "19:59:35.458000", "region": "South of Bali - Indonesia", "year": 2021, "month": 12}}, {"type": "Feature", "geometry": {"type": "Point", "coordinates": [121.7, -8.39]}, "properties": {"magnitude": 2.1, "mag_category": "Minor", "depth": 10.0, "depth_category": "Shallow", "date": "2021-12-18 00:00:00", "time": "23:15:50.470000", "region": "Flores Region - Indonesia", "year": 2021, "month": 12}}, {"type": "Feature", "geometry": {"type": "Point", "coordinates": [99.27, 2.05]}, "properties": {"magnitude": 2.8, "mag_category": "Minor", "depth": 145.0, "depth_category": "Intermediate", "date": "2021-04-26 00:00:00", "time": "17:51:05.145000", "region": "Northern Sumatra - Indonesia", "year": 2021, "month": 4}}, {"type": "Feature", "geometry": {"type": "Point", "coordinates": [104.66, -5.57]}, "properties": {"magnitude": 3.2, "mag_category": "Light", "depth": 10.0, "depth_category": "Shallow", "date": "2021-07-01 00:00:00", "time": "19:07:58.908000", "region": "Southern Sumatra - Indonesia", "year": 2021, "month": 7}}, {"type": "Feature", "geometry": {"type": "Point", "coordinates": [126.4, 0.35]}, "properties": {"magnitude": 3.6, "mag_category": "Light", "depth": 10.0, "depth_category": "Shallow", "date": "2021-06-04 00:00:00", "time": "03:23:53.413000", "region": "Northern Molucca Sea", "year": 2021, "month": 6}}, {"type": "Feature", "geometry": {"type": "Point", "coordinates": [125.44, 4.1]}, "properties": {"magnitude": 5.1, "mag_category": "Strong", "depth": 10.0, "depth_category": "Shallow", "date": "2021-01-12 00:00:00", "time": "10:11:53.854000", "region": "Talaud Islands - Indonesia", "year": 2021, "month": 1}}, {"type": "Feature", "geometry": {"type": "Point", "coordinates": [116.94, -8.44]}, "properties": {"magnitude": 3.1, "mag_category": "Light", "depth": 12.0, "depth_category": "Shallow", "date": "2021-04-17 00:00:00", "time": "14:09:17.958000", "region": "Sumbawa Region - Indonesia", "year": 2021, "month": 4}}, {"type": "Feature", "geometry": {"type": "Point", "coordinates": [114.03, -10.98]}, "properties": {"magnitude": 3.9, "mag_category": "Light", "depth": 10.0, "depth_category": "Shallow", "date": "2021-09-21 00:00:00", "time": "05:44:12.915000", "region": "South of Bali - Indonesia", "year": 2021, "month": 9}}, {"type": "Feature", "geometry": {"type": "Point", "coordinates": [104.65, -5.58]}, "properties": {"magnitude": 2.7, "mag_category": "Minor", "depth": 10.0, "depth_category": "Shallow", "date": "2021-07-01 00:00:00", "time": "13:34:38.451000", "region": "Southern Sumatra - Indonesia", "year": 2021, "month": 7}}, {"type": "Feature", "geometry": {"type": "Point", "coordinates": [122.16, -5.24]}, "properties": {"magnitude": 3.3, "mag_category": "Light", "depth": 10.0, "depth_category": "Shallow", "date": "2021-10-10 00:00:00", "time": "10:24:00.953000", "region": "Sulawesi - Indonesia", "year": 2021, "month": 10}}, {"type": "Feature", "geometry": {"type": "Point", "coordinates": [121.19, -2.52]}, "properties": {"magnitude": 2.9, "mag_category": "Minor", "depth": 10.0, "depth_category": "Shallow", "date": "2021-09-10 00:00:00", "time": "06:54:47.523000", "region": "Sulawesi - Indonesia", "year": 2021, "month": 9}}, {"type": "Feature", "geometry": {"type": "Point", "coordinates": [122.41, -4.19]}, "properties": {"magnitude": 2.7, "mag_category": "Minor", "depth": 10.0, "depth_category": "Shallow", "date": "2021-04-12 00:00:00", "time": "16:31:33.499000", "region": "Sulawesi - Indonesia", "year": 2021, "month": 4}}, {"type": "Feature", "geometry": {"type": "Point", "coordinates": [128.84, -2.68]}, "properties": {"magnitude": 4.0, "mag_category": "Moderate", "depth": 10.0, "depth_category": "Shallow", "date": "2021-12-30 00:00:00", "time": "18:49:37.052000", "region": "Ceram Sea", "year": 2021, "month": 12}}, {"type": "Feature", "geometry": {"type": "Point", "coordinates": [138.38, -1.87]}, "properties": {"magnitude": 4.4, "mag_category": "Moderate", "depth": 18.0, "depth_category": "Shallow", "date": "2021-09-18 00:00:00", "time": "22:22:42.275000", "region": "Near North Coast of Irian Jaya", "year": 2021, "month": 9}}, {"type": "Feature", "geometry": {"type": "Point", "coordinates": [125.49, 4.95]}, "properties": {"magnitude": 4.9, "mag_category": "Moderate", "depth": 167.0, "depth_category": "Intermediate", "date": "2021-05-01 00:00:00", "time": "14:26:46.716000", "region": "Talaud Islands - Indonesia", "year": 2021, "month": 5}}, {"type": "Feature", "geometry": {"type": "Point", "coordinates": [120.56, -1.34]}, "properties": {"magnitude": 2.6, "mag_category": "Minor", "depth": 10.0, "depth_category": "Shallow", "date": "2021-04-07 00:00:00", "time": "17:25:17.657000", "region": "Sulawesi - Indonesia", "year": 2021, "month": 4}}, {"type": "Feature", "geometry": {"type": "Point", "coordinates": [129.5, -2.81]}, "properties": {"magnitude": 2.1, "mag_category": "Minor", "depth": 14.0, "depth_category": "Shallow", "date": "2021-10-08 00:00:00", "time": "03:48:22.275000", "region": "Seram - Indonesia", "year": 2021, "month": 10}}, {"type": "Feature", "geometry": {"type": "Point", "coordinates": [130.19, -7.3]}, "properties": {"magnitude": 4.7, "mag_category": "Moderate", "depth": 104.0, "depth_category": "Intermediate", "date": "2021-10-13 00:00:00", "time": "10:51:47.015000", "region": "Tanimbar Islands Reg. - Indonesia", "year": 2021, "month": 10}}, {"type": "Feature", "geometry": {"type": "Point", "coordinates": [116.97, -8.41]}, "properties": {"magnitude": 2.5, "mag_category": "Minor", "depth": 10.0, "depth_category": "Shallow", "date": "2021-04-09 00:00:00", "time": "18:49:22.204000", "region": "Sumbawa Region - Indonesia", "year": 2021, "month": 4}}, {"type": "Feature", "geometry": {"type": "Point", "coordinates": [140.21, -4.63]}, "properties": {"magnitude": 3.3, "mag_category": "Light", "depth": 10.0, "depth_category": "Shallow", "date": "2021-08-18 00:00:00", "time": "16:54:31.890000", "region": "Irian Jaya - Indonesia", "year": 2021, "month": 8}}, {"type": "Feature", "geometry": {"type": "Point", "coordinates": [131.22, -3.76]}, "properties": {"magnitude": 4.2, "mag_category": "Moderate", "depth": 11.0, "depth_category": "Shallow", "date": "2021-05-09 00:00:00", "time": "03:19:29.800000", "region": "Irian Jaya Region - Indonesia", "year": 2021, "month": 5}}, {"type": "Feature", "geometry": {"type": "Point", "coordinates": [129.8, -5.32]}, "properties": {"magnitude": 3.8, "mag_category": "Light", "depth": 239.0, "depth_category": "Intermediate", "date": "2021-07-17 00:00:00", "time": "20:13:37.684000", "region": "Banda Sea", "year": 2021, "month": 7}}, {"type": "Feature", "geometry": {"type": "Point", "coordinates": [98.8, 2.6]}, "properties": {"magnitude": 3.6, "mag_category": "Light", "depth": 10.0, "depth_category": "Shallow", "date": "2021-05-24 00:00:00", "time": "17:19:12.466000", "region": "Northern Sumatra - Indonesia", "year": 2021, "month": 5}}, {"type": "Feature", "geometry": {"type": "Point", "coordinates": [126.87, 2.43]}, "properties": {"magnitude": 2.8, "mag_category": "Minor", "depth": 32.0, "depth_category": "Shallow", "date": "2021-07-12 00:00:00", "time": "20:49:59.973000", "region": "Northern Molucca Sea", "year": 2021, "month": 7}}, {"type": "Feature", "geometry": {"type": "Point", "coordinates": [119.65, -7.53]}, "properties": {"magnitude": 3.5, "mag_category": "Light", "depth": 429.0, "depth_category": "Deep", "date": "2021-03-16 00:00:00", "time": "22:51:02.880000", "region": "Flores Sea", "year": 2021, "month": 3}}, {"type": "Feature", "geometry": {"type": "Point", "coordinates": [133.14, -0.65]}, "properties": {"magnitude": 4.2, "mag_category": "Moderate", "depth": 10.0, "depth_category": "Shallow", "date": "2021-12-21 00:00:00", "time": "01:51:04.006000", "region": "Irian Jaya Region - Indonesia", "year": 2021, "month": 12}}, {"type": "Feature", "geometry": {"type": "Point", "coordinates": [124.32, -0.18]}, "properties": {"magnitude": 2.9, "mag_category": "Minor", "depth": 30.0, "depth_category": "Shallow", "date": "2021-10-02 00:00:00", "time": "22:56:51.524000", "region": "Southern Molucca Sea", "year": 2021, "month": 10}}, {"type": "Feature", "geometry": {"type": "Point", "coordinates": [125.59, -8.92]}, "properties": {"magnitude": 3.4, "mag_category": "Light", "depth": 10.0, "depth_category": "Shallow", "date": "2021-05-10 00:00:00", "time": "05:27:13.771000", "region": "Timor Region", "year": 2021, "month": 5}}, {"type": "Feature", "geometry": {"type": "Point", "coordinates": [121.58, -7.53]}, "properties": {"magnitude": 3.1, "mag_category": "Light", "depth": 10.0, "depth_category": "Shallow", "date": "2021-12-14 00:00:00", "time": "23:50:01.100000", "region": "Flores Sea", "year": 2021, "month": 12}}, {"type": "Feature", "geometry": {"type": "Point", "coordinates": [110.24, -8.87]}, "properties": {"magnitude": 3.5, "mag_category": "Light", "depth": 10.0, "depth_category": "Shallow", "date": "2021-01-18 00:00:00", "time": "16:18:24.465000", "region": "Java - Indonesia", "year": 2021, "month": 1}}, {"type": "Feature", "geometry": {"type": "Point", "coordinates": [125.31, 1.16]}, "properties": {"magnitude": 3.6, "mag_category": "Light", "depth": 10.0, "depth_category": "Shallow", "date": "2021-12-02 00:00:00", "time": "13:39:07.574000", "region": "Northern Molucca Sea", "year": 2021, "month": 12}}, {"type": "Feature", "geometry": {"type": "Point", "coordinates": [114.35, -9.26]}, "properties": {"magnitude": 2.3, "mag_category": "Minor", "depth": 15.0, "depth_category": "Shallow", "date": "2021-03-28 00:00:00", "time": "17:34:24.699000", "region": "South of Bali - Indonesia", "year": 2021, "month": 3}}, {"type": "Feature", "geometry": {"type": "Point", "coordinates": [95.91, 5.02]}, "properties": {"magnitude": 2.8, "mag_category": "Minor", "depth": 10.0, "depth_category": "Shallow", "date": "2021-06-02 00:00:00", "time": "01:01:35.726000", "region": "Northern Sumatra - Indonesia", "year": 2021, "month": 6}}, {"type": "Feature", "geometry": {"type": "Point", "coordinates": [116.87, -8.86]}, "properties": {"magnitude": 1.8, "mag_category": "Minor", "depth": 10.0, "depth_category": "Shallow", "date": "2021-07-02 00:00:00", "time": "03:52:04.659000", "region": "Sumbawa Region - Indonesia", "year": 2021, "month": 7}}, {"type": "Feature", "geometry": {"type": "Point", "coordinates": [128.36, -7.73]}, "properties": {"magnitude": 5.0, "mag_category": "Strong", "depth": 169.0, "depth_category": "Intermediate", "date": "2021-03-08 00:00:00", "time": "09:39:47.513000", "region": "Banda Sea", "year": 2021, "month": 3}}, {"type": "Feature", "geometry": {"type": "Point", "coordinates": [123.33, -0.04]}, "properties": {"magnitude": 4.4, "mag_category": "Moderate", "depth": 147.0, "depth_category": "Intermediate", "date": "2021-09-22 00:00:00", "time": "07:03:56.578000", "region": "Minahassa Peninsula - Sulawesi", "year": 2021, "month": 9}}, {"type": "Feature", "geometry": {"type": "Point", "coordinates": [136.95, -1.35]}, "properties": {"magnitude": 4.3, "mag_category": "Moderate", "depth": 11.0, "depth_category": "Shallow", "date": "2021-09-18 00:00:00", "time": "20:24:18.541000", "region": "Irian Jaya Region - Indonesia", "year": 2021, "month": 9}}, {"type": "Feature", "geometry": {"type": "Point", "coordinates": [119.12, -8.94]}, "properties": {"magnitude": 3.4, "mag_category": "Light", "depth": 84.0, "depth_category": "Intermediate", "date": "2021-12-08 00:00:00", "time": "17:54:34.954000", "region": "Flores Region - Indonesia", "year": 2021, "month": 12}}, {"type": "Feature", "geometry": {"type": "Point", "coordinates": [128.35, -3.38]}, "properties": {"magnitude": 2.3, "mag_category": "Minor", "depth": 10.0, "depth_category": "Shallow", "date": "2021-01-22 00:00:00", "time": "16:48:25.834000", "region": "Seram - Indonesia", "year": 2021, "month": 1}}, {"type": "Feature", "geometry": {"type": "Point", "coordinates": [128.86, -2.66]}, "properties": {"magnitude": 4.3, "mag_category": "Moderate", "depth": 10.0, "depth_category": "Shallow", "date": "2021-10-24 00:00:00", "time": "01:30:21.363000", "region": "Ceram Sea", "year": 2021, "month": 10}}, {"type": "Feature", "geometry": {"type": "Point", "coordinates": [123.44, -0.1]}, "properties": {"magnitude": 4.5, "mag_category": "Moderate", "depth": 132.0, "depth_category": "Intermediate", "date": "2021-11-23 00:00:00", "time": "14:31:36.476000", "region": "Minahassa Peninsula - Sulawesi", "year": 2021, "month": 11}}, {"type": "Feature", "geometry": {"type": "Point", "coordinates": [128.3, -3.24]}, "properties": {"magnitude": 2.0, "mag_category": "Minor", "depth": 10.0, "depth_category": "Shallow", "date": "2021-11-23 00:00:00", "time": "16:31:05.561000", "region": "Seram - Indonesia", "year": 2021, "month": 11}}, {"type": "Feature", "geometry": {"type": "Point", "coordinates": [101.91, -2.28]}, "properties": {"magnitude": 3.0, "mag_category": "Light", "depth": 147.0, "depth_category": "Intermediate", "date": "2021-01-24 00:00:00", "time": "20:36:10.170000", "region": "Southern Sumatra - Indonesia", "year": 2021, "month": 1}}, {"type": "Feature", "geometry": {"type": "Point", "coordinates": [133.78, -1.66]}, "properties": {"magnitude": 3.4, "mag_category": "Light", "depth": 10.0, "depth_category": "Shallow", "date": "2021-01-25 00:00:00", "time": "04:42:54.452000", "region": "Irian Jaya Region - Indonesia", "year": 2021, "month": 1}}, {"type": "Feature", "geometry": {"type": "Point", "coordinates": [95.4, 2.68]}, "properties": {"magnitude": 4.6, "mag_category": "Moderate", "depth": 20.0, "depth_category": "Shallow", "date": "2021-06-18 00:00:00", "time": "10:18:02.843000", "region": "Off West Coast of Northern Sumatra", "year": 2021, "month": 6}}, {"type": "Feature", "geometry": {"type": "Point", "coordinates": [127.19, -7.81]}, "properties": {"magnitude": 4.7, "mag_category": "Moderate", "depth": 125.0, "depth_category": "Intermediate", "date": "2021-06-13 00:00:00", "time": "11:37:47.987000", "region": "Banda Sea", "year": 2021, "month": 6}}, {"type": "Feature", "geometry": {"type": "Point", "coordinates": [118.05, -8.12]}, "properties": {"magnitude": 2.1, "mag_category": "Minor", "depth": 10.0, "depth_category": "Shallow", "date": "2021-10-01 00:00:00", "time": "19:53:33.544000", "region": "Sumbawa Region - Indonesia", "year": 2021, "month": 10}}, {"type": "Feature", "geometry": {"type": "Point", "coordinates": [123.7, -10.91]}, "properties": {"magnitude": 4.4, "mag_category": "Moderate", "depth": 57.0, "depth_category": "Shallow", "date": "2021-11-18 00:00:00", "time": "18:50:30.661000", "region": "Timor Region", "year": 2021, "month": 11}}, {"type": "Feature", "geometry": {"type": "Point", "coordinates": [140.16, -3.17]}, "properties": {"magnitude": 3.7, "mag_category": "Light", "depth": 25.0, "depth_category": "Shallow", "date": "2021-11-05 00:00:00", "time": "07:21:26.271000", "region": "Irian Jaya - Indonesia", "year": 2021, "month": 11}}, {"type": "Feature", "geometry": {"type": "Point", "coordinates": [107.32, -7.35]}, "properties": {"magnitude": 2.6, "mag_category": "Minor", "depth": 129.0, "depth_category": "Intermediate", "date": "2021-05-27 00:00:00", "time": "12:28:56.472000", "region": "Java - Indonesia", "year": 2021, "month": 5}}, {"type": "Feature", "geometry": {"type": "Point", "coordinates": [131.12, -3.59]}, "properties": {"magnitude": 2.8, "mag_category": "Minor", "depth": 16.0, "depth_category": "Shallow", "date": "2021-03-06 00:00:00", "time": "16:32:05.092000", "region": "Irian Jaya Region - Indonesia", "year": 2021, "month": 3}}, {"type": "Feature", "geometry": {"type": "Point", "coordinates": [102.15, -4.36]}, "properties": {"magnitude": 3.7, "mag_category": "Light", "depth": 19.0, "depth_category": "Shallow", "date": "2021-04-19 00:00:00", "time": "01:18:31.377000", "region": "Southern Sumatra - Indonesia", "year": 2021, "month": 4}}, {"type": "Feature", "geometry": {"type": "Point", "coordinates": [123.57, 0.15]}, "properties": {"magnitude": 4.8, "mag_category": "Moderate", "depth": 144.0, "depth_category": "Intermediate", "date": "2021-03-14 00:00:00", "time": "15:09:01.487000", "region": "Minahassa Peninsula - Sulawesi", "year": 2021, "month": 3}}, {"type": "Feature", "geometry": {"type": "Point", "coordinates": [128.91, -2.68]}, "properties": {"magnitude": 4.8, "mag_category": "Moderate", "depth": 10.0, "depth_category": "Shallow", "date": "2021-12-30 00:00:00", "time": "14:56:26.111000", "region": "Ceram Sea", "year": 2021, "month": 12}}, {"type": "Feature", "geometry": {"type": "Point", "coordinates": [122.3, 0.36]}, "properties": {"magnitude": 2.6, "mag_category": "Minor", "depth": 93.0, "depth_category": "Intermediate", "date": "2021-07-12 00:00:00", "time": "22:04:38.543000", "region": "Minahassa Peninsula - Sulawesi", "year": 2021, "month": 7}}, {"type": "Feature", "geometry": {"type": "Point", "coordinates": [114.2, -8.04]}, "properties": {"magnitude": 2.7, "mag_category": "Minor", "depth": 10.0, "depth_category": "Shallow", "date": "2021-05-24 00:00:00", "time": "17:19:58.300000", "region": "Bali Region - Indonesia", "year": 2021, "month": 5}}, {"type": "Feature", "geometry": {"type": "Point", "coordinates": [97.35, 3.12]}, "properties": {"magnitude": 2.5, "mag_category": "Minor", "depth": 10.0, "depth_category": "Shallow", "date": "2021-11-12 00:00:00", "time": "21:16:19.999000", "region": "Northern Sumatra - Indonesia", "year": 2021, "month": 11}}, {"type": "Feature", "geometry": {"type": "Point", "coordinates": [123.44, -0.14]}, "properties": {"magnitude": 3.5, "mag_category": "Light", "depth": 34.0, "depth_category": "Shallow", "date": "2021-01-26 00:00:00", "time": "10:05:47.996000", "region": "Minahassa Peninsula - Sulawesi", "year": 2021, "month": 1}}, {"type": "Feature", "geometry": {"type": "Point", "coordinates": [102.58, -6.57]}, "properties": {"magnitude": 4.0, "mag_category": "Moderate", "depth": 10.0, "depth_category": "Shallow", "date": "2021-04-20 00:00:00", "time": "23:53:39.226000", "region": "Southwest of Sumatra - Indonesia", "year": 2021, "month": 4}}, {"type": "Feature", "geometry": {"type": "Point", "coordinates": [123.77, -8.89]}, "properties": {"magnitude": 3.7, "mag_category": "Light", "depth": 77.0, "depth_category": "Intermediate", "date": "2021-11-25 00:00:00", "time": "14:41:46.972000", "region": "Flores Region - Indonesia", "year": 2021, "month": 11}}, {"type": "Feature", "geometry": {"type": "Point", "coordinates": [122.53, 2.75]}, "properties": {"magnitude": 4.9, "mag_category": "Moderate", "depth": 551.0, "depth_category": "Deep", "date": "2021-04-08 00:00:00", "time": "05:26:53.005000", "region": "Celebes Sea", "year": 2021, "month": 4}}, {"type": "Feature", "geometry": {"type": "Point", "coordinates": [114.16, -8.21]}, "properties": {"magnitude": 3.3, "mag_category": "Light", "depth": 188.0, "depth_category": "Intermediate", "date": "2021-05-09 00:00:00", "time": "01:47:11.018000", "region": "Bali Region - Indonesia", "year": 2021, "month": 5}}, {"type": "Feature", "geometry": {"type": "Point", "coordinates": [122.5, -1.84]}, "properties": {"magnitude": 3.6, "mag_category": "Light", "depth": 10.0, "depth_category": "Shallow", "date": "2021-09-06 00:00:00", "time": "21:46:25.585000", "region": "Sulawesi - Indonesia", "year": 2021, "month": 9}}, {"type": "Feature", "geometry": {"type": "Point", "coordinates": [120.2, -1.56]}, "properties": {"magnitude": 2.5, "mag_category": "Minor", "depth": 10.0, "depth_category": "Shallow", "date": "2021-10-07 00:00:00", "time": "22:34:28.397000", "region": "Sulawesi - Indonesia", "year": 2021, "month": 10}}, {"type": "Feature", "geometry": {"type": "Point", "coordinates": [129.79, -3.01]}, "properties": {"magnitude": 2.3, "mag_category": "Minor", "depth": 10.0, "depth_category": "Shallow", "date": "2021-03-07 00:00:00", "time": "19:01:10.088000", "region": "Seram - Indonesia", "year": 2021, "month": 3}}, {"type": "Feature", "geometry": {"type": "Point", "coordinates": [128.22, 1.16]}, "properties": {"magnitude": 3.8, "mag_category": "Light", "depth": 10.0, "depth_category": "Shallow", "date": "2021-09-01 00:00:00", "time": "03:28:24.055000", "region": "Halmahera - Indonesia", "year": 2021, "month": 9}}, {"type": "Feature", "geometry": {"type": "Point", "coordinates": [128.88, -2.69]}, "properties": {"magnitude": 3.2, "mag_category": "Light", "depth": 11.0, "depth_category": "Shallow", "date": "2021-12-30 00:00:00", "time": "15:51:49.721000", "region": "Ceram Sea", "year": 2021, "month": 12}}, {"type": "Feature", "geometry": {"type": "Point", "coordinates": [96.69, -0.01]}, "properties": {"magnitude": 4.6, "mag_category": "Moderate", "depth": 19.0, "depth_category": "Shallow", "date": "2021-06-11 00:00:00", "time": "04:00:17.191000", "region": "Southwest of Sumatra - Indonesia", "year": 2021, "month": 6}}, {"type": "Feature", "geometry": {"type": "Point", "coordinates": [97.79, -1.02]}, "properties": {"magnitude": 4.0, "mag_category": "Moderate", "depth": 12.0, "depth_category": "Shallow", "date": "2021-11-28 00:00:00", "time": "08:59:56.805000", "region": "Southwest of Sumatra - Indonesia", "year": 2021, "month": 11}}, {"type": "Feature", "geometry": {"type": "Point", "coordinates": [129.93, -7.04]}, "properties": {"magnitude": 4.9, "mag_category": "Moderate", "depth": 169.0, "depth_category": "Intermediate", "date": "2021-12-15 00:00:00", "time": "07:21:28.202000", "region": "Banda Sea", "year": 2021, "month": 12}}, {"type": "Feature", "geometry": {"type": "Point", "coordinates": [98.79, 2.61]}, "properties": {"magnitude": 2.5, "mag_category": "Minor", "depth": 10.0, "depth_category": "Shallow", "date": "2021-09-08 00:00:00", "time": "19:23:09.737000", "region": "Northern Sumatra - Indonesia", "year": 2021, "month": 9}}, {"type": "Feature", "geometry": {"type": "Point", "coordinates": [119.11, -9.22]}, "properties": {"magnitude": 2.5, "mag_category": "Minor", "depth": 37.0, "depth_category": "Shallow", "date": "2021-11-28 00:00:00", "time": "16:44:53.424000", "region": "Sumba Region - Indonesia", "year": 2021, "month": 11}}, {"type": "Feature", "geometry": {"type": "Point", "coordinates": [104.6, -5.61]}, "properties": {"magnitude": 1.8, "mag_category": "Minor", "depth": 10.0, "depth_category": "Shallow", "date": "2021-07-01 00:00:00", "time": "04:20:14.647000", "region": "Southern Sumatra - Indonesia", "year": 2021, "month": 7}}, {"type": "Feature", "geometry": {"type": "Point", "coordinates": [127.84, 4.28]}, "properties": {"magnitude": 5.1, "mag_category": "Strong", "depth": 43.0, "depth_category": "Shallow", "date": "2021-05-14 00:00:00", "time": "08:17:44.293000", "region": "Talaud Islands - Indonesia", "year": 2021, "month": 5}}, {"type": "Feature", "geometry": {"type": "Point", "coordinates": [119.12, -9.92]}, "properties": {"magnitude": 3.9, "mag_category": "Light", "depth": 10.0, "depth_category": "Shallow", "date": "2021-10-09 00:00:00", "time": "20:22:22.009000", "region": "Sumba Region - Indonesia", "year": 2021, "month": 10}}, {"type": "Feature", "geometry": {"type": "Point", "coordinates": [96.63, 0.26]}, "properties": {"magnitude": 3.9, "mag_category": "Light", "depth": 10.0, "depth_category": "Shallow", "date": "2021-11-01 00:00:00", "time": "19:20:52.825000", "region": "Off West Coast of Northern Sumatra", "year": 2021, "month": 11}}, {"type": "Feature", "geometry": {"type": "Point", "coordinates": [140.2, -3.44]}, "properties": {"magnitude": 3.6, "mag_category": "Light", "depth": 10.0, "depth_category": "Shallow", "date": "2021-08-28 00:00:00", "time": "12:47:03.812000", "region": "Irian Jaya - Indonesia", "year": 2021, "month": 8}}, {"type": "Feature", "geometry": {"type": "Point", "coordinates": [129.17, -3.04]}, "properties": {"magnitude": 2.4, "mag_category": "Minor", "depth": 10.0, "depth_category": "Shallow", "date": "2021-11-09 00:00:00", "time": "21:42:45.549000", "region": "Seram - Indonesia", "year": 2021, "month": 11}}, {"type": "Feature", "geometry": {"type": "Point", "coordinates": [101.32, -3.86]}, "properties": {"magnitude": 3.1, "mag_category": "Light", "depth": 13.0, "depth_category": "Shallow", "date": "2021-12-20 00:00:00", "time": "20:41:36.453000", "region": "Southern Sumatra - Indonesia", "year": 2021, "month": 12}}, {"type": "Feature", "geometry": {"type": "Point", "coordinates": [97.01, 0.5]}, "properties": {"magnitude": 3.2, "mag_category": "Light", "depth": 29.0, "depth_category": "Shallow", "date": "2021-02-03 00:00:00", "time": "11:31:25.151000", "region": "Northern Sumatra - Indonesia", "year": 2021, "month": 2}}, {"type": "Feature", "geometry": {"type": "Point", "coordinates": [96.09, 4.86]}, "properties": {"magnitude": 2.2, "mag_category": "Minor", "depth": 13.0, "depth_category": "Shallow", "date": "2021-05-03 00:00:00", "time": "21:09:18.381000", "region": "Northern Sumatra - Indonesia", "year": 2021, "month": 5}}, {"type": "Feature", "geometry": {"type": "Point", "coordinates": [99.84, -0.73]}, "properties": {"magnitude": 3.4, "mag_category": "Light", "depth": 69.0, "depth_category": "Shallow", "date": "2021-10-12 00:00:00", "time": "18:46:14.407000", "region": "Southern Sumatra - Indonesia", "year": 2021, "month": 10}}, {"type": "Feature", "geometry": {"type": "Point", "coordinates": [126.68, 2.95]}, "properties": {"magnitude": 3.5, "mag_category": "Light", "depth": 35.0, "depth_category": "Shallow", "date": "2021-07-10 00:00:00", "time": "05:47:21.270000", "region": "Northern Molucca Sea", "year": 2021, "month": 7}}, {"type": "Feature", "geometry": {"type": "Point", "coordinates": [128.23, 3.03]}, "properties": {"magnitude": 3.6, "mag_category": "Light", "depth": 154.0, "depth_category": "Intermediate", "date": "2021-08-27 00:00:00", "time": "15:02:20.591000", "region": "North of Halmahera - Indonesia", "year": 2021, "month": 8}}, {"type": "Feature", "geometry": {"type": "Point", "coordinates": [125.64, 2.15]}, "properties": {"magnitude": 3.6, "mag_category": "Light", "depth": 139.0, "depth_category": "Intermediate", "date": "2021-07-17 00:00:00", "time": "12:24:01.286000", "region": "Talaud Islands - Indonesia", "year": 2021, "month": 7}}, {"type": "Feature", "geometry": {"type": "Point", "coordinates": [96.24, 5.15]}, "properties": {"magnitude": 3.5, "mag_category": "Light", "depth": 12.0, "depth_category": "Shallow", "date": "2021-03-22 00:00:00", "time": "12:56:51.214000", "region": "Northern Sumatra - Indonesia", "year": 2021, "month": 3}}, {"type": "Feature", "geometry": {"type": "Point", "coordinates": [97.87, 2.55]}, "properties": {"magnitude": 2.7, "mag_category": "Minor", "depth": 49.0, "depth_category": "Shallow", "date": "2021-06-06 00:00:00", "time": "16:03:41.273000", "region": "Northern Sumatra - Indonesia", "year": 2021, "month": 6}}, {"type": "Feature", "geometry": {"type": "Point", "coordinates": [124.12, -8.94]}, "properties": {"magnitude": 3.9, "mag_category": "Light", "depth": 52.0, "depth_category": "Shallow", "date": "2021-05-13 00:00:00", "time": "21:05:34.813000", "region": "Timor Region", "year": 2021, "month": 5}}, {"type": "Feature", "geometry": {"type": "Point", "coordinates": [117.75, -8.16]}, "properties": {"magnitude": 3.0, "mag_category": "Light", "depth": 17.0, "depth_category": "Shallow", "date": "2021-11-05 00:00:00", "time": "21:17:14.070000", "region": "Sumbawa Region - Indonesia", "year": 2021, "month": 11}}, {"type": "Feature", "geometry": {"type": "Point", "coordinates": [123.03, -0.02]}, "properties": {"magnitude": 2.0, "mag_category": "Minor", "depth": 102.0, "depth_category": "Intermediate", "date": "2021-11-05 00:00:00", "time": "20:05:00.696000", "region": "Minahassa Peninsula - Sulawesi", "year": 2021, "month": 11}}, {"type": "Feature", "geometry": {"type": "Point", "coordinates": [120.34, -1.83]}, "properties": {"magnitude": 2.2, "mag_category": "Minor", "depth": 10.0, "depth_category": "Shallow", "date": "2021-10-03 00:00:00", "time": "18:22:00.620000", "region": "Sulawesi - Indonesia", "year": 2021, "month": 10}}, {"type": "Feature", "geometry": {"type": "Point", "coordinates": [104.64, -5.61]}, "properties": {"magnitude": 3.0, "mag_category": "Light", "depth": 10.0, "depth_category": "Shallow", "date": "2021-07-01 00:00:00", "time": "08:42:00.085000", "region": "Southern Sumatra - Indonesia", "year": 2021, "month": 7}}, {"type": "Feature", "geometry": {"type": "Point", "coordinates": [107.72, -7.24]}, "properties": {"magnitude": 2.2, "mag_category": "Minor", "depth": 11.0, "depth_category": "Shallow", "date": "2021-12-01 00:00:00", "time": "17:55:39.964000", "region": "Java - Indonesia", "year": 2021, "month": 12}}, {"type": "Feature", "geometry": {"type": "Point", "coordinates": [128.18, -2.19]}, "properties": {"magnitude": 4.2, "mag_category": "Moderate", "depth": 51.0, "depth_category": "Shallow", "date": "2022-12-05 00:00:00", "time": "11:05:23.965000", "region": "Ceram Sea", "year": 2022, "month": 12}}, {"type": "Feature", "geometry": {"type": "Point", "coordinates": [117.33, -7.93]}, "properties": {"magnitude": 2.7, "mag_category": "Minor", "depth": 10.0, "depth_category": "Shallow", "date": "2022-09-20 00:00:00", "time": "11:25:07.057000", "region": "Bali Sea", "year": 2022, "month": 9}}, {"type": "Feature", "geometry": {"type": "Point", "coordinates": [140.15, -2.2]}, "properties": {"magnitude": 2.9, "mag_category": "Minor", "depth": 10.0, "depth_category": "Shallow", "date": "2022-09-07 00:00:00", "time": "00:25:36.232000", "region": "Near North Coast of Irian Jaya", "year": 2022, "month": 9}}, {"type": "Feature", "geometry": {"type": "Point", "coordinates": [122.88, -0.22]}, "properties": {"magnitude": 2.3, "mag_category": "Minor", "depth": 88.0, "depth_category": "Intermediate", "date": "2022-12-07 00:00:00", "time": "03:48:27.095000", "region": "Minahassa Peninsula - Sulawesi", "year": 2022, "month": 12}}, {"type": "Feature", "geometry": {"type": "Point", "coordinates": [133.44, -2.36]}, "properties": {"magnitude": 3.2, "mag_category": "Light", "depth": 14.0, "depth_category": "Shallow", "date": "2022-07-22 00:00:00", "time": "03:01:38.656000", "region": "Irian Jaya Region - Indonesia", "year": 2022, "month": 7}}, {"type": "Feature", "geometry": {"type": "Point", "coordinates": [98.84, 2.68]}, "properties": {"magnitude": 3.1, "mag_category": "Light", "depth": 144.0, "depth_category": "Intermediate", "date": "2022-12-19 00:00:00", "time": "05:22:02.644000", "region": "Northern Sumatra - Indonesia", "year": 2022, "month": 12}}, {"type": "Feature", "geometry": {"type": "Point", "coordinates": [117.82, -8.04]}, "properties": {"magnitude": 2.7, "mag_category": "Minor", "depth": 28.0, "depth_category": "Shallow", "date": "2022-08-10 00:00:00", "time": "23:40:03.768000", "region": "Sumbawa Region - Indonesia", "year": 2022, "month": 8}}, {"type": "Feature", "geometry": {"type": "Point", "coordinates": [100.67, -4.81]}, "properties": {"magnitude": 4.3, "mag_category": "Moderate", "depth": 10.0, "depth_category": "Shallow", "date": "2022-12-03 00:00:00", "time": "17:57:31.508000", "region": "Southwest of Sumatra - Indonesia", "year": 2022, "month": 12}}, {"type": "Feature", "geometry": {"type": "Point", "coordinates": [105.82, -6.2]}, "properties": {"magnitude": 4.6, "mag_category": "Moderate", "depth": 160.0, "depth_category": "Intermediate", "date": "2022-05-11 00:00:00", "time": "12:11:05.680000", "region": "Sunda Strait - Indonesia", "year": 2022, "month": 5}}, {"type": "Feature", "geometry": {"type": "Point", "coordinates": [96.51, 4.41]}, "properties": {"magnitude": 3.1, "mag_category": "Light", "depth": 10.0, "depth_category": "Shallow", "date": "2022-01-02 00:00:00", "time": "21:35:40.406000", "region": "Northern Sumatra - Indonesia", "year": 2022, "month": 1}}, {"type": "Feature", "geometry": {"type": "Point", "coordinates": [120.19, -1.6]}, "properties": {"magnitude": 2.7, "mag_category": "Minor", "depth": 10.0, "depth_category": "Shallow", "date": "2022-05-17 00:00:00", "time": "20:38:32.324000", "region": "Sulawesi - Indonesia", "year": 2022, "month": 5}}, {"type": "Feature", "geometry": {"type": "Point", "coordinates": [105.25, -7.0]}, "properties": {"magnitude": 3.9, "mag_category": "Light", "depth": 10.0, "depth_category": "Shallow", "date": "2022-07-31 00:00:00", "time": "12:55:51.739000", "region": "Java - Indonesia", "year": 2022, "month": 7}}, {"type": "Feature", "geometry": {"type": "Point", "coordinates": [116.09, -8.73]}, "properties": {"magnitude": 2.3, "mag_category": "Minor", "depth": 26.0, "depth_category": "Shallow", "date": "2022-10-13 00:00:00", "time": "04:09:25.529000", "region": "Sumbawa Region - Indonesia", "year": 2022, "month": 10}}, {"type": "Feature", "geometry": {"type": "Point", "coordinates": [126.36, 0.56]}, "properties": {"magnitude": 4.7, "mag_category": "Moderate", "depth": 10.0, "depth_category": "Shallow", "date": "2022-10-30 00:00:00", "time": "21:53:15.867000", "region": "Northern Molucca Sea", "year": 2022, "month": 10}}, {"type": "Feature", "geometry": {"type": "Point", "coordinates": [127.26, 1.8]}, "properties": {"magnitude": 3.5, "mag_category": "Light", "depth": 93.0, "depth_category": "Intermediate", "date": "2022-11-04 00:00:00", "time": "04:51:17.755000", "region": "Halmahera - Indonesia", "year": 2022, "month": 11}}, {"type": "Feature", "geometry": {"type": "Point", "coordinates": [118.59, -7.94]}, "properties": {"magnitude": 2.3, "mag_category": "Minor", "depth": 44.0, "depth_category": "Shallow", "date": "2022-02-13 00:00:00", "time": "17:08:17.586000", "region": "Flores Sea", "year": 2022, "month": 2}}, {"type": "Feature", "geometry": {"type": "Point", "coordinates": [96.01, 3.64]}, "properties": {"magnitude": 3.1, "mag_category": "Light", "depth": 10.0, "depth_category": "Shallow", "date": "2022-06-29 00:00:00", "time": "11:46:35.158000", "region": "Northern Sumatra - Indonesia", "year": 2022, "month": 6}}, {"type": "Feature", "geometry": {"type": "Point", "coordinates": [127.23, 2.79]}, "properties": {"magnitude": 4.6, "mag_category": "Moderate", "depth": 23.0, "depth_category": "Shallow", "date": "2022-02-25 00:00:00", "time": "09:02:11.511000", "region": "Northern Molucca Sea", "year": 2022, "month": 2}}, {"type": "Feature", "geometry": {"type": "Point", "coordinates": [127.19, 1.93]}, "properties": {"magnitude": 3.8, "mag_category": "Light", "depth": 59.0, "depth_category": "Shallow", "date": "2022-07-30 00:00:00", "time": "16:29:50.924000", "region": "Halmahera - Indonesia", "year": 2022, "month": 7}}, {"type": "Feature", "geometry": {"type": "Point", "coordinates": [96.7, 0.25]}, "properties": {"magnitude": 4.4, "mag_category": "Moderate", "depth": 10.0, "depth_category": "Shallow", "date": "2022-08-03 00:00:00", "time": "05:33:16.036000", "region": "Off West Coast of Northern Sumatra", "year": 2022, "month": 8}}, {"type": "Feature", "geometry": {"type": "Point", "coordinates": [126.25, 5.74]}, "properties": {"magnitude": 4.9, "mag_category": "Moderate", "depth": 104.0, "depth_category": "Intermediate", "date": "2022-11-15 00:00:00", "time": "09:47:30.130000", "region": "Mindanao - Philippines", "year": 2022, "month": 11}}, {"type": "Feature", "geometry": {"type": "Point", "coordinates": [124.0, -10.5]}, "properties": {"magnitude": 4.1, "mag_category": "Moderate", "depth": 25.0, "depth_category": "Shallow", "date": "2022-07-04 00:00:00", "time": "12:53:20.781000", "region": "Timor Region", "year": 2022, "month": 7}}, {"type": "Feature", "geometry": {"type": "Point", "coordinates": [117.89, -9.43]}, "properties": {"magnitude": 2.7, "mag_category": "Minor", "depth": 24.0, "depth_category": "Shallow", "date": "2022-04-02 00:00:00", "time": "08:58:47.417000", "region": "Sumbawa Region - Indonesia", "year": 2022, "month": 4}}, {"type": "Feature", "geometry": {"type": "Point", "coordinates": [120.61, -8.04]}, "properties": {"magnitude": 3.2, "mag_category": "Light", "depth": 10.0, "depth_category": "Shallow", "date": "2022-02-22 00:00:00", "time": "12:27:59.888000", "region": "Flores Region - Indonesia", "year": 2022, "month": 2}}, {"type": "Feature", "geometry": {"type": "Point", "coordinates": [112.16, -8.34]}, "properties": {"magnitude": 3.6, "mag_category": "Light", "depth": 102.0, "depth_category": "Intermediate", "date": "2022-02-03 00:00:00", "time": "08:19:34.856000", "region": "Java - Indonesia", "year": 2022, "month": 2}}, {"type": "Feature", "geometry": {"type": "Point", "coordinates": [133.32, -1.83]}, "properties": {"magnitude": 3.7, "mag_category": "Light", "depth": 10.0, "depth_category": "Shallow", "date": "2022-03-26 00:00:00", "time": "17:07:56.195000", "region": "Irian Jaya Region - Indonesia", "year": 2022, "month": 3}}, {"type": "Feature", "geometry": {"type": "Point", "coordinates": [110.24, -8.88]}, "properties": {"magnitude": 3.3, "mag_category": "Light", "depth": 10.0, "depth_category": "Shallow", "date": "2022-10-08 00:00:00", "time": "14:50:51.526000", "region": "Java - Indonesia", "year": 2022, "month": 10}}, {"type": "Feature", "geometry": {"type": "Point", "coordinates": [123.75, -0.02]}, "properties": {"magnitude": 4.6, "mag_category": "Moderate", "depth": 112.0, "depth_category": "Intermediate", "date": "2022-06-30 00:00:00", "time": "16:14:34.930000", "region": "Minahassa Peninsula - Sulawesi", "year": 2022, "month": 6}}, {"type": "Feature", "geometry": {"type": "Point", "coordinates": [118.56, -7.8]}, "properties": {"magnitude": 2.1, "mag_category": "Minor", "depth": 10.0, "depth_category": "Shallow", "date": "2022-01-14 00:00:00", "time": "05:48:13.928000", "region": "Flores Sea", "year": 2022, "month": 1}}, {"type": "Feature", "geometry": {"type": "Point", "coordinates": [119.28, -8.43]}, "properties": {"magnitude": 2.1, "mag_category": "Minor", "depth": 10.0, "depth_category": "Shallow", "date": "2022-05-16 00:00:00", "time": "14:10:45.227000", "region": "Flores Region - Indonesia", "year": 2022, "month": 5}}, {"type": "Feature", "geometry": {"type": "Point", "coordinates": [126.35, 1.71]}, "properties": {"magnitude": 3.0, "mag_category": "Light", "depth": 10.0, "depth_category": "Shallow", "date": "2022-10-19 00:00:00", "time": "20:06:31.058000", "region": "Northern Molucca Sea", "year": 2022, "month": 10}}, {"type": "Feature", "geometry": {"type": "Point", "coordinates": [121.56, 0.35]}, "properties": {"magnitude": 4.4, "mag_category": "Moderate", "depth": 152.0, "depth_category": "Intermediate", "date": "2022-04-21 00:00:00", "time": "00:53:40.446000", "region": "Minahassa Peninsula - Sulawesi", "year": 2022, "month": 4}}, {"type": "Feature", "geometry": {"type": "Point", "coordinates": [115.61, -8.16]}, "properties": {"magnitude": 2.2, "mag_category": "Minor", "depth": 10.0, "depth_category": "Shallow", "date": "2022-12-13 00:00:00", "time": "13:00:26.676000", "region": "Bali Region - Indonesia", "year": 2022, "month": 12}}, {"type": "Feature", "geometry": {"type": "Point", "coordinates": [121.28, -8.45]}, "properties": {"magnitude": 3.7, "mag_category": "Light", "depth": 176.0, "depth_category": "Intermediate", "date": "2022-05-15 00:00:00", "time": "20:55:13.509000", "region": "Flores Region - Indonesia", "year": 2022, "month": 5}}, {"type": "Feature", "geometry": {"type": "Point", "coordinates": [119.37, -7.68]}, "properties": {"magnitude": 3.3, "mag_category": "Light", "depth": 269.0, "depth_category": "Intermediate", "date": "2022-10-03 00:00:00", "time": "19:51:51.022000", "region": "Flores Sea", "year": 2022, "month": 10}}, {"type": "Feature", "geometry": {"type": "Point", "coordinates": [120.24, 0.61]}, "properties": {"magnitude": 3.3, "mag_category": "Light", "depth": 26.0, "depth_category": "Shallow", "date": "2022-09-20 00:00:00", "time": "23:34:25.401000", "region": "Minahassa Peninsula - Sulawesi", "year": 2022, "month": 9}}, {"type": "Feature", "geometry": {"type": "Point", "coordinates": [107.72, -7.25]}, "properties": {"magnitude": 2.8, "mag_category": "Minor", "depth": 10.0, "depth_category": "Shallow", "date": "2022-10-01 00:00:00", "time": "13:02:35.446000", "region": "Java - Indonesia", "year": 2022, "month": 10}}, {"type": "Feature", "geometry": {"type": "Point", "coordinates": [110.36, -5.8]}, "properties": {"magnitude": 5.1, "mag_category": "Strong", "depth": 550.0, "depth_category": "Deep", "date": "2022-08-15 00:00:00", "time": "11:10:06.280000", "region": "Java Sea", "year": 2022, "month": 8}}, {"type": "Feature", "geometry": {"type": "Point", "coordinates": [118.6, -7.8]}, "properties": {"magnitude": 2.3, "mag_category": "Minor", "depth": 27.0, "depth_category": "Shallow", "date": "2022-01-14 00:00:00", "time": "20:52:11.253000", "region": "Flores Sea", "year": 2022, "month": 1}}, {"type": "Feature", "geometry": {"type": "Point", "coordinates": [96.59, 3.36]}, "properties": {"magnitude": 4.3, "mag_category": "Moderate", "depth": 26.0, "depth_category": "Shallow", "date": "2022-10-10 00:00:00", "time": "12:42:51.995000", "region": "Northern Sumatra - Indonesia", "year": 2022, "month": 10}}, {"type": "Feature", "geometry": {"type": "Point", "coordinates": [118.17, -9.79]}, "properties": {"magnitude": 3.8, "mag_category": "Light", "depth": 10.0, "depth_category": "Shallow", "date": "2022-12-28 00:00:00", "time": "20:19:12.888000", "region": "Sumbawa Region - Indonesia", "year": 2022, "month": 12}}, {"type": "Feature", "geometry": {"type": "Point", "coordinates": [118.61, -7.78]}, "properties": {"magnitude": 3.1, "mag_category": "Light", "depth": 29.0, "depth_category": "Shallow", "date": "2022-07-16 00:00:00", "time": "23:30:11.236000", "region": "Flores Sea", "year": 2022, "month": 7}}, {"type": "Feature", "geometry": {"type": "Point", "coordinates": [106.84, -7.21]}, "properties": {"magnitude": 2.9, "mag_category": "Minor", "depth": 75.0, "depth_category": "Intermediate", "date": "2022-05-10 00:00:00", "time": "16:46:54.016000", "region": "Java - Indonesia", "year": 2022, "month": 5}}, {"type": "Feature", "geometry": {"type": "Point", "coordinates": [126.84, -0.03]}, "properties": {"magnitude": 2.7, "mag_category": "Minor", "depth": 18.0, "depth_category": "Shallow", "date": "2022-12-28 00:00:00", "time": "16:51:55.107000", "region": "Southern Molucca Sea", "year": 2022, "month": 12}}, {"type": "Feature", "geometry": {"type": "Point", "coordinates": [122.45, -8.01]}, "properties": {"magnitude": 2.9, "mag_category": "Minor", "depth": 10.0, "depth_category": "Shallow", "date": "2022-01-03 00:00:00", "time": "01:22:42.465000", "region": "Flores Region - Indonesia", "year": 2022, "month": 1}}, {"type": "Feature", "geometry": {"type": "Point", "coordinates": [99.52, -0.35]}, "properties": {"magnitude": 4.3, "mag_category": "Moderate", "depth": 10.0, "depth_category": "Shallow", "date": "2022-10-23 00:00:00", "time": "14:00:59.662000", "region": "Southern Sumatra - Indonesia", "year": 2022, "month": 10}}, {"type": "Feature", "geometry": {"type": "Point", "coordinates": [115.63, -8.22]}, "properties": {"magnitude": 5.1, "mag_category": "Strong", "depth": 10.0, "depth_category": "Shallow", "date": "2022-12-13 00:00:00", "time": "10:38:24.577000", "region": "Bali Region - Indonesia", "year": 2022, "month": 12}}, {"type": "Feature", "geometry": {"type": "Point", "coordinates": [105.5, -6.59]}, "properties": {"magnitude": 2.9, "mag_category": "Minor", "depth": 11.0, "depth_category": "Shallow", "date": "2022-10-27 00:00:00", "time": "11:02:32.022000", "region": "Sunda Strait - Indonesia", "year": 2022, "month": 10}}, {"type": "Feature", "geometry": {"type": "Point", "coordinates": [118.88, -10.16]}, "properties": {"magnitude": 4.6, "mag_category": "Moderate", "depth": 10.0, "depth_category": "Shallow", "date": "2022-02-17 00:00:00", "time": "21:55:38.384000", "region": "South of Sumbawa - Indonesia", "year": 2022, "month": 2}}, {"type": "Feature", "geometry": {"type": "Point", "coordinates": [97.03, 1.28]}, "properties": {"magnitude": 3.0, "mag_category": "Light", "depth": 17.0, "depth_category": "Shallow", "date": "2022-10-13 00:00:00", "time": "19:48:21.642000", "region": "Northern Sumatra - Indonesia", "year": 2022, "month": 10}}, {"type": "Feature", "geometry": {"type": "Point", "coordinates": [118.61, -7.92]}, "properties": {"magnitude": 4.3, "mag_category": "Moderate", "depth": 28.0, "depth_category": "Shallow", "date": "2022-03-04 00:00:00", "time": "03:49:12.456000", "region": "Flores Sea", "year": 2022, "month": 3}}, {"type": "Feature", "geometry": {"type": "Point", "coordinates": [118.51, -8.51]}, "properties": {"magnitude": 2.0, "mag_category": "Minor", "depth": 155.0, "depth_category": "Intermediate", "date": "2022-11-02 00:00:00", "time": "13:46:15.776000", "region": "Sumbawa Region - Indonesia", "year": 2022, "month": 11}}, {"type": "Feature", "geometry": {"type": "Point", "coordinates": [107.07, -6.86]}, "properties": {"magnitude": 2.3, "mag_category": "Minor", "depth": 10.0, "depth_category": "Shallow", "date": "2022-11-21 00:00:00", "time": "08:42:18.589000", "region": "Java - Indonesia", "year": 2022, "month": 11}}, {"type": "Feature", "geometry": {"type": "Point", "coordinates": [121.48, -9.23]}, "properties": {"magnitude": 4.1, "mag_category": "Moderate", "depth": 56.0, "depth_category": "Shallow", "date": "2022-11-05 00:00:00", "time": "14:40:18.791000", "region": "Savu Sea", "year": 2022, "month": 11}}, {"type": "Feature", "geometry": {"type": "Point", "coordinates": [118.6, -7.87]}, "properties": {"magnitude": 2.5, "mag_category": "Minor", "depth": 28.0, "depth_category": "Shallow", "date": "2022-05-11 00:00:00", "time": "20:11:21.705000", "region": "Flores Sea", "year": 2022, "month": 5}}, {"type": "Feature", "geometry": {"type": "Point", "coordinates": [111.68, -8.43]}, "properties": {"magnitude": 3.6, "mag_category": "Light", "depth": 97.0, "depth_category": "Intermediate", "date": "2022-11-09 00:00:00", "time": "22:59:34.783000", "region": "Java - Indonesia", "year": 2022, "month": 11}}, {"type": "Feature", "geometry": {"type": "Point", "coordinates": [133.76, -4.6]}, "properties": {"magnitude": 4.7, "mag_category": "Moderate", "depth": 10.0, "depth_category": "Shallow", "date": "2022-06-06 00:00:00", "time": "23:56:47.119000", "region": "Irian Jaya Region - Indonesia", "year": 2022, "month": 6}}, {"type": "Feature", "geometry": {"type": "Point", "coordinates": [130.01, -6.52]}, "properties": {"magnitude": 4.6, "mag_category": "Moderate", "depth": 173.0, "depth_category": "Intermediate", "date": "2022-11-18 00:00:00", "time": "10:05:08.002000", "region": "Banda Sea", "year": 2022, "month": 11}}, {"type": "Feature", "geometry": {"type": "Point", "coordinates": [102.81, -7.01]}, "properties": {"magnitude": 5.1, "mag_category": "Strong", "depth": 28.0, "depth_category": "Shallow", "date": "2022-12-30 00:00:00", "time": "04:33:55.394000", "region": "Southwest of Sumatra - Indonesia", "year": 2022, "month": 12}}, {"type": "Feature", "geometry": {"type": "Point", "coordinates": [127.09, 2.52]}, "properties": {"magnitude": 3.1, "mag_category": "Light", "depth": 20.0, "depth_category": "Shallow", "date": "2022-12-13 00:00:00", "time": "19:54:46.518000", "region": "Northern Molucca Sea", "year": 2022, "month": 12}}, {"type": "Feature", "geometry": {"type": "Point", "coordinates": [113.04, -10.52]}, "properties": {"magnitude": 4.5, "mag_category": "Moderate", "depth": 10.0, "depth_category": "Shallow", "date": "2022-07-02 00:00:00", "time": "07:16:31.410000", "region": "South of Java - Indonesia", "year": 2022, "month": 7}}, {"type": "Feature", "geometry": {"type": "Point", "coordinates": [96.73, 0.24]}, "properties": {"magnitude": 4.9, "mag_category": "Moderate", "depth": 10.0, "depth_category": "Shallow", "date": "2022-01-11 00:00:00", "time": "00:26:30.801000", "region": "Off West Coast of Northern Sumatra", "year": 2022, "month": 1}}, {"type": "Feature", "geometry": {"type": "Point", "coordinates": [112.3, -8.42]}, "properties": {"magnitude": 3.7, "mag_category": "Light", "depth": 114.0, "depth_category": "Intermediate", "date": "2022-01-24 00:00:00", "time": "14:38:33.638000", "region": "Java - Indonesia", "year": 2022, "month": 1}}, {"type": "Feature", "geometry": {"type": "Point", "coordinates": [120.52, -7.99]}, "properties": {"magnitude": 2.6, "mag_category": "Minor", "depth": 10.0, "depth_category": "Shallow", "date": "2022-02-28 00:00:00", "time": "21:48:12.446000", "region": "Flores Sea", "year": 2022, "month": 2}}, {"type": "Feature", "geometry": {"type": "Point", "coordinates": [100.66, -0.98]}, "properties": {"magnitude": 2.5, "mag_category": "Minor", "depth": 13.0, "depth_category": "Shallow", "date": "2022-10-20 00:00:00", "time": "09:37:16.014000", "region": "Southern Sumatra - Indonesia", "year": 2022, "month": 10}}, {"type": "Feature", "geometry": {"type": "Point", "coordinates": [101.53, -3.57]}, "properties": {"magnitude": 3.9, "mag_category": "Light", "depth": 11.0, "depth_category": "Shallow", "date": "2022-02-16 00:00:00", "time": "07:03:00.229000", "region": "Southern Sumatra - Indonesia", "year": 2022, "month": 2}}, {"type": "Feature", "geometry": {"type": "Point", "coordinates": [128.32, -3.26]}, "properties": {"magnitude": 3.1, "mag_category": "Light", "depth": 10.0, "depth_category": "Shallow", "date": "2022-08-07 00:00:00", "time": "11:21:24.290000", "region": "Seram - Indonesia", "year": 2022, "month": 8}}, {"type": "Feature", "geometry": {"type": "Point", "coordinates": [121.24, -0.04]}, "properties": {"magnitude": 2.4, "mag_category": "Minor", "depth": 13.0, "depth_category": "Shallow", "date": "2022-05-20 00:00:00", "time": "07:39:29.618000", "region": "Minahassa Peninsula - Sulawesi", "year": 2022, "month": 5}}, {"type": "Feature", "geometry": {"type": "Point", "coordinates": [128.35, -3.32]}, "properties": {"magnitude": 2.3, "mag_category": "Minor", "depth": 10.0, "depth_category": "Shallow", "date": "2022-10-18 00:00:00", "time": "06:11:42.738000", "region": "Seram - Indonesia", "year": 2022, "month": 10}}, {"type": "Feature", "geometry": {"type": "Point", "coordinates": [120.7, -7.99]}, "properties": {"magnitude": 3.4, "mag_category": "Light", "depth": 10.0, "depth_category": "Shallow", "date": "2022-02-21 00:00:00", "time": "13:36:17.466000", "region": "Flores Sea", "year": 2022, "month": 2}}, {"type": "Feature", "geometry": {"type": "Point", "coordinates": [127.65, 4.19]}, "properties": {"magnitude": 4.8, "mag_category": "Moderate", "depth": 135.0, "depth_category": "Intermediate", "date": "2022-06-30 00:00:00", "time": "18:03:52.157000", "region": "Talaud Islands - Indonesia", "year": 2022, "month": 6}}, {"type": "Feature", "geometry": {"type": "Point", "coordinates": [107.14, -6.86]}, "properties": {"magnitude": 1.8, "mag_category": "Minor", "depth": 10.0, "depth_category": "Shallow", "date": "2022-11-21 00:00:00", "time": "07:25:01.948000", "region": "Java - Indonesia", "year": 2022, "month": 11}}, {"type": "Feature", "geometry": {"type": "Point", "coordinates": [120.7, -8.02]}, "properties": {"magnitude": 2.7, "mag_category": "Minor", "depth": 10.0, "depth_category": "Shallow", "date": "2022-02-22 00:00:00", "time": "13:51:36.515000", "region": "Flores Region - Indonesia", "year": 2022, "month": 2}}, {"type": "Feature", "geometry": {"type": "Point", "coordinates": [128.83, 2.77]}, "properties": {"magnitude": 4.2, "mag_category": "Moderate", "depth": 10.0, "depth_category": "Shallow", "date": "2022-06-22 00:00:00", "time": "09:32:56.930000", "region": "Halmahera - Indonesia", "year": 2022, "month": 6}}, {"type": "Feature", "geometry": {"type": "Point", "coordinates": [123.71, -10.09]}, "properties": {"magnitude": 3.7, "mag_category": "Light", "depth": 10.0, "depth_category": "Shallow", "date": "2022-12-28 00:00:00", "time": "12:06:10.355000", "region": "Timor Region", "year": 2022, "month": 12}}, {"type": "Feature", "geometry": {"type": "Point", "coordinates": [126.61, 3.58]}, "properties": {"magnitude": 3.6, "mag_category": "Light", "depth": 10.0, "depth_category": "Shallow", "date": "2022-06-06 00:00:00", "time": "12:47:45.419000", "region": "Talaud Islands - Indonesia", "year": 2022, "month": 6}}, {"type": "Feature", "geometry": {"type": "Point", "coordinates": [117.76, -8.42]}, "properties": {"magnitude": 2.7, "mag_category": "Minor", "depth": 195.0, "depth_category": "Intermediate", "date": "2022-06-01 00:00:00", "time": "18:59:47.560000", "region": "Sumbawa Region - Indonesia", "year": 2022, "month": 6}}, {"type": "Feature", "geometry": {"type": "Point", "coordinates": [123.82, -10.75]}, "properties": {"magnitude": 4.1, "mag_category": "Moderate", "depth": 18.0, "depth_category": "Shallow", "date": "2022-02-23 00:00:00", "time": "14:02:30.149000", "region": "Timor Region", "year": 2022, "month": 2}}, {"type": "Feature", "geometry": {"type": "Point", "coordinates": [99.5, 1.17]}, "properties": {"magnitude": 3.3, "mag_category": "Light", "depth": 10.0, "depth_category": "Shallow", "date": "2022-01-03 00:00:00", "time": "00:29:33.042000", "region": "Northern Sumatra - Indonesia", "year": 2022, "month": 1}}, {"type": "Feature", "geometry": {"type": "Point", "coordinates": [124.29, -8.86]}, "properties": {"magnitude": 2.6, "mag_category": "Minor", "depth": 73.0, "depth_category": "Intermediate", "date": "2022-09-17 00:00:00", "time": "09:12:52.167000", "region": "Timor Region", "year": 2022, "month": 9}}, {"type": "Feature", "geometry": {"type": "Point", "coordinates": [129.02, -8.21]}, "properties": {"magnitude": 5.1, "mag_category": "Strong", "depth": 57.0, "depth_category": "Shallow", "date": "2022-12-30 00:00:00", "time": "12:10:49.353000", "region": "Timor Sea", "year": 2022, "month": 12}}, {"type": "Feature", "geometry": {"type": "Point", "coordinates": [123.84, -10.53]}, "properties": {"magnitude": 3.7, "mag_category": "Light", "depth": 46.0, "depth_category": "Shallow", "date": "2022-11-21 00:00:00", "time": "10:14:03.718000", "region": "Timor Region", "year": 2022, "month": 11}}, {"type": "Feature", "geometry": {"type": "Point", "coordinates": [99.94, 0.14]}, "properties": {"magnitude": 2.8, "mag_category": "Minor", "depth": 10.0, "depth_category": "Shallow", "date": "2022-05-26 00:00:00", "time": "00:26:49.855000", "region": "Northern Sumatra - Indonesia", "year": 2022, "month": 5}}, {"type": "Feature", "geometry": {"type": "Point", "coordinates": [118.61, -7.86]}, "properties": {"magnitude": 2.7, "mag_category": "Minor", "depth": 36.0, "depth_category": "Shallow", "date": "2022-10-21 00:00:00", "time": "03:52:23.629000", "region": "Flores Sea", "year": 2022, "month": 10}}, {"type": "Feature", "geometry": {"type": "Point", "coordinates": [122.96, -0.22]}, "properties": {"magnitude": 3.4, "mag_category": "Light", "depth": 32.0, "depth_category": "Shallow", "date": "2022-03-06 00:00:00", "time": "03:05:41.049000", "region": "Minahassa Peninsula - Sulawesi", "year": 2022, "month": 3}}, {"type": "Feature", "geometry": {"type": "Point", "coordinates": [126.18, 5.31]}, "properties": {"magnitude": 5.0, "mag_category": "Strong", "depth": 143.0, "depth_category": "Intermediate", "date": "2022-05-11 00:00:00", "time": "19:12:57.797000", "region": "Mindanao - Philippines", "year": 2022, "month": 5}}, {"type": "Feature", "geometry": {"type": "Point", "coordinates": [104.91, -7.15]}, "properties": {"magnitude": 3.8, "mag_category": "Light", "depth": 10.0, "depth_category": "Shallow", "date": "2022-08-22 00:00:00", "time": "13:31:50.703000", "region": "Southwest of Sumatra - Indonesia", "year": 2022, "month": 8}}, {"type": "Feature", "geometry": {"type": "Point", "coordinates": [121.87, -0.58]}, "properties": {"magnitude": 3.8, "mag_category": "Light", "depth": 10.0, "depth_category": "Shallow", "date": "2022-12-06 00:00:00", "time": "05:43:03.609000", "region": "Minahassa Peninsula - Sulawesi", "year": 2022, "month": 12}}, {"type": "Feature", "geometry": {"type": "Point", "coordinates": [107.1, -6.84]}, "properties": {"magnitude": 2.6, "mag_category": "Minor", "depth": 10.0, "depth_category": "Shallow", "date": "2022-12-02 00:00:00", "time": "06:03:30.182000", "region": "Java - Indonesia", "year": 2022, "month": 12}}, {"type": "Feature", "geometry": {"type": "Point", "coordinates": [129.51, -7.19]}, "properties": {"magnitude": 4.1, "mag_category": "Moderate", "depth": 155.0, "depth_category": "Intermediate", "date": "2022-03-11 00:00:00", "time": "03:55:54.331000", "region": "Banda Sea", "year": 2022, "month": 3}}, {"type": "Feature", "geometry": {"type": "Point", "coordinates": [101.89, -3.77]}, "properties": {"magnitude": 4.7, "mag_category": "Moderate", "depth": 13.0, "depth_category": "Shallow", "date": "2022-10-01 00:00:00", "time": "13:50:16.161000", "region": "Southern Sumatra - Indonesia", "year": 2022, "month": 10}}, {"type": "Feature", "geometry": {"type": "Point", "coordinates": [103.35, -5.72]}, "properties": {"magnitude": 3.1, "mag_category": "Light", "depth": 10.0, "depth_category": "Shallow", "date": "2022-02-17 00:00:00", "time": "19:09:30.887000", "region": "Southern Sumatra - Indonesia", "year": 2022, "month": 2}}, {"type": "Feature", "geometry": {"type": "Point", "coordinates": [119.92, -7.57]}, "properties": {"magnitude": 3.8, "mag_category": "Light", "depth": 398.0, "depth_category": "Deep", "date": "2022-09-18 00:00:00", "time": "17:13:20.917000", "region": "Flores Sea", "year": 2022, "month": 9}}, {"type": "Feature", "geometry": {"type": "Point", "coordinates": [120.64, -1.98]}, "properties": {"magnitude": 2.5, "mag_category": "Minor", "depth": 24.0, "depth_category": "Shallow", "date": "2022-06-03 00:00:00", "time": "03:41:05.722000", "region": "Sulawesi - Indonesia", "year": 2022, "month": 6}}, {"type": "Feature", "geometry": {"type": "Point", "coordinates": [128.36, -1.92]}, "properties": {"magnitude": 4.4, "mag_category": "Moderate", "depth": 23.0, "depth_category": "Shallow", "date": "2022-12-02 00:00:00", "time": "06:45:06.472000", "region": "Halmahera - Indonesia", "year": 2022, "month": 12}}, {"type": "Feature", "geometry": {"type": "Point", "coordinates": [125.58, -5.19]}, "properties": {"magnitude": 4.2, "mag_category": "Moderate", "depth": 10.0, "depth_category": "Shallow", "date": "2022-09-11 00:00:00", "time": "18:19:06.151000", "region": "Banda Sea", "year": 2022, "month": 9}}, {"type": "Feature", "geometry": {"type": "Point", "coordinates": [107.08, -6.88]}, "properties": {"magnitude": 1.7, "mag_category": "Minor", "depth": 17.0, "depth_category": "Shallow", "date": "2022-11-21 00:00:00", "time": "08:07:56.199000", "region": "Java - Indonesia", "year": 2022, "month": 11}}, {"type": "Feature", "geometry": {"type": "Point", "coordinates": [118.8, -10.04]}, "properties": {"magnitude": 3.6, "mag_category": "Light", "depth": 10.0, "depth_category": "Shallow", "date": "2022-04-29 00:00:00", "time": "08:18:00.278000", "region": "South of Sumbawa - Indonesia", "year": 2022, "month": 4}}, {"type": "Feature", "geometry": {"type": "Point", "coordinates": [124.52, -9.61]}, "properties": {"magnitude": 2.1, "mag_category": "Minor", "depth": 10.0, "depth_category": "Shallow", "date": "2022-05-06 00:00:00", "time": "10:34:09.477000", "region": "Timor Region", "year": 2022, "month": 5}}, {"type": "Feature", "geometry": {"type": "Point", "coordinates": [128.99, -5.72]}, "properties": {"magnitude": 4.0, "mag_category": "Moderate", "depth": 271.0, "depth_category": "Intermediate", "date": "2022-04-27 00:00:00", "time": "03:15:31.342000", "region": "Banda Sea", "year": 2022, "month": 4}}, {"type": "Feature", "geometry": {"type": "Point", "coordinates": [120.7, -7.93]}, "properties": {"magnitude": 3.3, "mag_category": "Light", "depth": 18.0, "depth_category": "Shallow", "date": "2022-02-21 00:00:00", "time": "16:46:18.733000", "region": "Flores Sea", "year": 2022, "month": 2}}, {"type": "Feature", "geometry": {"type": "Point", "coordinates": [122.1, 0.26]}, "properties": {"magnitude": 3.5, "mag_category": "Light", "depth": 178.0, "depth_category": "Intermediate", "date": "2022-07-13 00:00:00", "time": "18:37:15.569000", "region": "Minahassa Peninsula - Sulawesi", "year": 2022, "month": 7}}, {"type": "Feature", "geometry": {"type": "Point", "coordinates": [136.36, -1.49]}, "properties": {"magnitude": 3.1, "mag_category": "Light", "depth": 60.0, "depth_category": "Shallow", "date": "2022-08-18 00:00:00", "time": "07:08:40.231000", "region": "Irian Jaya Region - Indonesia", "year": 2022, "month": 8}}, {"type": "Feature", "geometry": {"type": "Point", "coordinates": [122.09, -8.29]}, "properties": {"magnitude": 3.7, "mag_category": "Light", "depth": 190.0, "depth_category": "Intermediate", "date": "2022-08-15 00:00:00", "time": "00:34:21.104000", "region": "Flores Region - Indonesia", "year": 2022, "month": 8}}, {"type": "Feature", "geometry": {"type": "Point", "coordinates": [107.03, -6.78]}, "properties": {"magnitude": 2.2, "mag_category": "Minor", "depth": 11.0, "depth_category": "Shallow", "date": "2022-11-29 00:00:00", "time": "01:16:15.744000", "region": "Java - Indonesia", "year": 2022, "month": 11}}, {"type": "Feature", "geometry": {"type": "Point", "coordinates": [116.9, -8.44]}, "properties": {"magnitude": 2.4, "mag_category": "Minor", "depth": 10.0, "depth_category": "Shallow", "date": "2022-03-03 00:00:00", "time": "13:04:06.214000", "region": "Sumbawa Region - Indonesia", "year": 2022, "month": 3}}, {"type": "Feature", "geometry": {"type": "Point", "coordinates": [128.64, 2.66]}, "properties": {"magnitude": 3.6, "mag_category": "Light", "depth": 222.0, "depth_category": "Intermediate", "date": "2022-05-08 00:00:00", "time": "14:45:34.481000", "region": "Halmahera - Indonesia", "year": 2022, "month": 5}}, {"type": "Feature", "geometry": {"type": "Point", "coordinates": [122.04, 0.34]}, "properties": {"magnitude": 3.3, "mag_category": "Light", "depth": 161.0, "depth_category": "Intermediate", "date": "2022-07-22 00:00:00", "time": "18:36:08.566000", "region": "Minahassa Peninsula - Sulawesi", "year": 2022, "month": 7}}, {"type": "Feature", "geometry": {"type": "Point", "coordinates": [98.4, -0.84]}, "properties": {"magnitude": 3.4, "mag_category": "Light", "depth": 79.0, "depth_category": "Intermediate", "date": "2022-04-28 00:00:00", "time": "15:53:15.836000", "region": "Southern Sumatra - Indonesia", "year": 2022, "month": 4}}, {"type": "Feature", "geometry": {"type": "Point", "coordinates": [116.84, -8.97]}, "properties": {"magnitude": 2.2, "mag_category": "Minor", "depth": 10.0, "depth_category": "Shallow", "date": "2022-09-23 00:00:00", "time": "04:50:45.606000", "region": "Sumbawa Region - Indonesia", "year": 2022, "month": 9}}, {"type": "Feature", "geometry": {"type": "Point", "coordinates": [130.56, -6.08]}, "properties": {"magnitude": 4.3, "mag_category": "Moderate", "depth": 105.0, "depth_category": "Intermediate", "date": "2022-05-03 00:00:00", "time": "10:59:12.976000", "region": "Banda Sea", "year": 2022, "month": 5}}, {"type": "Feature", "geometry": {"type": "Point", "coordinates": [100.02, 0.18]}, "properties": {"magnitude": 3.0, "mag_category": "Light", "depth": 10.0, "depth_category": "Shallow", "date": "2022-03-04 00:00:00", "time": "17:00:41.235000", "region": "Northern Sumatra - Indonesia", "year": 2022, "month": 3}}, {"type": "Feature", "geometry": {"type": "Point", "coordinates": [120.48, -1.29]}, "properties": {"magnitude": 3.3, "mag_category": "Light", "depth": 10.0, "depth_category": "Shallow", "date": "2022-01-02 00:00:00", "time": "20:51:41.925000", "region": "Sulawesi - Indonesia", "year": 2022, "month": 1}}, {"type": "Feature", "geometry": {"type": "Point", "coordinates": [128.9, -5.62]}, "properties": {"magnitude": 4.7, "mag_category": "Moderate", "depth": 316.0, "depth_category": "Deep", "date": "2022-06-17 00:00:00", "time": "19:11:56.984000", "region": "Banda Sea", "year": 2022, "month": 6}}, {"type": "Feature", "geometry": {"type": "Point", "coordinates": [131.62, -0.63]}, "properties": {"magnitude": 3.4, "mag_category": "Light", "depth": 10.0, "depth_category": "Shallow", "date": "2022-07-05 00:00:00", "time": "01:37:39.048000", "region": "Irian Jaya Region - Indonesia", "year": 2022, "month": 7}}, {"type": "Feature", "geometry": {"type": "Point", "coordinates": [100.38, -0.32]}, "properties": {"magnitude": 3.6, "mag_category": "Light", "depth": 10.0, "depth_category": "Shallow", "date": "2022-09-18 00:00:00", "time": "06:46:45.506000", "region": "Southern Sumatra - Indonesia", "year": 2022, "month": 9}}, {"type": "Feature", "geometry": {"type": "Point", "coordinates": [107.16, -9.77]}, "properties": {"magnitude": 4.5, "mag_category": "Moderate", "depth": 10.0, "depth_category": "Shallow", "date": "2022-07-14 00:00:00", "time": "08:39:40.143000", "region": "South of Java - Indonesia", "year": 2022, "month": 7}}, {"type": "Feature", "geometry": {"type": "Point", "coordinates": [118.6, -7.76]}, "properties": {"magnitude": 3.0, "mag_category": "Light", "depth": 23.0, "depth_category": "Shallow", "date": "2022-01-14 00:00:00", "time": "18:43:23.849000", "region": "Flores Sea", "year": 2022, "month": 1}}, {"type": "Feature", "geometry": {"type": "Point", "coordinates": [98.73, 0.68]}, "properties": {"magnitude": 2.4, "mag_category": "Minor", "depth": 10.0, "depth_category": "Shallow", "date": "2022-11-08 00:00:00", "time": "22:45:23.325000", "region": "Northern Sumatra - Indonesia", "year": 2022, "month": 11}}, {"type": "Feature", "geometry": {"type": "Point", "coordinates": [104.91, -6.2]}, "properties": {"magnitude": 2.4, "mag_category": "Minor", "depth": 10.0, "depth_category": "Shallow", "date": "2022-12-16 00:00:00", "time": "22:00:46.596000", "region": "Sunda Strait - Indonesia", "year": 2022, "month": 12}}, {"type": "Feature", "geometry": {"type": "Point", "coordinates": [116.32, -8.65]}, "properties": {"magnitude": 2.8, "mag_category": "Minor", "depth": 91.0, "depth_category": "Intermediate", "date": "2022-12-22 00:00:00", "time": "20:29:59.279000", "region": "Sumbawa Region - Indonesia", "year": 2022, "month": 12}}, {"type": "Feature", "geometry": {"type": "Point", "coordinates": [118.72, -7.86]}, "properties": {"magnitude": 2.7, "mag_category": "Minor", "depth": 65.0, "depth_category": "Shallow", "date": "2022-09-15 00:00:00", "time": "19:15:50.684000", "region": "Flores Sea", "year": 2022, "month": 9}}, {"type": "Feature", "geometry": {"type": "Point", "coordinates": [118.58, -11.0]}, "properties": {"magnitude": 4.0, "mag_category": "Moderate", "depth": 10.0, "depth_category": "Shallow", "date": "2022-08-09 00:00:00", "time": "11:31:24.352000", "region": "South of Sumbawa - Indonesia", "year": 2022, "month": 8}}, {"type": "Feature", "geometry": {"type": "Point", "coordinates": [119.75, -3.6]}, "properties": {"magnitude": 2.2, "mag_category": "Minor", "depth": 21.0, "depth_category": "Shallow", "date": "2022-08-12 00:00:00", "time": "05:37:29.201000", "region": "Sulawesi - Indonesia", "year": 2022, "month": 8}}, {"type": "Feature", "geometry": {"type": "Point", "coordinates": [127.25, 1.48]}, "properties": {"magnitude": 3.4, "mag_category": "Light", "depth": 139.0, "depth_category": "Intermediate", "date": "2022-07-05 00:00:00", "time": "08:27:03.476000", "region": "Halmahera - Indonesia", "year": 2022, "month": 7}}, {"type": "Feature", "geometry": {"type": "Point", "coordinates": [116.03, -8.11]}, "properties": {"magnitude": 3.0, "mag_category": "Light", "depth": 236.0, "depth_category": "Intermediate", "date": "2022-04-13 00:00:00", "time": "21:00:53.423000", "region": "Sumbawa Region - Indonesia", "year": 2022, "month": 4}}, {"type": "Feature", "geometry": {"type": "Point", "coordinates": [122.99, -0.25]}, "properties": {"magnitude": 4.1, "mag_category": "Moderate", "depth": 10.0, "depth_category": "Shallow", "date": "2022-06-23 00:00:00", "time": "06:19:43.914000", "region": "Minahassa Peninsula - Sulawesi", "year": 2022, "month": 6}}, {"type": "Feature", "geometry": {"type": "Point", "coordinates": [110.18, -9.53]}, "properties": {"magnitude": 3.7, "mag_category": "Light", "depth": 12.0, "depth_category": "Shallow", "date": "2022-12-04 00:00:00", "time": "14:32:25.247000", "region": "South of Java - Indonesia", "year": 2022, "month": 12}}, {"type": "Feature", "geometry": {"type": "Point", "coordinates": [107.1, -6.83]}, "properties": {"magnitude": 2.0, "mag_category": "Minor", "depth": 10.0, "depth_category": "Shallow", "date": "2022-11-23 00:00:00", "time": "18:26:48.061000", "region": "Java - Indonesia", "year": 2022, "month": 11}}, {"type": "Feature", "geometry": {"type": "Point", "coordinates": [124.5, -0.08]}, "properties": {"magnitude": 3.3, "mag_category": "Light", "depth": 11.0, "depth_category": "Shallow", "date": "2022-04-01 00:00:00", "time": "00:28:18.108000", "region": "Southern Molucca Sea", "year": 2022, "month": 4}}, {"type": "Feature", "geometry": {"type": "Point", "coordinates": [124.74, -0.14]}, "properties": {"magnitude": 3.9, "mag_category": "Light", "depth": 13.0, "depth_category": "Shallow", "date": "2022-07-22 00:00:00", "time": "17:16:41.514000", "region": "Southern Molucca Sea", "year": 2022, "month": 7}}, {"type": "Feature", "geometry": {"type": "Point", "coordinates": [118.05, -8.12]}, "properties": {"magnitude": 3.6, "mag_category": "Light", "depth": 17.0, "depth_category": "Shallow", "date": "2022-03-02 00:00:00", "time": "03:19:18.161000", "region": "Sumbawa Region - Indonesia", "year": 2022, "month": 3}}, {"type": "Feature", "geometry": {"type": "Point", "coordinates": [106.62, -7.48]}, "properties": {"magnitude": 3.1, "mag_category": "Light", "depth": 38.0, "depth_category": "Shallow", "date": "2022-12-23 00:00:00", "time": "04:36:21.828000", "region": "Java - Indonesia", "year": 2022, "month": 12}}, {"type": "Feature", "geometry": {"type": "Point", "coordinates": [133.79, -3.42]}, "properties": {"magnitude": 3.9, "mag_category": "Light", "depth": 10.0, "depth_category": "Shallow", "date": "2022-06-29 00:00:00", "time": "19:43:43.436000", "region": "Irian Jaya Region - Indonesia", "year": 2022, "month": 6}}, {"type": "Feature", "geometry": {"type": "Point", "coordinates": [103.69, -5.59]}, "properties": {"magnitude": 4.2, "mag_category": "Moderate", "depth": 28.0, "depth_category": "Shallow", "date": "2022-08-07 00:00:00", "time": "22:41:59.521000", "region": "Southern Sumatra - Indonesia", "year": 2022, "month": 8}}, {"type": "Feature", "geometry": {"type": "Point", "coordinates": [102.25, -4.11]}, "properties": {"magnitude": 3.1, "mag_category": "Light", "depth": 28.0, "depth_category": "Shallow", "date": "2022-10-11 00:00:00", "time": "18:40:34.678000", "region": "Southern Sumatra - Indonesia", "year": 2022, "month": 10}}, {"type": "Feature", "geometry": {"type": "Point", "coordinates": [127.3, -2.87]}, "properties": {"magnitude": 3.0, "mag_category": "Light", "depth": 19.0, "depth_category": "Shallow", "date": "2022-08-27 00:00:00", "time": "16:28:13.954000", "region": "Ceram Sea", "year": 2022, "month": 8}}, {"type": "Feature", "geometry": {"type": "Point", "coordinates": [127.58, -4.17]}, "properties": {"magnitude": 4.8, "mag_category": "Moderate", "depth": 244.0, "depth_category": "Intermediate", "date": "2022-08-17 00:00:00", "time": "00:44:48.585000", "region": "Banda Sea", "year": 2022, "month": 8}}, {"type": "Feature", "geometry": {"type": "Point", "coordinates": [118.49, -9.51]}, "properties": {"magnitude": 2.6, "mag_category": "Minor", "depth": 33.0, "depth_category": "Shallow", "date": "2022-11-10 00:00:00", "time": "07:52:18.538000", "region": "Sumbawa Region - Indonesia", "year": 2022, "month": 11}}, {"type": "Feature", "geometry": {"type": "Point", "coordinates": [126.71, 1.45]}, "properties": {"magnitude": 3.6, "mag_category": "Light", "depth": 35.0, "depth_category": "Shallow", "date": "2022-07-09 00:00:00", "time": "03:54:22.585000", "region": "Northern Molucca Sea", "year": 2022, "month": 7}}, {"type": "Feature", "geometry": {"type": "Point", "coordinates": [119.8, -8.21]}, "properties": {"magnitude": 2.3, "mag_category": "Minor", "depth": 10.0, "depth_category": "Shallow", "date": "2022-03-21 00:00:00", "time": "20:04:55.983000", "region": "Flores Region - Indonesia", "year": 2022, "month": 3}}, {"type": "Feature", "geometry": {"type": "Point", "coordinates": [126.87, 3.89]}, "properties": {"magnitude": 3.9, "mag_category": "Light", "depth": 45.0, "depth_category": "Shallow", "date": "2022-05-11 00:00:00", "time": "20:51:19.079000", "region": "Talaud Islands - Indonesia", "year": 2022, "month": 5}}, {"type": "Feature", "geometry": {"type": "Point", "coordinates": [121.88, -4.05]}, "properties": {"magnitude": 3.0, "mag_category": "Light", "depth": 10.0, "depth_category": "Shallow", "date": "2022-05-04 00:00:00", "time": "01:45:31.646000", "region": "Sulawesi - Indonesia", "year": 2022, "month": 5}}, {"type": "Feature", "geometry": {"type": "Point", "coordinates": [107.07, -6.83]}, "properties": {"magnitude": 2.1, "mag_category": "Minor", "depth": 11.0, "depth_category": "Shallow", "date": "2022-12-04 00:00:00", "time": "15:35:21.678000", "region": "Java - Indonesia", "year": 2022, "month": 12}}, {"type": "Feature", "geometry": {"type": "Point", "coordinates": [120.66, -2.08]}, "properties": {"magnitude": 3.3, "mag_category": "Light", "depth": 10.0, "depth_category": "Shallow", "date": "2022-10-13 00:00:00", "time": "07:01:14.537000", "region": "Sulawesi - Indonesia", "year": 2022, "month": 10}}, {"type": "Feature", "geometry": {"type": "Point", "coordinates": [96.21, 4.78]}, "properties": {"magnitude": 2.7, "mag_category": "Minor", "depth": 10.0, "depth_category": "Shallow", "date": "2022-12-06 00:00:00", "time": "03:58:39.958000", "region": "Northern Sumatra - Indonesia", "year": 2022, "month": 12}}, {"type": "Feature", "geometry": {"type": "Point", "coordinates": [100.68, -2.19]}, "properties": {"magnitude": 3.3, "mag_category": "Light", "depth": 42.0, "depth_category": "Shallow", "date": "2022-12-17 00:00:00", "time": "11:52:33.997000", "region": "Southern Sumatra - Indonesia", "year": 2022, "month": 12}}, {"type": "Feature", "geometry": {"type": "Point", "coordinates": [112.92, -9.66]}, "properties": {"magnitude": 3.6, "mag_category": "Light", "depth": 10.0, "depth_category": "Shallow", "date": "2022-07-10 00:00:00", "time": "21:57:30.793000", "region": "South of Java - Indonesia", "year": 2022, "month": 7}}, {"type": "Feature", "geometry": {"type": "Point", "coordinates": [98.7, -0.95]}, "properties": {"magnitude": 4.1, "mag_category": "Moderate", "depth": 74.0, "depth_category": "Intermediate", "date": "2022-09-03 00:00:00", "time": "05:04:19.908000", "region": "Southern Sumatra - Indonesia", "year": 2022, "month": 9}}, {"type": "Feature", "geometry": {"type": "Point", "coordinates": [99.75, -1.11]}, "properties": {"magnitude": 3.4, "mag_category": "Light", "depth": 24.0, "depth_category": "Shallow", "date": "2022-04-04 00:00:00", "time": "21:56:01.367000", "region": "Southern Sumatra - Indonesia", "year": 2022, "month": 4}}, {"type": "Feature", "geometry": {"type": "Point", "coordinates": [123.92, -8.96]}, "properties": {"magnitude": 3.6, "mag_category": "Light", "depth": 84.0, "depth_category": "Intermediate", "date": "2023-01-16 00:00:00", "time": "11:35:42.816000", "region": "Flores Region - Indonesia", "year": 2023, "month": 1}}, {"type": "Feature", "geometry": {"type": "Point", "coordinates": [124.5, 1.4]}, "properties": {"magnitude": 3.8, "mag_category": "Light", "depth": 251.0, "depth_category": "Intermediate", "date": "2023-01-04 00:00:00", "time": "21:29:40.988000", "region": "Minahassa Peninsula - Sulawesi", "year": 2023, "month": 1}}, {"type": "Feature", "geometry": {"type": "Point", "coordinates": [140.73, -2.37]}, "properties": {"magnitude": 4.0, "mag_category": "Moderate", "depth": 10.0, "depth_category": "Shallow", "date": "2023-01-17 00:00:00", "time": "02:14:02.454000", "region": "Near North Coast of Irian Jaya", "year": 2023, "month": 1}}, {"type": "Feature", "geometry": {"type": "Point", "coordinates": [127.94, -2.95]}, "properties": {"magnitude": 2.5, "mag_category": "Minor", "depth": 20.0, "depth_category": "Shallow", "date": "2023-01-22 00:00:00", "time": "23:54:00.971000", "region": "Ceram Sea", "year": 2023, "month": 1}}, {"type": "Feature", "geometry": {"type": "Point", "coordinates": [140.79, -2.33]}, "properties": {"magnitude": 2.8, "mag_category": "Minor", "depth": 10.0, "depth_category": "Shallow", "date": "2023-01-03 00:00:00", "time": "13:29:15.800000", "region": "Near North Coast of Irian Jaya", "year": 2023, "month": 1}}, {"type": "Feature", "geometry": {"type": "Point", "coordinates": [102.43, -2.62]}, "properties": {"magnitude": 3.3, "mag_category": "Light", "depth": 184.0, "depth_category": "Intermediate", "date": "2023-01-23 00:00:00", "time": "07:07:26.782000", "region": "Southern Sumatra - Indonesia", "year": 2023, "month": 1}}, {"type": "Feature", "geometry": {"type": "Point", "coordinates": [127.08, 2.92]}, "properties": {"magnitude": 3.1, "mag_category": "Light", "depth": 10.0, "depth_category": "Shallow", "date": "2023-01-18 00:00:00", "time": "15:31:09.122000", "region": "Northern Molucca Sea", "year": 2023, "month": 1}}, {"type": "Feature", "geometry": {"type": "Point", "coordinates": [127.12, 2.9]}, "properties": {"magnitude": 4.3, "mag_category": "Moderate", "depth": 10.0, "depth_category": "Shallow", "date": "2023-01-19 00:00:00", "time": "07:58:26.387000", "region": "Northern Molucca Sea", "year": 2023, "month": 1}}, {"type": "Feature", "geometry": {"type": "Point", "coordinates": [106.13, -6.73]}, "properties": {"magnitude": 2.7, "mag_category": "Minor", "depth": 87.0, "depth_category": "Intermediate", "date": "2023-01-02 00:00:00", "time": "21:30:04.796000", "region": "Java - Indonesia", "year": 2023, "month": 1}}, {"type": "Feature", "geometry": {"type": "Point", "coordinates": [126.59, 0.61]}, "properties": {"magnitude": 3.5, "mag_category": "Light", "depth": 13.0, "depth_category": "Shallow", "date": "2023-01-04 00:00:00", "time": "03:57:13.659000", "region": "Northern Molucca Sea", "year": 2023, "month": 1}}, {"type": "Feature", "geometry": {"type": "Point", "coordinates": [127.23, 2.91]}, "properties": {"magnitude": 3.4, "mag_category": "Light", "depth": 10.0, "depth_category": "Shallow", "date": "2023-01-24 00:00:00", "time": "17:54:40.238000", "region": "Northern Molucca Sea", "year": 2023, "month": 1}}, {"type": "Feature", "geometry": {"type": "Point", "coordinates": [102.2, -4.27]}, "properties": {"magnitude": 3.8, "mag_category": "Light", "depth": 31.0, "depth_category": "Shallow", "date": "2023-01-08 00:00:00", "time": "03:41:42.547000", "region": "Southern Sumatra - Indonesia", "year": 2023, "month": 1}}, {"type": "Feature", "geometry": {"type": "Point", "coordinates": [127.08, 3.28]}, "properties": {"magnitude": 4.3, "mag_category": "Moderate", "depth": 16.0, "depth_category": "Shallow", "date": "2023-01-21 00:00:00", "time": "15:02:23.940000", "region": "Talaud Islands - Indonesia", "year": 2023, "month": 1}}, {"type": "Feature", "geometry": {"type": "Point", "coordinates": [128.52, 3.5]}, "properties": {"magnitude": 5.2, "mag_category": "Strong", "depth": 51.0, "depth_category": "Shallow", "date": "2023-01-24 00:00:00", "time": "16:10:22.892000", "region": "North of Halmahera - Indonesia", "year": 2023, "month": 1}}, {"type": "Feature", "geometry": {"type": "Point", "coordinates": [98.9, 2.06]}, "properties": {"magnitude": 2.9, "mag_category": "Minor", "depth": 10.0, "depth_category": "Shallow", "date": "2023-01-01 00:00:00", "time": "13:03:47.808000", "region": "Northern Sumatra - Indonesia", "year": 2023, "month": 1}}, {"type": "Feature", "geometry": {"type": "Point", "coordinates": [126.88, 2.3]}, "properties": {"magnitude": 3.7, "mag_category": "Light", "depth": 10.0, "depth_category": "Shallow", "date": "2023-01-26 00:00:00", "time": "02:51:48.784000", "region": "Northern Molucca Sea", "year": 2023, "month": 1}}, {"type": "Feature", "geometry": {"type": "Point", "coordinates": [100.32, -0.34]}, "properties": {"magnitude": 2.5, "mag_category": "Minor", "depth": 10.0, "depth_category": "Shallow", "date": "2023-01-20 00:00:00", "time": "18:52:49.098000", "region": "Southern Sumatra - Indonesia", "year": 2023, "month": 1}}, {"type": "Feature", "geometry": {"type": "Point", "coordinates": [119.94, -8.24]}, "properties": {"magnitude": 4.2, "mag_category": "Moderate", "depth": 173.0, "depth_category": "Intermediate", "date": "2023-01-06 00:00:00", "time": "05:21:15.955000", "region": "Flores Region - Indonesia", "year": 2023, "month": 1}}, {"type": "Feature", "geometry": {"type": "Point", "coordinates": [103.19, -7.42]}, "properties": {"magnitude": 4.4, "mag_category": "Moderate", "depth": 49.0, "depth_category": "Shallow", "date": "2023-01-20 00:00:00", "time": "16:15:16.627000", "region": "Southwest of Sumatra - Indonesia", "year": 2023, "month": 1}}, {"type": "Feature", "geometry": {"type": "Point", "coordinates": [140.74, -2.4]}, "properties": {"magnitude": 2.6, "mag_category": "Minor", "depth": 10.0, "depth_category": "Shallow", "date": "2023-01-11 00:00:00", "time": "12:24:39.658000", "region": "Near North Coast of Irian Jaya", "year": 2023, "month": 1}}, {"type": "Feature", "geometry": {"type": "Point", "coordinates": [140.87, -2.81]}, "properties": {"magnitude": 2.2, "mag_category": "Minor", "depth": 10.0, "depth_category": "Shallow", "date": "2023-01-06 00:00:00", "time": "17:19:31.514000", "region": "Near North Coast of Irian Jaya", "year": 2023, "month": 1}}, {"type": "Feature", "geometry": {"type": "Point", "coordinates": [140.68, -2.47]}, "properties": {"magnitude": 4.3, "mag_category": "Moderate", "depth": 10.0, "depth_category": "Shallow", "date": "2023-01-03 00:00:00", "time": "17:55:44", "region": "Near North Coast of Irian Jaya", "year": 2023, "month": 1}}, {"type": "Feature", "geometry": {"type": "Point", "coordinates": [128.78, -3.06]}, "properties": {"magnitude": 2.5, "mag_category": "Minor", "depth": 10.0, "depth_category": "Shallow", "date": "2023-01-17 00:00:00", "time": "20:18:01.855000", "region": "Seram - Indonesia", "year": 2023, "month": 1}}, {"type": "Feature", "geometry": {"type": "Point", "coordinates": [118.4, -8.58]}, "properties": {"magnitude": 3.0, "mag_category": "Light", "depth": 113.0, "depth_category": "Intermediate", "date": "2023-01-13 00:00:00", "time": "08:13:12.449000", "region": "Sumbawa Region - Indonesia", "year": 2023, "month": 1}}, {"type": "Feature", "geometry": {"type": "Point", "coordinates": [127.1, 2.85]}, "properties": {"magnitude": 4.1, "mag_category": "Moderate", "depth": 24.0, "depth_category": "Shallow", "date": "2023-01-18 00:00:00", "time": "14:03:10.247000", "region": "Northern Molucca Sea", "year": 2023, "month": 1}}, {"type": "Feature", "geometry": {"type": "Point", "coordinates": [106.64, -7.54]}, "properties": {"magnitude": 3.8, "mag_category": "Light", "depth": 75.0, "depth_category": "Intermediate", "date": "2023-01-16 00:00:00", "time": "18:01:03.677000", "region": "Java - Indonesia", "year": 2023, "month": 1}}, {"type": "Feature", "geometry": {"type": "Point", "coordinates": [127.88, 4.87]}, "properties": {"magnitude": 3.9, "mag_category": "Light", "depth": 47.0, "depth_category": "Shallow", "date": "2023-01-03 00:00:00", "time": "17:29:56.608000", "region": "Talaud Islands - Indonesia", "year": 2023, "month": 1}}, {"type": "Feature", "geometry": {"type": "Point", "coordinates": [116.11, -8.78]}, "properties": {"magnitude": 2.4, "mag_category": "Minor", "depth": 10.0, "depth_category": "Shallow", "date": "2023-01-14 00:00:00", "time": "19:51:14.066000", "region": "Sumbawa Region - Indonesia", "year": 2023, "month": 1}}, {"type": "Feature", "geometry": {"type": "Point", "coordinates": [118.35, -9.05]}, "properties": {"magnitude": 2.0, "mag_category": "Minor", "depth": 70.0, "depth_category": "Intermediate", "date": "2023-01-13 00:00:00", "time": "04:53:13.718000", "region": "Sumbawa Region - Indonesia", "year": 2023, "month": 1}}, {"type": "Feature", "geometry": {"type": "Point", "coordinates": [127.04, 2.82]}, "properties": {"magnitude": 7.0, "mag_category": "Major", "depth": 69.0, "depth_category": "Shallow", "date": "2023-01-18 00:00:00", "time": "06:06:16.115000", "region": "Northern Molucca Sea", "year": 2023, "month": 1}}, {"type": "Feature", "geometry": {"type": "Point", "coordinates": [127.04, 1.92]}, "properties": {"magnitude": 3.4, "mag_category": "Light", "depth": 20.0, "depth_category": "Shallow", "date": "2023-01-26 00:00:00", "time": "22:00:30.956000", "region": "Halmahera - Indonesia", "year": 2023, "month": 1}}, {"type": "Feature", "geometry": {"type": "Point", "coordinates": [101.87, -3.13]}, "properties": {"magnitude": 3.0, "mag_category": "Light", "depth": 10.0, "depth_category": "Shallow", "date": "2023-01-19 00:00:00", "time": "22:47:09.739000", "region": "Southern Sumatra - Indonesia", "year": 2023, "month": 1}}, {"type": "Feature", "geometry": {"type": "Point", "coordinates": [99.18, 1.68]}, "properties": {"magnitude": 2.6, "mag_category": "Minor", "depth": 10.0, "depth_category": "Shallow", "date": "2023-01-19 00:00:00", "time": "08:24:34.591000", "region": "Northern Sumatra - Indonesia", "year": 2023, "month": 1}}, {"type": "Feature", "geometry": {"type": "Point", "coordinates": [140.78, -2.38]}, "properties": {"magnitude": 3.0, "mag_category": "Light", "depth": 10.0, "depth_category": "Shallow", "date": "2023-01-07 00:00:00", "time": "17:45:39.516000", "region": "Near North Coast of Irian Jaya", "year": 2023, "month": 1}}, {"type": "Feature", "geometry": {"type": "Point", "coordinates": [120.96, -0.78]}, "properties": {"magnitude": 2.7, "mag_category": "Minor", "depth": 10.0, "depth_category": "Shallow", "date": "2023-01-26 00:00:00", "time": "04:14:53.346000", "region": "Minahassa Peninsula - Sulawesi", "year": 2023, "month": 1}}, {"type": "Feature", "geometry": {"type": "Point", "coordinates": [110.41, -8.03]}, "properties": {"magnitude": 3.1, "mag_category": "Light", "depth": 10.0, "depth_category": "Shallow", "date": "2023-01-08 00:00:00", "time": "22:41:07.077000", "region": "Java - Indonesia", "year": 2023, "month": 1}}, {"type": "Feature", "geometry": {"type": "Point", "coordinates": [133.49, -1.83]}, "properties": {"magnitude": 2.4, "mag_category": "Minor", "depth": 19.0, "depth_category": "Shallow", "date": "2023-01-02 00:00:00", "time": "22:07:18.381000", "region": "Irian Jaya Region - Indonesia", "year": 2023, "month": 1}}, {"type": "Feature", "geometry": {"type": "Point", "coordinates": [116.27, -8.58]}, "properties": {"magnitude": 3.1, "mag_category": "Light", "depth": 98.0, "depth_category": "Intermediate", "date": "2023-01-18 00:00:00", "time": "14:35:09.773000", "region": "Sumbawa Region - Indonesia", "year": 2023, "month": 1}}, {"type": "Feature", "geometry": {"type": "Point", "coordinates": [102.19, -3.16]}, "properties": {"magnitude": 2.2, "mag_category": "Minor", "depth": 16.0, "depth_category": "Shallow", "date": "2023-01-20 00:00:00", "time": "21:03:57.610000", "region": "Southern Sumatra - Indonesia", "year": 2023, "month": 1}}, {"type": "Feature", "geometry": {"type": "Point", "coordinates": [103.01, -5.13]}, "properties": {"magnitude": 5.4, "mag_category": "Strong", "depth": 60.0, "depth_category": "Shallow", "date": "2023-01-13 00:00:00", "time": "22:41:01.768000", "region": "Southern Sumatra - Indonesia", "year": 2023, "month": 1}}, {"type": "Feature", "geometry": {"type": "Point", "coordinates": [107.1, -6.85]}, "properties": {"magnitude": 1.6, "mag_category": "Minor", "depth": 10.0, "depth_category": "Shallow", "date": "2023-01-16 00:00:00", "time": "02:38:17.584000", "region": "Java - Indonesia", "year": 2023, "month": 1}}, {"type": "Feature", "geometry": {"type": "Point", "coordinates": [130.42, -7.35]}, "properties": {"magnitude": 4.1, "mag_category": "Moderate", "depth": 10.0, "depth_category": "Shallow", "date": "2023-01-09 00:00:00", "time": "19:41:19.025000", "region": "Tanimbar Islands Reg. - Indonesia", "year": 2023, "month": 1}}, {"type": "Feature", "geometry": {"type": "Point", "coordinates": [117.41, -7.92]}, "properties": {"magnitude": 2.7, "mag_category": "Minor", "depth": 12.0, "depth_category": "Shallow", "date": "2023-01-23 00:00:00", "time": "01:10:02.821000", "region": "Bali Sea", "year": 2023, "month": 1}}, {"type": "Feature", "geometry": {"type": "Point", "coordinates": [140.77, -2.42]}, "properties": {"magnitude": 1.7, "mag_category": "Minor", "depth": 10.0, "depth_category": "Shallow", "date": "2023-01-02 00:00:00", "time": "14:34:54.176000", "region": "Near North Coast of Irian Jaya", "year": 2023, "month": 1}}, {"type": "Feature", "geometry": {"type": "Point", "coordinates": [127.07, 2.78]}, "properties": {"magnitude": 4.1, "mag_category": "Moderate", "depth": 10.0, "depth_category": "Shallow", "date": "2023-01-24 00:00:00", "time": "11:08:10.474000", "region": "Northern Molucca Sea", "year": 2023, "month": 1}}, {"type": "Feature", "geometry": {"type": "Point", "coordinates": [140.74, -2.41]}, "properties": {"magnitude": 2.7, "mag_category": "Minor", "depth": 10.0, "depth_category": "Shallow", "date": "2023-01-02 00:00:00", "time": "19:09:36.517000", "region": "Near North Coast of Irian Jaya", "year": 2023, "month": 1}}, {"type": "Feature", "geometry": {"type": "Point", "coordinates": [100.34, -0.33]}, "properties": {"magnitude": 3.3, "mag_category": "Light", "depth": 10.0, "depth_category": "Shallow", "date": "2023-01-20 00:00:00", "time": "17:47:19.395000", "region": "Southern Sumatra - Indonesia", "year": 2023, "month": 1}}, {"type": "Feature", "geometry": {"type": "Point", "coordinates": [98.1, 0.67]}, "properties": {"magnitude": 2.4, "mag_category": "Minor", "depth": 10.0, "depth_category": "Shallow", "date": "2023-01-06 00:00:00", "time": "05:10:02.446000", "region": "Northern Sumatra - Indonesia", "year": 2023, "month": 1}}, {"type": "Feature", "geometry": {"type": "Point", "coordinates": [101.61, -3.81]}, "properties": {"magnitude": 3.5, "mag_category": "Light", "depth": 28.0, "depth_category": "Shallow", "date": "2023-01-07 00:00:00", "time": "10:16:48.114000", "region": "Southern Sumatra - Indonesia", "year": 2023, "month": 1}}, {"type": "Feature", "geometry": {"type": "Point", "coordinates": [123.52, -0.12]}, "properties": {"magnitude": 3.8, "mag_category": "Light", "depth": 123.0, "depth_category": "Intermediate", "date": "2023-01-13 00:00:00", "time": "14:53:47.396000", "region": "Minahassa Peninsula - Sulawesi", "year": 2023, "month": 1}}, {"type": "Feature", "geometry": {"type": "Point", "coordinates": [122.72, 1.25]}, "properties": {"magnitude": 2.9, "mag_category": "Minor", "depth": 11.0, "depth_category": "Shallow", "date": "2023-01-02 00:00:00", "time": "16:58:44.781000", "region": "Minahassa Peninsula - Sulawesi", "year": 2023, "month": 1}}, {"type": "Feature", "geometry": {"type": "Point", "coordinates": [97.83, 2.19]}, "properties": {"magnitude": 4.3, "mag_category": "Moderate", "depth": 23.0, "depth_category": "Shallow", "date": "2023-01-26 00:00:00", "time": "12:20:12.022000", "region": "Northern Sumatra - Indonesia", "year": 2023, "month": 1}}, {"type": "Feature", "geometry": {"type": "Point", "coordinates": [122.67, 0.45]}, "properties": {"magnitude": 2.4, "mag_category": "Minor", "depth": 62.0, "depth_category": "Shallow", "date": "2023-01-26 00:00:00", "time": "03:10:22.966000", "region": "Minahassa Peninsula - Sulawesi", "year": 2023, "month": 1}}, {"type": "Feature", "geometry": {"type": "Point", "coordinates": [115.54, -8.2]}, "properties": {"magnitude": 3.1, "mag_category": "Light", "depth": 11.0, "depth_category": "Shallow", "date": "2023-01-05 00:00:00", "time": "17:35:44.610000", "region": "Bali Region - Indonesia", "year": 2023, "month": 1}}, {"type": "Feature", "geometry": {"type": "Point", "coordinates": [133.88, -2.67]}, "properties": {"magnitude": 3.1, "mag_category": "Light", "depth": 10.0, "depth_category": "Shallow", "date": "2023-01-03 00:00:00", "time": "15:18:36.164000", "region": "Irian Jaya Region - Indonesia", "year": 2023, "month": 1}}, {"type": "Feature", "geometry": {"type": "Point", "coordinates": [128.53, -3.09]}, "properties": {"magnitude": 2.0, "mag_category": "Minor", "depth": 27.0, "depth_category": "Shallow", "date": "2023-01-03 00:00:00", "time": "06:59:17.117000", "region": "Seram - Indonesia", "year": 2023, "month": 1}}, {"type": "Feature", "geometry": {"type": "Point", "coordinates": [109.75, -7.14]}, "properties": {"magnitude": 1.8, "mag_category": "Minor", "depth": 27.0, "depth_category": "Shallow", "date": "2023-01-14 00:00:00", "time": "11:12:54.970000", "region": "Java - Indonesia", "year": 2023, "month": 1}}, {"type": "Feature", "geometry": {"type": "Point", "coordinates": [124.12, -9.08]}, "properties": {"magnitude": 3.9, "mag_category": "Light", "depth": 57.0, "depth_category": "Shallow", "date": "2023-01-08 00:00:00", "time": "10:54:31.156000", "region": "Timor Region", "year": 2023, "month": 1}}, {"type": "Feature", "geometry": {"type": "Point", "coordinates": [121.69, -2.7]}, "properties": {"magnitude": 3.2, "mag_category": "Light", "depth": 12.0, "depth_category": "Shallow", "date": "2023-01-20 00:00:00", "time": "21:48:38.879000", "region": "Sulawesi - Indonesia", "year": 2023, "month": 1}}, {"type": "Feature", "geometry": {"type": "Point", "coordinates": [117.86, -8.07]}, "properties": {"magnitude": 2.5, "mag_category": "Minor", "depth": 26.0, "depth_category": "Shallow", "date": "2023-01-22 00:00:00", "time": "01:10:12.483000", "region": "Sumbawa Region - Indonesia", "year": 2023, "month": 1}}, {"type": "Feature", "geometry": {"type": "Point", "coordinates": [127.21, 3.09]}, "properties": {"magnitude": 4.4, "mag_category": "Moderate", "depth": 10.0, "depth_category": "Shallow", "date": "2023-01-25 00:00:00", "time": "15:50:53.462000", "region": "Talaud Islands - Indonesia", "year": 2023, "month": 1}}, {"type": "Feature", "geometry": {"type": "Point", "coordinates": [121.47, 1.14]}, "properties": {"magnitude": 2.9, "mag_category": "Minor", "depth": 10.0, "depth_category": "Shallow", "date": "2023-01-17 00:00:00", "time": "19:20:33.315000", "region": "Minahassa Peninsula - Sulawesi", "year": 2023, "month": 1}}, {"type": "Feature", "geometry": {"type": "Point", "coordinates": [104.67, -6.51]}, "properties": {"magnitude": 4.8, "mag_category": "Moderate", "depth": 10.0, "depth_category": "Shallow", "date": "2023-01-09 00:00:00", "time": "22:41:26.956000", "region": "Sunda Strait - Indonesia", "year": 2023, "month": 1}}, {"type": "Feature", "geometry": {"type": "Point", "coordinates": [121.68, -7.48]}, "properties": {"magnitude": 3.8, "mag_category": "Light", "depth": 20.0, "depth_category": "Shallow", "date": "2023-01-18 00:00:00", "time": "16:19:56.329000", "region": "Flores Sea", "year": 2023, "month": 1}}, {"type": "Feature", "geometry": {"type": "Point", "coordinates": [127.11, 2.81]}, "properties": {"magnitude": 4.6, "mag_category": "Moderate", "depth": 10.0, "depth_category": "Shallow", "date": "2023-01-18 00:00:00", "time": "14:21:39.316000", "region": "Northern Molucca Sea", "year": 2023, "month": 1}}, {"type": "Feature", "geometry": {"type": "Point", "coordinates": [140.38, -2.4]}, "properties": {"magnitude": 4.1, "mag_category": "Moderate", "depth": 12.0, "depth_category": "Shallow", "date": "2023-01-17 00:00:00", "time": "09:47:56.884000", "region": "Near North Coast of Irian Jaya", "year": 2023, "month": 1}}, {"type": "Feature", "geometry": {"type": "Point", "coordinates": [109.83, -7.23]}, "properties": {"magnitude": 3.5, "mag_category": "Light", "depth": 10.0, "depth_category": "Shallow", "date": "2023-01-13 00:00:00", "time": "11:46:43.780000", "region": "Java - Indonesia", "year": 2023, "month": 1}}, {"type": "Feature", "geometry": {"type": "Point", "coordinates": [127.11, 2.76]}, "properties": {"magnitude": 3.7, "mag_category": "Light", "depth": 10.0, "depth_category": "Shallow", "date": "2023-01-20 00:00:00", "time": "17:40:17.684000", "region": "Northern Molucca Sea", "year": 2023, "month": 1}}, {"type": "Feature", "geometry": {"type": "Point", "coordinates": [140.87, -2.28]}, "properties": {"magnitude": 3.3, "mag_category": "Light", "depth": 10.0, "depth_category": "Shallow", "date": "2023-01-07 00:00:00", "time": "16:17:43.338000", "region": "Near North Coast of Irian Jaya", "year": 2023, "month": 1}}, {"type": "Feature", "geometry": {"type": "Point", "coordinates": [113.43, -10.36]}, "properties": {"magnitude": 3.8, "mag_category": "Light", "depth": 10.0, "depth_category": "Shallow", "date": "2023-01-02 00:00:00", "time": "12:58:43.052000", "region": "South of Java - Indonesia", "year": 2023, "month": 1}}, {"type": "Feature", "geometry": {"type": "Point", "coordinates": [130.08, -7.2]}, "properties": {"magnitude": 4.3, "mag_category": "Moderate", "depth": 147.0, "depth_category": "Intermediate", "date": "2023-01-09 00:00:00", "time": "21:25:24.081000", "region": "Tanimbar Islands Reg. - Indonesia", "year": 2023, "month": 1}}, {"type": "Feature", "geometry": {"type": "Point", "coordinates": [129.71, -0.23]}, "properties": {"magnitude": 3.4, "mag_category": "Light", "depth": 21.0, "depth_category": "Shallow", "date": "2023-01-21 00:00:00", "time": "15:11:39.343000", "region": "Halmahera - Indonesia", "year": 2023, "month": 1}}, {"type": "Feature", "geometry": {"type": "Point", "coordinates": [133.48, -3.79]}, "properties": {"magnitude": 4.9, "mag_category": "Moderate", "depth": 10.0, "depth_category": "Shallow", "date": "2023-01-07 00:00:00", "time": "03:01:25.245000", "region": "Irian Jaya Region - Indonesia", "year": 2023, "month": 1}}, {"type": "Feature", "geometry": {"type": "Point", "coordinates": [127.15, 2.88]}, "properties": {"magnitude": 3.6, "mag_category": "Light", "depth": 13.0, "depth_category": "Shallow", "date": "2023-01-19 00:00:00", "time": "15:20:10.972000", "region": "Northern Molucca Sea", "year": 2023, "month": 1}}, {"type": "Feature", "geometry": {"type": "Point", "coordinates": [127.11, 2.9]}, "properties": {"magnitude": 3.8, "mag_category": "Light", "depth": 10.0, "depth_category": "Shallow", "date": "2023-01-18 00:00:00", "time": "16:15:56.283000", "region": "Northern Molucca Sea", "year": 2023, "month": 1}}, {"type": "Feature", "geometry": {"type": "Point", "coordinates": [140.78, -2.36]}, "properties": {"magnitude": 3.0, "mag_category": "Light", "depth": 10.0, "depth_category": "Shallow", "date": "2023-01-12 00:00:00", "time": "21:08:25.587000", "region": "Near North Coast of Irian Jaya", "year": 2023, "month": 1}}, {"type": "Feature", "geometry": {"type": "Point", "coordinates": [129.98, -6.39]}, "properties": {"magnitude": 4.6, "mag_category": "Moderate", "depth": 207.0, "depth_category": "Intermediate", "date": "2023-01-03 00:00:00", "time": "05:44:43.546000", "region": "Banda Sea", "year": 2023, "month": 1}}, {"type": "Feature", "geometry": {"type": "Point", "coordinates": [128.51, 3.88]}, "properties": {"magnitude": 4.5, "mag_category": "Moderate", "depth": 11.0, "depth_category": "Shallow", "date": "2023-01-22 00:00:00", "time": "01:19:03.878000", "region": "North of Halmahera - Indonesia", "year": 2023, "month": 1}}, {"type": "Feature", "geometry": {"type": "Point", "coordinates": [127.1, 2.85]}, "properties": {"magnitude": 3.7, "mag_category": "Light", "depth": 10.0, "depth_category": "Shallow", "date": "2023-01-18 00:00:00", "time": "18:36:40.759000", "region": "Northern Molucca Sea", "year": 2023, "month": 1}}, {"type": "Feature", "geometry": {"type": "Point", "coordinates": [115.46, -9.1]}, "properties": {"magnitude": 2.7, "mag_category": "Minor", "depth": 60.0, "depth_category": "Shallow", "date": "2023-01-02 00:00:00", "time": "14:12:30.001000", "region": "South of Bali - Indonesia", "year": 2023, "month": 1}}, {"type": "Feature", "geometry": {"type": "Point", "coordinates": [97.9, 3.36]}, "properties": {"magnitude": 1.5, "mag_category": "Minor", "depth": 10.0, "depth_category": "Shallow", "date": "2023-01-02 00:00:00", "time": "13:44:59.273000", "region": "Northern Sumatra - Indonesia", "year": 2023, "month": 1}}, {"type": "Feature", "geometry": {"type": "Point", "coordinates": [122.31, -2.21]}, "properties": {"magnitude": 3.5, "mag_category": "Light", "depth": 10.0, "depth_category": "Shallow", "date": "2023-01-06 00:00:00", "time": "01:44:11.370000", "region": "Sulawesi - Indonesia", "year": 2023, "month": 1}}, {"type": "Feature", "geometry": {"type": "Point", "coordinates": [112.89, -9.49]}, "properties": {"magnitude": 3.3, "mag_category": "Light", "depth": 12.0, "depth_category": "Shallow", "date": "2023-01-10 00:00:00", "time": "05:39:54.568000", "region": "South of Java - Indonesia", "year": 2023, "month": 1}}, {"type": "Feature", "geometry": {"type": "Point", "coordinates": [127.2, 3.06]}, "properties": {"magnitude": 3.8, "mag_category": "Light", "depth": 10.0, "depth_category": "Shallow", "date": "2023-01-26 00:00:00", "time": "12:28:05.662000", "region": "Talaud Islands - Indonesia", "year": 2023, "month": 1}}, {"type": "Feature", "geometry": {"type": "Point", "coordinates": [127.16, 2.96]}, "properties": {"magnitude": 4.0, "mag_category": "Moderate", "depth": 10.0, "depth_category": "Shallow", "date": "2023-01-24 00:00:00", "time": "13:06:33.863000", "region": "Northern Molucca Sea", "year": 2023, "month": 1}}, {"type": "Feature", "geometry": {"type": "Point", "coordinates": [121.23, -2.44]}, "properties": {"magnitude": 2.6, "mag_category": "Minor", "depth": 13.0, "depth_category": "Shallow", "date": "2023-01-20 00:00:00", "time": "07:33:22.646000", "region": "Sulawesi - Indonesia", "year": 2023, "month": 1}}, {"type": "Feature", "geometry": {"type": "Point", "coordinates": [107.1, -6.84]}, "properties": {"magnitude": 2.6, "mag_category": "Minor", "depth": 10.0, "depth_category": "Shallow", "date": "2023-01-17 00:00:00", "time": "17:37:18.048000", "region": "Java - Indonesia", "year": 2023, "month": 1}}, {"type": "Feature", "geometry": {"type": "Point", "coordinates": [114.91, -8.75]}, "properties": {"magnitude": 3.1, "mag_category": "Light", "depth": 73.0, "depth_category": "Intermediate", "date": "2023-01-17 00:00:00", "time": "19:18:42.258000", "region": "Bali Region - Indonesia", "year": 2023, "month": 1}}, {"type": "Feature", "geometry": {"type": "Point", "coordinates": [127.04, 2.8]}, "properties": {"magnitude": 3.8, "mag_category": "Light", "depth": 10.0, "depth_category": "Shallow", "date": "2023-01-23 00:00:00", "time": "18:32:04.455000", "region": "Northern Molucca Sea", "year": 2023, "month": 1}}, {"type": "Feature", "geometry": {"type": "Point", "coordinates": [127.13, 3.0]}, "properties": {"magnitude": 3.8, "mag_category": "Light", "depth": 10.0, "depth_category": "Shallow", "date": "2023-01-25 00:00:00", "time": "06:49:33.303000", "region": "Northern Molucca Sea", "year": 2023, "month": 1}}, {"type": "Feature", "geometry": {"type": "Point", "coordinates": [117.49, -10.64]}, "properties": {"magnitude": 3.2, "mag_category": "Light", "depth": 10.0, "depth_category": "Shallow", "date": "2023-01-22 00:00:00", "time": "16:25:07.708000", "region": "South of Sumbawa - Indonesia", "year": 2023, "month": 1}}, {"type": "Feature", "geometry": {"type": "Point", "coordinates": [140.69, -2.46]}, "properties": {"magnitude": 4.0, "mag_category": "Moderate", "depth": 10.0, "depth_category": "Shallow", "date": "2023-01-02 00:00:00", "time": "22:39:59.797000", "region": "Near North Coast of Irian Jaya", "year": 2023, "month": 1}}, {"type": "Feature", "geometry": {"type": "Point", "coordinates": [110.91, -8.77]}, "properties": {"magnitude": 2.8, "mag_category": "Minor", "depth": 76.0, "depth_category": "Intermediate", "date": "2023-01-06 00:00:00", "time": "07:12:29.502000", "region": "Java - Indonesia", "year": 2023, "month": 1}}, {"type": "Feature", "geometry": {"type": "Point", "coordinates": [123.94, -2.23]}, "properties": {"magnitude": 4.0, "mag_category": "Moderate", "depth": 10.0, "depth_category": "Shallow", "date": "2023-01-17 00:00:00", "time": "11:58:04.564000", "region": "Sulawesi - Indonesia", "year": 2023, "month": 1}}, {"type": "Feature", "geometry": {"type": "Point", "coordinates": [97.91, 1.97]}, "properties": {"magnitude": 6.2, "mag_category": "Major", "depth": 47.0, "depth_category": "Shallow", "date": "2023-01-15 00:00:00", "time": "22:30:03.048000", "region": "Northern Sumatra - Indonesia", "year": 2023, "month": 1}}, {"type": "Feature", "geometry": {"type": "Point", "coordinates": [127.08, 2.74]}, "properties": {"magnitude": 3.3, "mag_category": "Light", "depth": 10.0, "depth_category": "Shallow", "date": "2023-01-21 00:00:00", "time": "04:10:39.065000", "region": "Northern Molucca Sea", "year": 2023, "month": 1}}, {"type": "Feature", "geometry": {"type": "Point", "coordinates": [127.17, 3.69]}, "properties": {"magnitude": 3.7, "mag_category": "Light", "depth": 12.0, "depth_category": "Shallow", "date": "2023-01-18 00:00:00", "time": "20:38:57.202000", "region": "Talaud Islands - Indonesia", "year": 2023, "month": 1}}, {"type": "Feature", "geometry": {"type": "Point", "coordinates": [128.6, 2.25]}, "properties": {"magnitude": 4.1, "mag_category": "Moderate", "depth": 10.0, "depth_category": "Shallow", "date": "2023-01-16 00:00:00", "time": "06:43:03.528000", "region": "Halmahera - Indonesia", "year": 2023, "month": 1}}, {"type": "Feature", "geometry": {"type": "Point", "coordinates": [121.18, -2.5]}, "properties": {"magnitude": 2.4, "mag_category": "Minor", "depth": 10.0, "depth_category": "Shallow", "date": "2023-01-09 00:00:00", "time": "20:26:57.419000", "region": "Sulawesi - Indonesia", "year": 2023, "month": 1}}, {"type": "Feature", "geometry": {"type": "Point", "coordinates": [123.92, -10.14]}, "properties": {"magnitude": 3.3, "mag_category": "Light", "depth": 10.0, "depth_category": "Shallow", "date": "2023-01-25 00:00:00", "time": "14:00:42.209000", "region": "Timor Region", "year": 2023, "month": 1}}, {"type": "Feature", "geometry": {"type": "Point", "coordinates": [101.76, -1.38]}, "properties": {"magnitude": 3.8, "mag_category": "Light", "depth": 181.0, "depth_category": "Intermediate", "date": "2023-01-07 00:00:00", "time": "03:14:13.396000", "region": "Southern Sumatra - Indonesia", "year": 2023, "month": 1}}, {"type": "Feature", "geometry": {"type": "Point", "coordinates": [140.71, -2.43]}, "properties": {"magnitude": 2.6, "mag_category": "Minor", "depth": 10.0, "depth_category": "Shallow", "date": "2023-01-02 00:00:00", "time": "21:56:21.269000", "region": "Near North Coast of Irian Jaya", "year": 2023, "month": 1}}, {"type": "Feature", "geometry": {"type": "Point", "coordinates": [129.07, -3.52]}, "properties": {"magnitude": 2.5, "mag_category": "Minor", "depth": 10.0, "depth_category": "Shallow", "date": "2023-01-26 00:00:00", "time": "02:52:41.774000", "region": "Seram - Indonesia", "year": 2023, "month": 1}}, {"type": "Feature", "geometry": {"type": "Point", "coordinates": [139.94, -3.16]}, "properties": {"magnitude": 3.7, "mag_category": "Light", "depth": 38.0, "depth_category": "Shallow", "date": "2023-01-03 00:00:00", "time": "06:50:43.670000", "region": "Irian Jaya - Indonesia", "year": 2023, "month": 1}}, {"type": "Feature", "geometry": {"type": "Point", "coordinates": [140.83, -2.59]}, "properties": {"magnitude": 2.5, "mag_category": "Minor", "depth": 10.0, "depth_category": "Shallow", "date": "2023-01-04 00:00:00", "time": "22:03:41.020000", "region": "Near North Coast of Irian Jaya", "year": 2023, "month": 1}}, {"type": "Feature", "geometry": {"type": "Point", "coordinates": [113.97, -9.72]}, "properties": {"magnitude": 3.6, "mag_category": "Light", "depth": 10.0, "depth_category": "Shallow", "date": "2023-01-18 00:00:00", "time": "20:13:45.481000", "region": "South of Java - Indonesia", "year": 2023, "month": 1}}, {"type": "Feature", "geometry": {"type": "Point", "coordinates": [124.88, 0.07]}, "properties": {"magnitude": 3.8, "mag_category": "Light", "depth": 26.0, "depth_category": "Shallow", "date": "2023-01-22 00:00:00", "time": "02:24:10.259000", "region": "Minahassa Peninsula - Sulawesi", "year": 2023, "month": 1}}, {"type": "Feature", "geometry": {"type": "Point", "coordinates": [127.21, 2.82]}, "properties": {"magnitude": 5.6, "mag_category": "Strong", "depth": 51.0, "depth_category": "Shallow", "date": "2023-01-18 00:00:00", "time": "08:01:27.875000", "region": "Northern Molucca Sea", "year": 2023, "month": 1}}, {"type": "Feature", "geometry": {"type": "Point", "coordinates": [127.18, 2.88]}, "properties": {"magnitude": 3.4, "mag_category": "Light", "depth": 10.0, "depth_category": "Shallow", "date": "2023-01-19 00:00:00", "time": "17:30:11.970000", "region": "Northern Molucca Sea", "year": 2023, "month": 1}}, {"type": "Feature", "geometry": {"type": "Point", "coordinates": [107.08, -6.84]}, "properties": {"magnitude": 1.7, "mag_category": "Minor", "depth": 10.0, "depth_category": "Shallow", "date": "2023-01-17 00:00:00", "time": "08:39:44.810000", "region": "Java - Indonesia", "year": 2023, "month": 1}}, {"type": "Feature", "geometry": {"type": "Point", "coordinates": [120.07, 0.27]}, "properties": {"magnitude": 3.8, "mag_category": "Light", "depth": 81.0, "depth_category": "Intermediate", "date": "2023-01-03 00:00:00", "time": "17:55:36.737000", "region": "Minahassa Peninsula - Sulawesi", "year": 2023, "month": 1}}, {"type": "Feature", "geometry": {"type": "Point", "coordinates": [111.75, -10.86]}, "properties": {"magnitude": 4.8, "mag_category": "Moderate", "depth": 39.0, "depth_category": "Shallow", "date": "2023-01-18 00:00:00", "time": "16:10:52.113000", "region": "South of Java - Indonesia", "year": 2023, "month": 1}}, {"type": "Feature", "geometry": {"type": "Point", "coordinates": [115.69, -9.21]}, "properties": {"magnitude": 3.6, "mag_category": "Light", "depth": 75.0, "depth_category": "Intermediate", "date": "2023-01-10 00:00:00", "time": "05:57:58.342000", "region": "South of Bali - Indonesia", "year": 2023, "month": 1}}, {"type": "Feature", "geometry": {"type": "Point", "coordinates": [127.12, 2.8]}, "properties": {"magnitude": 4.5, "mag_category": "Moderate", "depth": 10.0, "depth_category": "Shallow", "date": "2023-01-22 00:00:00", "time": "17:57:43.033000", "region": "Northern Molucca Sea", "year": 2023, "month": 1}}, {"type": "Feature", "geometry": {"type": "Point", "coordinates": [130.3, -8.68]}, "properties": {"magnitude": 4.2, "mag_category": "Moderate", "depth": 10.0, "depth_category": "Shallow", "date": "2023-01-26 00:00:00", "time": "07:05:16.781000", "region": "Tanimbar Islands Reg. - Indonesia", "year": 2023, "month": 1}}, {"type": "Feature", "geometry": {"type": "Point", "coordinates": [130.5, -3.18]}, "properties": {"magnitude": 3.0, "mag_category": "Light", "depth": 10.0, "depth_category": "Shallow", "date": "2023-01-02 00:00:00", "time": "09:05:43.023000", "region": "Seram - Indonesia", "year": 2023, "month": 1}}, {"type": "Feature", "geometry": {"type": "Point", "coordinates": [96.99, 5.47]}, "properties": {"magnitude": 4.3, "mag_category": "Moderate", "depth": 10.0, "depth_category": "Shallow", "date": "2023-01-02 00:00:00", "time": "21:39:23.735000", "region": "Northern Sumatra - Indonesia", "year": 2023, "month": 1}}, {"type": "Feature", "geometry": {"type": "Point", "coordinates": [140.74, -2.48]}, "properties": {"magnitude": 2.9, "mag_category": "Minor", "depth": 10.0, "depth_category": "Shallow", "date": "2023-01-02 00:00:00", "time": "03:47:11.033000", "region": "Near North Coast of Irian Jaya", "year": 2023, "month": 1}}, {"type": "Feature", "geometry": {"type": "Point", "coordinates": [97.01, 5.43]}, "properties": {"magnitude": 4.0, "mag_category": "Moderate", "depth": 10.0, "depth_category": "Shallow", "date": "2023-01-15 00:00:00", "time": "01:20:09.757000", "region": "Northern Sumatra - Indonesia", "year": 2023, "month": 1}}, {"type": "Feature", "geometry": {"type": "Point", "coordinates": [127.8, 2.25]}, "properties": {"magnitude": 3.2, "mag_category": "Light", "depth": 139.0, "depth_category": "Intermediate", "date": "2023-01-18 00:00:00", "time": "08:50:18.034000", "region": "Northern Molucca Sea", "year": 2023, "month": 1}}, {"type": "Feature", "geometry": {"type": "Point", "coordinates": [114.46, -8.97]}, "properties": {"magnitude": 2.8, "mag_category": "Minor", "depth": 78.0, "depth_category": "Intermediate", "date": "2023-01-02 00:00:00", "time": "21:34:26.490000", "region": "Bali Region - Indonesia", "year": 2023, "month": 1}}, {"type": "Feature", "geometry": {"type": "Point", "coordinates": [127.04, 3.07]}, "properties": {"magnitude": 4.9, "mag_category": "Moderate", "depth": 63.0, "depth_category": "Shallow", "date": "2023-01-24 00:00:00", "time": "20:18:02.634000", "region": "Talaud Islands - Indonesia", "year": 2023, "month": 1}}, {"type": "Feature", "geometry": {"type": "Point", "coordinates": [117.74, -8.51]}, "properties": {"magnitude": 2.5, "mag_category": "Minor", "depth": 129.0, "depth_category": "Intermediate", "date": "2023-01-14 00:00:00", "time": "02:31:15.118000", "region": "Sumbawa Region - Indonesia", "year": 2023, "month": 1}}, {"type": "Feature", "geometry": {"type": "Point", "coordinates": [107.03, -6.85]}, "properties": {"magnitude": 2.0, "mag_category": "Minor", "depth": 25.0, "depth_category": "Shallow", "date": "2023-01-10 00:00:00", "time": "07:29:52.376000", "region": "Java - Indonesia", "year": 2023, "month": 1}}, {"type": "Feature", "geometry": {"type": "Point", "coordinates": [116.88, -8.87]}, "properties": {"magnitude": 2.4, "mag_category": "Minor", "depth": 10.0, "depth_category": "Shallow", "date": "2023-01-24 00:00:00", "time": "04:31:17.802000", "region": "Sumbawa Region - Indonesia", "year": 2023, "month": 1}}, {"type": "Feature", "geometry": {"type": "Point", "coordinates": [110.48, -7.96]}, "properties": {"magnitude": 1.8, "mag_category": "Minor", "depth": 19.0, "depth_category": "Shallow", "date": "2023-01-13 00:00:00", "time": "17:49:04.527000", "region": "Java - Indonesia", "year": 2023, "month": 1}}, {"type": "Feature", "geometry": {"type": "Point", "coordinates": [126.9, 0.86]}, "properties": {"magnitude": 3.2, "mag_category": "Light", "depth": 17.0, "depth_category": "Shallow", "date": "2023-01-11 00:00:00", "time": "19:02:51.970000", "region": "Northern Molucca Sea", "year": 2023, "month": 1}}, {"type": "Feature", "geometry": {"type": "Point", "coordinates": [122.97, -0.24]}, "properties": {"magnitude": 2.6, "mag_category": "Minor", "depth": 42.0, "depth_category": "Shallow", "date": "2023-01-23 00:00:00", "time": "00:07:29.711000", "region": "Minahassa Peninsula - Sulawesi", "year": 2023, "month": 1}}, {"type": "Feature", "geometry": {"type": "Point", "coordinates": [96.81, 0.06]}, "properties": {"magnitude": 4.4, "mag_category": "Moderate", "depth": 10.0, "depth_category": "Shallow", "date": "2023-01-20 00:00:00", "time": "06:43:27.620000", "region": "Off West Coast of Northern Sumatra", "year": 2023, "month": 1}}, {"type": "Feature", "geometry": {"type": "Point", "coordinates": [122.74, -0.36]}, "properties": {"magnitude": 2.5, "mag_category": "Minor", "depth": 10.0, "depth_category": "Shallow", "date": "2023-01-06 00:00:00", "time": "17:09:56.588000", "region": "Minahassa Peninsula - Sulawesi", "year": 2023, "month": 1}}, {"type": "Feature", "geometry": {"type": "Point", "coordinates": [112.49, -9.22]}, "properties": {"magnitude": 4.8, "mag_category": "Moderate", "depth": 25.0, "depth_category": "Shallow", "date": "2023-01-17 00:00:00", "time": "04:36:13.396000", "region": "South of Java - Indonesia", "year": 2023, "month": 1}}, {"type": "Feature", "geometry": {"type": "Point", "coordinates": [122.51, -8.29]}, "properties": {"magnitude": 3.8, "mag_category": "Light", "depth": 203.0, "depth_category": "Intermediate", "date": "2023-01-25 00:00:00", "time": "06:39:55.781000", "region": "Flores Region - Indonesia", "year": 2023, "month": 1}}, {"type": "Feature", "geometry": {"type": "Point", "coordinates": [117.76, -10.93]}, "properties": {"magnitude": 3.7, "mag_category": "Light", "depth": 10.0, "depth_category": "Shallow", "date": "2023-01-14 00:00:00", "time": "03:56:48.070000", "region": "South of Sumbawa - Indonesia", "year": 2023, "month": 1}}, {"type": "Feature", "geometry": {"type": "Point", "coordinates": [140.79, -2.56]}, "properties": {"magnitude": 2.5, "mag_category": "Minor", "depth": 10.0, "depth_category": "Shallow", "date": "2023-01-06 00:00:00", "time": "08:54:52.715000", "region": "Near North Coast of Irian Jaya", "year": 2023, "month": 1}}, {"type": "Feature", "geometry": {"type": "Point", "coordinates": [140.75, -2.61]}, "properties": {"magnitude": 2.9, "mag_category": "Minor", "depth": 11.0, "depth_category": "Shallow", "date": "2023-01-04 00:00:00", "time": "10:22:45.824000", "region": "Near North Coast of Irian Jaya", "year": 2023, "month": 1}}, {"type": "Feature", "geometry": {"type": "Point", "coordinates": [95.83, 2.26]}, "properties": {"magnitude": 2.8, "mag_category": "Minor", "depth": 36.0, "depth_category": "Shallow", "date": "2023-01-15 00:00:00", "time": "02:58:06.370000", "region": "Off West Coast of Northern Sumatra", "year": 2023, "month": 1}}, {"type": "Feature", "geometry": {"type": "Point", "coordinates": [120.72, -7.97]}, "properties": {"magnitude": 3.9, "mag_category": "Light", "depth": 11.0, "depth_category": "Shallow", "date": "2023-01-16 00:00:00", "time": "08:05:46.439000", "region": "Flores Sea", "year": 2023, "month": 1}}, {"type": "Feature", "geometry": {"type": "Point", "coordinates": [140.76, -2.41]}, "properties": {"magnitude": 4.0, "mag_category": "Moderate", "depth": 10.0, "depth_category": "Shallow", "date": "2023-01-03 00:00:00", "time": "10:24:45.487000", "region": "Near North Coast of Irian Jaya", "year": 2023, "month": 1}}, {"type": "Feature", "geometry": {"type": "Point", "coordinates": [107.06, -6.83]}, "properties": {"magnitude": 4.5, "mag_category": "Moderate", "depth": 10.0, "depth_category": "Shallow", "date": "2023-01-23 00:00:00", "time": "19:45:02.281000", "region": "Java - Indonesia", "year": 2023, "month": 1}}, {"type": "Feature", "geometry": {"type": "Point", "coordinates": [140.75, -2.36]}, "properties": {"magnitude": 2.2, "mag_category": "Minor", "depth": 10.0, "depth_category": "Shallow", "date": "2023-01-02 00:00:00", "time": "15:29:01.994000", "region": "Near North Coast of Irian Jaya", "year": 2023, "month": 1}}, {"type": "Feature", "geometry": {"type": "Point", "coordinates": [122.97, -0.18]}, "properties": {"magnitude": 3.6, "mag_category": "Light", "depth": 100.0, "depth_category": "Intermediate", "date": "2023-01-18 00:00:00", "time": "05:32:02.115000", "region": "Minahassa Peninsula - Sulawesi", "year": 2023, "month": 1}}, {"type": "Feature", "geometry": {"type": "Point", "coordinates": [102.79, -4.93]}, "properties": {"magnitude": 4.0, "mag_category": "Moderate", "depth": 20.0, "depth_category": "Shallow", "date": "2023-01-01 00:00:00", "time": "04:09:31.458000", "region": "Southern Sumatra - Indonesia", "year": 2023, "month": 1}}, {"type": "Feature", "geometry": {"type": "Point", "coordinates": [130.44, -6.05]}, "properties": {"magnitude": 4.1, "mag_category": "Moderate", "depth": 173.0, "depth_category": "Intermediate", "date": "2023-01-07 00:00:00", "time": "12:44:28.288000", "region": "Banda Sea", "year": 2023, "month": 1}}, {"type": "Feature", "geometry": {"type": "Point", "coordinates": [133.43, -4.01]}, "properties": {"magnitude": 3.7, "mag_category": "Light", "depth": 10.0, "depth_category": "Shallow", "date": "2023-01-19 00:00:00", "time": "16:18:59.066000", "region": "Irian Jaya Region - Indonesia", "year": 2023, "month": 1}}, {"type": "Feature", "geometry": {"type": "Point", "coordinates": [97.0, 5.4]}, "properties": {"magnitude": 3.6, "mag_category": "Light", "depth": 10.0, "depth_category": "Shallow", "date": "2023-01-06 00:00:00", "time": "06:14:00.291000", "region": "Northern Sumatra - Indonesia", "year": 2023, "month": 1}}, {"type": "Feature", "geometry": {"type": "Point", "coordinates": [140.8, -2.37]}, "properties": {"magnitude": 2.7, "mag_category": "Minor", "depth": 10.0, "depth_category": "Shallow", "date": "2023-01-03 00:00:00", "time": "16:46:20.673000", "region": "Near North Coast of Irian Jaya", "year": 2023, "month": 1}}, {"type": "Feature", "geometry": {"type": "Point", "coordinates": [128.42, -2.04]}, "properties": {"magnitude": 3.9, "mag_category": "Light", "depth": 74.0, "depth_category": "Intermediate", "date": "2023-01-08 00:00:00", "time": "04:31:18.461000", "region": "Ceram Sea", "year": 2023, "month": 1}}, {"type": "Feature", "geometry": {"type": "Point", "coordinates": [98.95, 1.31]}, "properties": {"magnitude": 1.7, "mag_category": "Minor", "depth": 75.0, "depth_category": "Intermediate", "date": "2023-01-12 00:00:00", "time": "22:00:02.731000", "region": "Northern Sumatra - Indonesia", "year": 2023, "month": 1}}, {"type": "Feature", "geometry": {"type": "Point", "coordinates": [130.2, -5.97]}, "properties": {"magnitude": 4.0, "mag_category": "Moderate", "depth": 88.0, "depth_category": "Intermediate", "date": "2023-01-26 00:00:00", "time": "08:54:34.072000", "region": "Banda Sea", "year": 2023, "month": 1}}, {"type": "Feature", "geometry": {"type": "Point", "coordinates": [138.56, -2.53]}, "properties": {"magnitude": 5.0, "mag_category": "Strong", "depth": 53.0, "depth_category": "Shallow", "date": "2023-01-13 00:00:00", "time": "15:41:45.244000", "region": "Irian Jaya - Indonesia", "year": 2023, "month": 1}}]}